Fecha;"<10k€ - 0";"<10k€ - 1";"<10k€ - 2";"<10k€ - 3";"<10k€ - 4";"<10k€ - 5";"<10k€ - 6";"<10k€ - 7";"<10k€ - 8";"<10k€ - 9";"<10k€ - 10";"10-100k€ - 0";"10-100k€ - 1";"10-100k€ - 2";"10-100k€ - 3";"10-100k€ - 4";"10-100k€ - 5";"10-100k€ - 6";"10-100k€ - 7";"10-100k€ - 8";"10-100k€ - 9";"10-100k€ - 10";">100k€ - 0";">100k€ - 1";">100k€ - 2";">100k€ - 3";">100k€ - 4";">100k€ - 5";">100k€ - 6";">100k€ - 7";">100k€ - 8";">100k€ - 9";">100k€ - 10";"10-100k€ - 0 (ISR)";"10-100k€ - 1 (ISR)";"10-100k€ - 2 (ISR)";"10-100k€ - 3 (ISR)";"10-100k€ - 4 (ISR)";"10-100k€ - 5 (ISR)";"10-100k€ - 6 (ISR)";"10-100k€ - 7 (ISR)";"10-100k€ - 8 (ISR)";"10-100k€ - 9 (ISR)";"10-100k€ - 10 (ISR)"
2015-12-31;;;;;;;;;;;;;100,00;100,00;100,00;100,00;100,00;100,00;100,00;100,00;100,00;100,00;;;;;;;;;;;;;;;;;;;;;;
2016-01-01;;;;;;;;;;;;;100,00;100,00;100,00;100,00;100,00;100,00;100,00;100,00;100,00;100,00;;;;;;;;;;;;;;;;;;;;;;
2016-01-02;;;;;;;;;;;;;100,00;100,00;100,00;100,00;100,00;100,00;100,00;100,00;100,00;100,00;;;;;;;;;;;;;;;;;;;;;;
2016-01-03;;;;;;;;;;;;;100,00;100,00;100,00;100,00;100,00;100,00;100,00;100,00;100,00;100,00;;;;;;;;;;;;;;;;;;;;;;
2016-01-04;;;;;;;;;;;;;100,04;99,92;99,69;99,46;99,33;99,20;99,01;98,86;98,63;98,51;;;;;;;;;;;;;;;;;;;;;;
2016-01-05;;;;;;;;;;;;;100,24;100,16;99,98;99,81;99,73;99,65;99,51;99,41;99,22;99,15;;;;;;;;;;;;;;;;;;;;;;
2016-01-06;;;;;;;;;;;;;100,11;99,97;99,63;99,28;99,09;98,91;98,64;98,44;98,13;98,00;;;;;;;;;;;;;;;;;;;;;;
2016-01-07;;;;;;;;;;;;;99,43;99,19;98,57;97,92;97,58;97,23;96,72;96,37;95,88;95,64;;;;;;;;;;;;;;;;;;;;;;
2016-01-08;;;;;;;;;;;;;99,35;99,01;98,28;97,49;97,06;96,64;96,00;95,57;94,98;94,70;;;;;;;;;;;;;;;;;;;;;;
2016-01-09;;;;;;;;;;;;;99,35;99,01;98,28;97,49;97,06;96,63;95,99;95,57;94,98;94,70;;;;;;;;;;;;;;;;;;;;;;
2016-01-10;;;;;;;;;;;;;99,35;99,01;98,28;97,49;97,06;96,63;95,99;95,56;94,98;94,70;;;;;;;;;;;;;;;;;;;;;;
2016-01-11;;;;;;;;;;;;;99,28;98,95;98,15;97,33;96,89;96,46;95,80;95,35;94,69;94,37;;;;;;;;;;;;;;;;;;;;;;
2016-01-12;;;;;;;;;;;;;99,38;99,10;98,37;97,64;97,24;96,84;96,25;95,84;95,23;94,93;;;;;;;;;;;;;;;;;;;;;;
2016-01-13;;;;;;;;;;;;;99,13;98,83;98,07;97,25;96,78;96,31;95,62;95,17;94,59;94,31;;;;;;;;;;;;;;;;;;;;;;
2016-01-14;;;;;;;;;;;;;99,24;98,92;98,14;97,35;96,91;96,47;95,81;95,35;94,69;94,38;;;;;;;;;;;;;;;;;;;;;;
2016-01-15;;;;;;;;;;;;;98,89;98,43;97,36;96,25;95,62;95,00;94,07;93,44;92,56;92,14;;;;;;;;;;;;;;;;;;;;;;
2016-01-16;;;;;;;;;;;;;98,89;98,42;97,36;96,25;95,62;95,00;94,07;93,44;92,56;92,14;;;;;;;;;;;;;;;;;;;;;;
2016-01-17;;;;;;;;;;;;;98,89;98,42;97,36;96,25;95,62;95,00;94,06;93,44;92,55;92,14;;;;;;;;;;;;;;;;;;;;;;
2016-01-18;;;;;;;;;;;;;98,88;98,42;97,37;96,28;95,68;95,07;94,16;93,54;92,65;92,23;;;;;;;;;;;;;;;;;;;;;;
2016-01-19;;;;;;;;;;;;;98,87;98,45;97,50;96,49;95,92;95,34;94,48;93,91;93,11;92,73;;;;;;;;;;;;;;;;;;;;;;
2016-01-20;;;;;;;;;;;;;98,69;98,15;96,93;95,64;94,94;94,25;93,21;92,50;91,47;91,01;;;;;;;;;;;;;;;;;;;;;;
2016-01-21;;;;;;;;;;;;;99,07;98,60;97,47;96,32;95,65;94,99;94,00;93,33;92,35;91,88;;;;;;;;;;;;;;;;;;;;;;
2016-01-22;;;;;;;;;;;;;99,34;99,01;98,13;97,24;96,73;96,21;95,44;94,91;94,15;93,80;;;;;;;;;;;;;;;;;;;;;;
2016-01-23;;;;;;;;;;;;;99,34;99,01;98,13;97,24;96,73;96,21;95,44;94,91;94,15;93,80;;;;;;;;;;;;;;;;;;;;;;
2016-01-24;;;;;;;;;;;;;99,34;99,01;98,13;97,24;96,72;96,21;95,43;94,91;94,15;93,79;;;;;;;;;;;;;;;;;;;;;;
2016-01-25;;;;;;;;;;;;;99,17;98,79;97,87;96,89;96,33;95,77;94,94;94,38;93,62;93,27;;;;;;;;;;;;;;;;;;;;;;
2016-01-26;;;;;;;;;;;;;99,50;99,16;98,25;97,34;96,79;96,23;95,40;94,85;94,05;93,67;;;;;;;;;;;;;;;;;;;;;;
2016-01-27;;;;;;;;;;;;;99,35;99,01;98,11;97,16;96,59;96,02;95,17;94,61;93,86;93,51;;;;;;;;;;;;;;;;;;;;;;
2016-01-28;;;;;;;;;;;;;99,49;99,07;98,12;97,10;96,51;95,92;95,03;94,45;93,64;93,27;;;;;;;;;;;;;;;;;;;;;;
2016-01-29;;;;;;;;;;;;;100,34;100,02;99,36;98,66;98,23;97,80;97,15;96,71;96,07;95,80;;;;;;;;;;;;;;;;;;;;;;
2016-01-30;;;;;;;;;;;;;100,34;100,02;99,36;98,66;98,23;97,80;97,15;96,71;96,07;95,80;;;;;;;;;;;;;;;;;;;;;;
2016-01-31;;;;;;;;;;;;;100,34;100,02;99,36;98,66;98,23;97,80;97,15;96,70;96,07;95,80;;;;;;;;;;;;;;;;;;;;;;
2016-02-01;;;;;;;;;;;;;100,08;99,76;99,03;98,24;97,79;97,34;96,65;96,19;95,54;95,27;;;;;;;;;;;;;;;;;;;;;;
2016-02-02;;;;;;;;;;;;;99,81;99,40;98,47;97,43;96,87;96,30;95,45;94,88;94,08;93,75;;;;;;;;;;;;;;;;;;;;;;
2016-02-03;;;;;;;;;;;;;99,85;99,36;98,27;97,10;96,44;95,78;94,79;94,12;93,17;92,75;;;;;;;;;;;;;;;;;;;;;;
2016-02-04;;;;;;;;;;;;;99,60;99,10;98,05;96,89;96,24;95,59;94,62;93,97;93,08;92,70;;;;;;;;;;;;;;;;;;;;;;
2016-02-05;;;;;;;;;;;;;99,37;98,81;97,71;96,45;95,76;95,07;94,04;93,35;92,45;92,07;;;;;;;;;;;;;;;;;;;;;;
2016-02-06;;;;;;;;;;;;;99,36;98,81;97,71;96,45;95,76;95,07;94,04;93,35;92,45;92,07;;;;;;;;;;;;;;;;;;;;;;
2016-02-07;;;;;;;;;;;;;99,36;98,81;97,71;96,45;95,76;95,07;94,03;93,35;92,45;92,07;;;;;;;;;;;;;;;;;;;;;;
2016-02-08;;;;;;;;;;;;;99,14;98,46;97,15;95,62;94,85;94,07;92,91;92,13;91,08;90,67;;;;;;;;;;;;;;;;;;;;;;
2016-02-09;;;;;;;;;;;;;98,79;98,05;96,58;94,90;94,04;93,18;91,90;91,04;89,88;89,41;;;;;;;;;;;;;;;;;;;;;;
2016-02-10;;;;;;;;;;;;;98,95;98,29;96,95;95,40;94,60;93,81;92,61;91,81;90,75;90,32;;;;;;;;;;;;;;;;;;;;;;
2016-02-11;;;;;;;;;;;;;98,61;97,80;96,11;94,19;93,22;92,26;90,82;89,84;88,53;87,99;;;;;;;;;;;;;;;;;;;;;;
2016-02-12;;;;;;;;;;;;;98,61;97,80;96,11;94,19;93,22;92,26;90,81;89,84;88,52;87,99;;;;;;;;;;;;;;;;;;;;;;
2016-02-13;;;;;;;;;;;;;98,61;97,79;96,11;94,19;93,22;92,26;90,81;89,84;88,52;87,99;;;;;;;;;;;;;;;;;;;;;;
2016-02-14;;;;;;;;;;;;;98,84;98,17;96,70;95,08;94,23;93,39;92,12;91,26;90,06;89,56;;;;;;;;;;;;;;;;;;;;;;
2016-02-15;;;;;;;;;;;;;99,16;98,59;97,35;95,94;95,19;94,43;93,30;92,55;91,54;91,12;;;;;;;;;;;;;;;;;;;;;;
2016-02-16;;;;;;;;;;;;;99,25;98,70;97,51;96,15;95,46;94,77;93,73;93,02;92,02;91,63;;;;;;;;;;;;;;;;;;;;;;
2016-02-17;;;;;;;;;;;;;99,53;99,10;98,06;96,89;96,28;95,67;94,75;94,12;93,24;92,88;;;;;;;;;;;;;;;;;;;;;;
2016-02-18;;;;;;;;;;;;;99,80;99,34;98,35;97,21;96,60;96,00;95,09;94,47;93,62;93,29;;;;;;;;;;;;;;;;;;;;;;
2016-02-19;;;;;;;;;;;;;99,78;99,30;98,23;97,01;96,38;95,75;94,79;94,14;93,23;92,88;;;;;;;;;;;;;;;;;;;;;;
2016-02-20;;;;;;;;;;;;;99,78;99,29;98,23;97,01;96,38;95,75;94,79;94,14;93,23;92,88;;;;;;;;;;;;;;;;;;;;;;
2016-02-21;;;;;;;;;;;;;99,78;99,29;98,23;97,01;96,38;95,75;94,79;94,14;93,23;92,88;;;;;;;;;;;;;;;;;;;;;;
2016-02-22;;;;;;;;;;;;;100,27;99,86;98,98;97,97;97,43;96,90;96,08;95,51;94,70;94,40;;;;;;;;;;;;;;;;;;;;;;
2016-02-23;;;;;;;;;;;;;100,08;99,61;98,63;97,50;96,91;96,32;95,42;94,80;93,93;93,60;;;;;;;;;;;;;;;;;;;;;;
2016-02-24;;;;;;;;;;;;;100,19;99,64;98,54;97,29;96,66;96,03;95,06;94,38;93,37;93,01;;;;;;;;;;;;;;;;;;;;;;
2016-02-25;;;;;;;;;;;;;100,34;99,89;98,86;97,70;97,11;96,53;95,62;94,99;94,04;93,69;;;;;;;;;;;;;;;;;;;;;;
2016-02-26;;;;;;;;;;;;;100,49;100,10;99,20;98,17;97,65;97,12;96,32;95,75;94,91;94,62;;;;;;;;;;;;;;;;;;;;;;
2016-02-27;;;;;;;;;;;;;100,49;100,10;99,20;98,17;97,65;97,12;96,31;95,75;94,91;94,61;;;;;;;;;;;;;;;;;;;;;;
2016-02-28;;;;;;;;;;;;;100,49;100,10;99,19;98,17;97,64;97,12;96,31;95,75;94,91;94,61;;;;;;;;;;;;;;;;;;;;;;
2016-02-29;;;;;;;;;;;;;100,63;100,27;99,37;98,34;97,80;97,27;96,46;95,89;95,08;94,81;;;;;;;;;;;;;;;;;;;;;;
2016-03-01;;;;;;;;;;;;;100,86;100,59;99,87;99,03;98,62;98,22;97,59;97,14;96,45;96,24;;;;;;;;;;;;;;;;;;;;;;
2016-03-02;;;;;;;;;;;;;100,88;100,65;100,06;99,31;99,00;98,68;98,19;97,83;97,28;97,15;;;;;;;;;;;;;;;;;;;;;;
2016-03-03;;;;;;;;;;;;;100,93;100,64;100,08;99,38;99,05;98,72;98,21;97,83;97,29;97,14;;;;;;;;;;;;;;;;;;;;;;
2016-03-04;;;;;;;;;;;;;100,77;100,50;100,00;99,33;99,03;98,72;98,24;97,90;97,42;97,30;;;;;;;;;;;;;;;;;;;;;;
2016-03-05;;;;;;;;;;;;;100,77;100,50;100,00;99,33;99,02;98,72;98,24;97,89;97,42;97,30;;;;;;;;;;;;;;;;;;;;;;
2016-03-06;;;;;;;;;;;;;100,76;100,50;100,00;99,33;99,02;98,72;98,24;97,89;97,42;97,30;;;;;;;;;;;;;;;;;;;;;;
2016-03-07;;;;;;;;;;;;;100,90;100,61;100,15;99,51;99,22;98,93;98,48;98,14;97,68;97,57;;;;;;;;;;;;;;;;;;;;;;
2016-03-08;;;;;;;;;;;;;100,79;100,44;99,82;99,02;98,63;98,24;97,63;97,21;96,63;96,47;;;;;;;;;;;;;;;;;;;;;;
2016-03-09;;;;;;;;;;;;;100,74;100,43;99,89;99,19;98,85;98,50;97,97;97,59;97,06;96,91;;;;;;;;;;;;;;;;;;;;;;
2016-03-10;;;;;;;;;;;;;100,38;100,00;99,35;98,52;98,13;97,73;97,12;96,69;96,09;95,92;;;;;;;;;;;;;;;;;;;;;;
2016-03-11;;;;;;;;;;;;;100,96;100,67;100,16;99,50;99,18;98,86;98,35;97,99;97,50;97,36;;;;;;;;;;;;;;;;;;;;;;
2016-03-12;;;;;;;;;;;;;100,96;100,67;100,16;99,50;99,18;98,86;98,35;97,99;97,50;97,36;;;;;;;;;;;;;;;;;;;;;;
2016-03-13;;;;;;;;;;;;;100,95;100,67;100,16;99,50;99,18;98,85;98,35;97,99;97,50;97,36;;;;;;;;;;;;;;;;;;;;;;
2016-03-14;;;;;;;;;;;;;101,07;100,82;100,33;99,67;99,37;99,07;98,61;98,28;97,84;97,74;;;;;;;;;;;;;;;;;;;;;;
2016-03-15;;;;;;;;;;;;;100,81;100,55;99,95;99,18;98,85;98,52;98,00;97,63;97,11;96,97;;;;;;;;;;;;;;;;;;;;;;
2016-03-16;;;;;;;;;;;;;101,04;100,77;100,22;99,50;99,19;98,89;98,40;98,05;97,53;97,39;;;;;;;;;;;;;;;;;;;;;;
2016-03-17;;;;;;;;;;;;;101,12;100,80;100,25;99,51;99,16;98,81;98,27;97,88;97,37;97,24;;;;;;;;;;;;;;;;;;;;;;
2016-03-18;;;;;;;;;;;;;101,31;101,00;100,53;99,87;99,57;99,26;98,78;98,43;97,98;97,89;;;;;;;;;;;;;;;;;;;;;;
2016-03-19;;;;;;;;;;;;;101,31;101,00;100,53;99,87;99,56;99,26;98,78;98,43;97,98;97,88;;;;;;;;;;;;;;;;;;;;;;
2016-03-20;;;;;;;;;;;;;101,30;101,00;100,53;99,87;99,56;99,26;98,77;98,43;97,98;97,88;;;;;;;;;;;;;;;;;;;;;;
2016-03-21;;;;;;;;;;;;;101,35;101,05;100,60;99,93;99,65;99,36;98,90;98,57;98,13;98,06;;;;;;;;;;;;;;;;;;;;;;
2016-03-22;;;;;;;;;;;;;101,41;101,10;100,67;100,01;99,74;99,46;99,02;98,70;98,26;98,20;;;;;;;;;;;;;;;;;;;;;;
2016-03-23;;;;;;;;;;;;;101,38;101,07;100,59;99,90;99,61;99,32;98,85;98,52;98,06;97,98;;;;;;;;;;;;;;;;;;;;;;
2016-03-24;;;;;;;;;;;;;101,44;101,07;100,51;99,73;99,41;99,08;98,56;98,18;97,63;97,51;;;;;;;;;;;;;;;;;;;;;;
2016-03-25;;;;;;;;;;;;;101,44;101,07;100,51;99,73;99,41;99,08;98,56;98,18;97,63;97,51;;;;;;;;;;;;;;;;;;;;;;
2016-03-26;;;;;;;;;;;;;101,44;101,07;100,50;99,73;99,41;99,08;98,56;98,18;97,62;97,50;;;;;;;;;;;;;;;;;;;;;;
2016-03-27;;;;;;;;;;;;;101,44;101,06;100,50;99,73;99,41;99,08;98,56;98,17;97,62;97,50;;;;;;;;;;;;;;;;;;;;;;
2016-03-28;;;;;;;;;;;;;101,37;101,00;100,40;99,57;99,23;98,88;98,33;97,92;97,35;97,22;;;;;;;;;;;;;;;;;;;;;;
2016-03-29;;;;;;;;;;;;;101,73;101,38;100,83;100,08;99,76;99,44;98,92;98,54;97,97;97,85;;;;;;;;;;;;;;;;;;;;;;
2016-03-30;;;;;;;;;;;;;101,58;101,26;100,77;100,07;99,75;99,43;98,92;98,56;98,09;98,00;;;;;;;;;;;;;;;;;;;;;;
2016-03-31;;;;;;;;;;;;;101,50;101,14;100,59;99,81;99,46;99,11;98,56;98,17;97,65;97,56;;;;;;;;;;;;;;;;;;;;;;
2016-04-01;;;;;;;;;;;;;101,73;101,33;100,73;99,91;99,56;99,20;98,64;98,22;97,61;97,48;;;;;;;;;;;;;;;;;;;;;;
2016-04-02;;;;;;;;;;;;;101,73;101,33;100,73;99,90;99,55;99,20;98,64;98,22;97,61;97,48;;;;;;;;;;;;;;;;;;;;;;
2016-04-03;;;;;;;;;;;;;101,73;101,33;100,72;99,90;99,55;99,20;98,64;98,22;97,61;97,47;;;;;;;;;;;;;;;;;;;;;;
2016-04-04;;;;;;;;;;;;;101,71;101,31;100,69;99,84;99,47;99,10;98,51;98,09;97,48;97,34;;;;;;;;;;;;;;;;;;;;;;
2016-04-05;;;;;;;;;;;;;101,68;101,19;100,39;99,37;98,92;98,46;97,75;97,23;96,49;96,28;;;;;;;;;;;;;;;;;;;;;;
2016-04-06;;;;;;;;;;;;;101,77;101,32;100,57;99,63;99,22;98,80;98,14;97,66;96,93;96,71;;;;;;;;;;;;;;;;;;;;;;
2016-04-07;;;;;;;;;;;;;101,55;101,07;100,24;99,18;98,73;98,27;97,56;97,05;96,31;96,09;;;;;;;;;;;;;;;;;;;;;;
2016-04-08;;;;;;;;;;;;;101,60;101,16;100,41;99,45;99,02;98,58;97,91;97,42;96,75;96,55;;;;;;;;;;;;;;;;;;;;;;
2016-04-09;;;;;;;;;;;;;101,60;101,16;100,41;99,45;99,02;98,58;97,91;97,42;96,75;96,55;;;;;;;;;;;;;;;;;;;;;;
2016-04-10;;;;;;;;;;;;;101,60;101,16;100,41;99,45;99,02;98,58;97,90;97,42;96,75;96,55;;;;;;;;;;;;;;;;;;;;;;
2016-04-11;;;;;;;;;;;;;101,41;100,99;100,26;99,29;98,86;98,44;97,77;97,31;96,68;96,51;;;;;;;;;;;;;;;;;;;;;;
2016-04-12;;;;;;;;;;;;;101,46;101,10;100,49;99,63;99,30;98,96;98,43;98,05;97,51;97,40;;;;;;;;;;;;;;;;;;;;;;
2016-04-13;;;;;;;;;;;;;101,84;101,58;101,21;100,61;100,39;100,17;99,81;99,54;99,18;99,15;;;;;;;;;;;;;;;;;;;;;;
2016-04-14;;;;;;;;;;;;;101,78;101,55;101,20;100,61;100,42;100,22;99,90;99,65;99,33;99,32;;;;;;;;;;;;;;;;;;;;;;
2016-04-15;;;;;;;;;;;;;101,78;101,55;101,20;100,61;100,42;100,22;99,90;99,65;99,33;99,32;;;;;;;;;;;;;;;;;;;;;;
2016-04-16;;;;;;;;;;;;;101,78;101,55;101,20;100,61;100,42;100,22;99,89;99,65;99,32;99,32;;;;;;;;;;;;;;;;;;;;;;
2016-04-17;;;;;;;;;;;;;101,84;101,58;101,19;100,56;100,34;100,11;99,75;99,48;99,13;99,11;;;;;;;;;;;;;;;;;;;;;;
2016-04-18;;;;;;;;;;;;;101,83;101,60;101,22;100,61;100,40;100,18;99,83;99,57;99,21;99,18;;;;;;;;;;;;;;;;;;;;;;
2016-04-19;;;;;;;;;;;;;101,71;101,54;101,23;100,70;100,52;100,34;100,06;99,85;99,60;99,61;;;;;;;;;;;;;;;;;;;;;;
2016-04-20;;;;;;;;;;;;;101,88;101,73;101,43;100,92;100,75;100,58;100,31;100,11;99,87;99,88;;;;;;;;;;;;;;;;;;;;;;
2016-04-21;;;;;;;;;;;;;101,87;101,72;101,41;100,88;100,72;100,55;100,27;100,06;99,81;99,81;;;;;;;;;;;;;;;;;;;;;;
2016-04-22;;;;;;;;;;;;;101,64;101,49;101,19;100,66;100,53;100,40;100,19;100,02;99,80;99,84;;;;;;;;;;;;;;;;;;;;;;
2016-04-23;;;;;;;;;;;;;101,63;101,49;101,19;100,66;100,53;100,40;100,19;100,02;99,80;99,83;;;;;;;;;;;;;;;;;;;;;;
2016-04-24;;;;;;;;;;;;;101,63;101,49;101,19;100,66;100,53;100,40;100,19;100,02;99,80;99,83;;;;;;;;;;;;;;;;;;;;;;
2016-04-25;;;;;;;;;;;;;101,46;101,29;100,92;100,32;100,17;100,01;99,76;99,56;99,30;99,30;;;;;;;;;;;;;;;;;;;;;;
2016-04-26;;;;;;;;;;;;;101,33;101,18;100,83;100,25;100,11;99,96;99,71;99,53;99,29;99,30;;;;;;;;;;;;;;;;;;;;;;
2016-04-27;;;;;;;;;;;;;101,36;101,22;100,88;100,33;100,19;100,05;99,82;99,65;99,42;99,44;;;;;;;;;;;;;;;;;;;;;;
2016-04-28;;;;;;;;;;;;;101,38;101,22;100,87;100,29;100,12;99,95;99,67;99,47;99,25;99,25;;;;;;;;;;;;;;;;;;;;;;
2016-04-29;;;;;;;;;;;;;101,04;100,77;100,27;99,52;99,25;98,98;98,56;98,27;97,91;97,84;;;;;;;;;;;;;;;;;;;;;;
2016-04-30;;;;;;;;;;;;;101,04;100,77;100,27;99,52;99,25;98,98;98,56;98,27;97,91;97,84;;;;;;;;;;;;;;;;;;;;;;
2016-05-01;;;;;;;;;;;;;101,03;100,77;100,26;99,52;99,25;98,98;98,56;98,27;97,91;97,84;;;;;;;;;;;;;;;;;;;;;;
2016-05-02;;;;;;;;;;;;;101,16;100,89;100,35;99,60;99,31;99,02;98,56;98,25;97,83;97,73;;;;;;;;;;;;;;;;;;;;;;
2016-05-03;;;;;;;;;;;;;101,31;100,95;100,23;99,30;98,91;98,52;97,91;97,49;96,91;96,73;;;;;;;;;;;;;;;;;;;;;;
2016-05-04;;;;;;;;;;;;;101,20;100,80;100,01;99,01;98,59;98,17;97,51;97,05;96,41;96,20;;;;;;;;;;;;;;;;;;;;;;
2016-05-05;;;;;;;;;;;;;101,37;100,97;100,20;99,23;98,83;98,44;97,82;97,37;96,74;96,53;;;;;;;;;;;;;;;;;;;;;;
2016-05-06;;;;;;;;;;;;;101,48;101,08;100,29;99,31;98,90;98,48;97,84;97,38;96,71;96,48;;;;;;;;;;;;;;;;;;;;;;
2016-05-07;;;;;;;;;;;;;101,48;101,08;100,29;99,31;98,90;98,48;97,84;97,38;96,71;96,48;;;;;;;;;;;;;;;;;;;;;;
2016-05-08;;;;;;;;;;;;;101,48;101,08;100,29;99,31;98,89;98,48;97,84;97,38;96,71;96,48;;;;;;;;;;;;;;;;;;;;;;
2016-05-09;;;;;;;;;;;;;101,61;101,22;100,43;99,48;99,07;98,66;98,01;97,56;96,89;96,64;;;;;;;;;;;;;;;;;;;;;;
2016-05-10;;;;;;;;;;;;;101,61;101,26;100,50;99,59;99,19;98,78;98,16;97,72;97,08;96,85;;;;;;;;;;;;;;;;;;;;;;
2016-05-11;;;;;;;;;;;;;101,63;101,25;100,52;99,62;99,22;98,82;98,20;97,76;97,13;96,90;;;;;;;;;;;;;;;;;;;;;;
2016-05-12;;;;;;;;;;;;;101,52;101,14;100,42;99,52;99,14;98,76;98,16;97,72;97,10;96,88;;;;;;;;;;;;;;;;;;;;;;
2016-05-13;;;;;;;;;;;;;101,54;101,18;100,47;99,61;99,23;98,86;98,27;97,84;97,24;97,02;;;;;;;;;;;;;;;;;;;;;;
2016-05-14;;;;;;;;;;;;;101,54;101,18;100,47;99,61;99,23;98,86;98,27;97,84;97,23;97,02;;;;;;;;;;;;;;;;;;;;;;
2016-05-15;;;;;;;;;;;;;101,54;101,18;100,47;99,61;99,23;98,85;98,26;97,84;97,23;97,02;;;;;;;;;;;;;;;;;;;;;;
2016-05-16;;;;;;;;;;;;;101,70;101,34;100,64;99,80;99,43;99,06;98,48;98,05;97,42;97,18;;;;;;;;;;;;;;;;;;;;;;
2016-05-17;;;;;;;;;;;;;101,66;101,28;100,58;99,72;99,33;98,93;98,31;97,88;97,25;97,02;;;;;;;;;;;;;;;;;;;;;;
2016-05-18;;;;;;;;;;;;;101,56;101,23;100,56;99,75;99,39;99,02;98,44;98,04;97,44;97,22;;;;;;;;;;;;;;;;;;;;;;
2016-05-19;;;;;;;;;;;;;101,57;101,21;100,48;99,62;99,23;98,85;98,24;97,80;97,13;96,88;;;;;;;;;;;;;;;;;;;;;;
2016-05-20;;;;;;;;;;;;;101,57;101,26;100,56;99,76;99,38;99,01;98,42;98,01;97,39;97,14;;;;;;;;;;;;;;;;;;;;;;
2016-05-21;;;;;;;;;;;;;101,57;101,26;100,56;99,75;99,38;99,01;98,42;98,00;97,38;97,14;;;;;;;;;;;;;;;;;;;;;;
2016-05-22;;;;;;;;;;;;;101,57;101,26;100,56;99,75;99,38;99,00;98,42;98,00;97,38;97,14;;;;;;;;;;;;;;;;;;;;;;
2016-05-23;;;;;;;;;;;;;101,62;101,30;100,65;99,89;99,54;99,20;98,65;98,25;97,66;97,44;;;;;;;;;;;;;;;;;;;;;;
2016-05-24;;;;;;;;;;;;;101,95;101,73;101,21;100,62;100,35;100,07;99,63;99,30;98,78;98,58;;;;;;;;;;;;;;;;;;;;;;
2016-05-25;;;;;;;;;;;;;102,28;102,10;101,71;101,26;101,04;100,81;100,45;100,18;99,76;99,60;;;;;;;;;;;;;;;;;;;;;;
2016-05-26;;;;;;;;;;;;;102,24;102,07;101,67;101,19;100,96;100,73;100,36;100,09;99,67;99,52;;;;;;;;;;;;;;;;;;;;;;
2016-05-27;;;;;;;;;;;;;102,21;102,06;101,65;101,17;100,94;100,71;100,34;100,07;99,67;99,53;;;;;;;;;;;;;;;;;;;;;;
2016-05-28;;;;;;;;;;;;;102,21;102,05;101,65;101,17;100,94;100,71;100,34;100,07;99,67;99,53;;;;;;;;;;;;;;;;;;;;;;
2016-05-29;;;;;;;;;;;;;102,21;102,05;101,65;101,17;100,94;100,71;100,34;100,07;99,66;99,52;;;;;;;;;;;;;;;;;;;;;;
2016-05-30;;;;;;;;;;;;;102,26;102,12;101,79;101,37;101,20;101,02;100,73;100,50;100,14;100,03;;;;;;;;;;;;;;;;;;;;;;
2016-05-31;;;;;;;;;;;;;102,33;102,16;101,80;101,36;101,17;100,97;100,66;100,42;100,02;99,90;;;;;;;;;;;;;;;;;;;;;;
2016-06-01;;;;;;;;;;;;;102,33;102,12;101,68;101,15;100,93;100,71;100,35;100,07;99,62;99,49;;;;;;;;;;;;;;;;;;;;;;
2016-06-02;;;;;;;;;;;;;102,43;102,22;101,82;101,31;101,11;100,91;100,58;100,31;99,88;99,76;;;;;;;;;;;;;;;;;;;;;;
2016-06-03;;;;;;;;;;;;;102,47;102,21;101,80;101,28;101,07;100,86;100,50;100,22;99,75;99,61;;;;;;;;;;;;;;;;;;;;;;
2016-06-04;;;;;;;;;;;;;102,46;102,21;101,80;101,27;101,07;100,86;100,50;100,22;99,75;99,61;;;;;;;;;;;;;;;;;;;;;;
2016-06-05;;;;;;;;;;;;;102,46;102,21;101,79;101,27;101,07;100,86;100,50;100,22;99,75;99,61;;;;;;;;;;;;;;;;;;;;;;
2016-06-06;;;;;;;;;;;;;102,33;102,09;101,59;100,95;100,69;100,42;100,00;99,68;99,22;99,08;;;;;;;;;;;;;;;;;;;;;;
2016-06-07;;;;;;;;;;;;;102,33;102,13;101,67;101,08;100,83;100,57;100,17;99,88;99,46;99,34;;;;;;;;;;;;;;;;;;;;;;
2016-06-08;;;;;;;;;;;;;102,59;102,36;101,97;101,42;101,19;100,96;100,59;100,32;99,93;99,85;;;;;;;;;;;;;;;;;;;;;;
2016-06-09;;;;;;;;;;;;;102,79;102,52;102,10;101,51;101,28;101,03;100,64;100,34;99,90;99,81;;;;;;;;;;;;;;;;;;;;;;
2016-06-10;;;;;;;;;;;;;102,70;102,34;101,76;100,99;100,67;100,35;99,84;99,45;98,85;98,71;;;;;;;;;;;;;;;;;;;;;;
2016-06-11;;;;;;;;;;;;;102,70;102,34;101,76;100,98;100,67;100,35;99,84;99,45;98,85;98,70;;;;;;;;;;;;;;;;;;;;;;
2016-06-12;;;;;;;;;;;;;102,70;102,34;101,76;100,98;100,67;100,35;99,84;99,44;98,85;98,70;;;;;;;;;;;;;;;;;;;;;;
2016-06-13;;;;;;;;;;;;;102,38;101,95;101,22;100,29;99,91;99,54;98,94;98,48;97,78;97,58;;;;;;;;;;;;;;;;;;;;;;
2016-06-14;;;;;;;;;;;;;102,49;102,00;101,21;100,21;99,84;99,47;98,85;98,37;97,59;97,37;;;;;;;;;;;;;;;;;;;;;;
2016-06-15;;;;;;;;;;;;;102,48;102,01;101,27;100,30;99,93;99,56;98,95;98,49;97,76;97,56;;;;;;;;;;;;;;;;;;;;;;
2016-06-16;;;;;;;;;;;;;102,60;102,13;101,37;100,41;100,06;99,72;99,14;98,68;97,92;97,72;;;;;;;;;;;;;;;;;;;;;;
2016-06-17;;;;;;;;;;;;;102,61;102,19;101,48;100,57;100,24;99,90;99,35;98,92;98,21;98,02;;;;;;;;;;;;;;;;;;;;;;
2016-06-18;;;;;;;;;;;;;102,61;102,19;101,48;100,57;100,24;99,90;99,35;98,92;98,21;98,02;;;;;;;;;;;;;;;;;;;;;;
2016-06-19;;;;;;;;;;;;;102,61;102,19;101,48;100,57;100,24;99,90;99,35;98,92;98,21;98,02;;;;;;;;;;;;;;;;;;;;;;
2016-06-20;;;;;;;;;;;;;102,39;102,09;101,52;100,77;100,45;100,12;99,61;99,24;98,71;98,57;;;;;;;;;;;;;;;;;;;;;;
2016-06-21;;;;;;;;;;;;;102,52;102,26;101,78;101,10;100,84;100,57;100,14;99,82;99,35;99,26;;;;;;;;;;;;;;;;;;;;;;
2016-06-22;;;;;;;;;;;;;102,46;102,20;101,73;101,07;100,81;100,54;100,12;99,80;99,36;99,28;;;;;;;;;;;;;;;;;;;;;;
2016-06-23;;;;;;;;;;;;;102,56;102,37;102,00;101,46;101,24;101,02;100,67;100,41;100,05;99,99;;;;;;;;;;;;;;;;;;;;;;
2016-06-24;;;;;;;;;;;;;102,41;101,95;101,22;100,24;99,87;99,48;98,87;98,40;97,69;97,52;;;;;;;;;;;;;;;;;;;;;;
2016-06-25;;;;;;;;;;;;;102,41;101,95;101,22;100,24;99,87;99,48;98,86;98,40;97,69;97,52;;;;;;;;;;;;;;;;;;;;;;
2016-06-26;;;;;;;;;;;;;102,40;101,95;101,22;100,24;99,86;99,48;98,86;98,39;97,68;97,52;;;;;;;;;;;;;;;;;;;;;;
2016-06-27;;;;;;;;;;;;;102,58;101,94;101,08;99,91;99,45;98,98;98,21;97,63;96,72;96,52;;;;;;;;;;;;;;;;;;;;;;
2016-06-28;;;;;;;;;;;;;102,99;102,43;101,73;100,78;100,37;99,95;99,26;98,73;97,92;97,73;;;;;;;;;;;;;;;;;;;;;;
2016-06-29;;;;;;;;;;;;;103,35;102,91;102,40;101,67;101,34;101,01;100,46;100,04;99,39;99,26;;;;;;;;;;;;;;;;;;;;;;
2016-06-30;;;;;;;;;;;;;103,67;103,28;102,90;102,31;102,05;101,78;101,33;100,97;100,41;100,32;;;;;;;;;;;;;;;;;;;;;;
2016-07-01;;;;;;;;;;;;;103,70;103,32;102,98;102,43;102,18;101,92;101,49;101,14;100,60;100,52;;;;;;;;;;;;;;;;;;;;;;
2016-07-02;;;;;;;;;;;;;103,70;103,32;102,97;102,43;102,18;101,92;101,48;101,14;100,60;100,51;;;;;;;;;;;;;;;;;;;;;;
2016-07-03;;;;;;;;;;;;;103,70;103,32;102,97;102,43;102,18;101,92;101,48;101,14;100,60;100,51;;;;;;;;;;;;;;;;;;;;;;
2016-07-04;;;;;;;;;;;;;103,86;103,46;103,06;102,42;102,17;101,91;101,47;101,11;100,57;100,50;;;;;;;;;;;;;;;;;;;;;;
2016-07-05;;;;;;;;;;;;;103,91;103,45;102,92;102,13;101,81;101,49;100,95;100,52;99,85;99,74;;;;;;;;;;;;;;;;;;;;;;
2016-07-06;;;;;;;;;;;;;104,06;103,54;102,92;102,07;101,73;101,39;100,81;100,34;99,55;99,40;;;;;;;;;;;;;;;;;;;;;;
2016-07-07;;;;;;;;;;;;;103,96;103,49;102,95;102,15;101,85;101,54;101,02;100,60;99,90;99,79;;;;;;;;;;;;;;;;;;;;;;
2016-07-08;;;;;;;;;;;;;104,43;104,03;103,60;102,96;102,73;102,49;102,07;101,70;101,07;100,98;;;;;;;;;;;;;;;;;;;;;;
2016-07-09;;;;;;;;;;;;;104,43;104,02;103,60;102,96;102,73;102,49;102,07;101,70;101,07;100,97;;;;;;;;;;;;;;;;;;;;;;
2016-07-10;;;;;;;;;;;;;104,43;104,02;103,60;102,96;102,73;102,49;102,06;101,70;101,06;100,97;;;;;;;;;;;;;;;;;;;;;;
2016-07-11;;;;;;;;;;;;;104,43;104,10;103,80;103,26;103,09;102,93;102,61;102,33;101,84;101,84;;;;;;;;;;;;;;;;;;;;;;
2016-07-12;;;;;;;;;;;;;104,35;104,07;103,86;103,41;103,31;103,20;102,97;102,76;102,36;102,39;;;;;;;;;;;;;;;;;;;;;;
2016-07-13;;;;;;;;;;;;;104,53;104,22;103,97;103,47;103,34;103,21;102,95;102,71;102,30;102,31;;;;;;;;;;;;;;;;;;;;;;
2016-07-14;;;;;;;;;;;;;104,50;104,23;104,07;103,68;103,61;103,54;103,37;103,19;102,87;102,92;;;;;;;;;;;;;;;;;;;;;;
2016-07-15;;;;;;;;;;;;;104,50;104,23;104,06;103,66;103,59;103,51;103,35;103,16;102,84;102,89;;;;;;;;;;;;;;;;;;;;;;
2016-07-16;;;;;;;;;;;;;104,50;104,22;104,06;103,66;103,59;103,51;103,34;103,16;102,84;102,89;;;;;;;;;;;;;;;;;;;;;;
2016-07-17;;;;;;;;;;;;;104,49;104,22;104,06;103,66;103,59;103,51;103,34;103,16;102,83;102,89;;;;;;;;;;;;;;;;;;;;;;
2016-07-18;;;;;;;;;;;;;104,52;104,26;104,14;103,78;103,76;103,73;103,63;103,49;103,23;103,31;;;;;;;;;;;;;;;;;;;;;;
2016-07-19;;;;;;;;;;;;;104,57;104,30;104,20;103,84;103,82;103,81;103,72;103,58;103,30;103,39;;;;;;;;;;;;;;;;;;;;;;
2016-07-20;;;;;;;;;;;;;104,63;104,41;104,36;104,06;104,08;104,10;104,06;103,96;103,74;103,85;;;;;;;;;;;;;;;;;;;;;;
2016-07-21;;;;;;;;;;;;;104,57;104,35;104,29;103,99;104,00;104,01;103,97;103,87;103,65;103,77;;;;;;;;;;;;;;;;;;;;;;
2016-07-22;;;;;;;;;;;;;104,57;104,35;104,29;103,99;104,00;104,01;103,97;103,87;103,65;103,76;;;;;;;;;;;;;;;;;;;;;;
2016-07-23;;;;;;;;;;;;;104,57;104,34;104,29;103,99;104,00;104,01;103,97;103,87;103,65;103,76;;;;;;;;;;;;;;;;;;;;;;
2016-07-24;;;;;;;;;;;;;104,57;104,34;104,29;103,98;104,00;104,01;103,97;103,87;103,65;103,76;;;;;;;;;;;;;;;;;;;;;;
2016-07-25;;;;;;;;;;;;;104,81;104,58;104,53;104,23;104,24;104,25;104,20;104,10;103,86;103,96;;;;;;;;;;;;;;;;;;;;;;
2016-07-26;;;;;;;;;;;;;104,78;104,55;104,51;104,24;104,26;104,27;104,23;104,13;103,90;104,01;;;;;;;;;;;;;;;;;;;;;;
2016-07-27;;;;;;;;;;;;;105,01;104,77;104,76;104,50;104,50;104,50;104,44;104,33;104,12;104,22;;;;;;;;;;;;;;;;;;;;;;
2016-07-28;;;;;;;;;;;;;104,95;104,66;104,56;104,23;104,18;104,13;104,00;103,84;103,55;103,61;;;;;;;;;;;;;;;;;;;;;;
2016-07-29;;;;;;;;;;;;;105,01;104,73;104,58;104,21;104,11;104,01;103,80;103,61;103,28;103,31;;;;;;;;;;;;;;;;;;;;;;
2016-07-30;;;;;;;;;;;;;105,01;104,72;104,58;104,21;104,11;104,01;103,80;103,60;103,28;103,30;;;;;;;;;;;;;;;;;;;;;;
2016-07-31;;;;;;;;;;;;;105,01;104,72;104,58;104,21;104,11;104,01;103,80;103,60;103,28;103,30;;;;;;;;;;;;;;;;;;;;;;
2016-08-01;;;;;;;;;;;;;104,99;104,71;104,56;104,17;104,08;103,97;103,77;103,57;103,24;103,27;;;;;;;;;;;;;;;;;;;;;;
2016-08-02;;;;;;;;;;;;;104,52;104,17;103,94;103,42;103,29;103,16;102,91;102,67;102,30;102,33;;;;;;;;;;;;;;;;;;;;;;
2016-08-03;;;;;;;;;;;;;104,62;104,28;104,05;103,56;103,45;103,33;103,10;102,87;102,49;102,50;;;;;;;;;;;;;;;;;;;;;;
2016-08-04;;;;;;;;;;;;;104,96;104,64;104,47;104,04;103,95;103,85;103,65;103,45;103,11;103,15;;;;;;;;;;;;;;;;;;;;;;
2016-08-05;;;;;;;;;;;;;105,10;104,83;104,82;104,56;104,57;104,58;104,52;104,41;104,20;104,31;;;;;;;;;;;;;;;;;;;;;;
2016-08-06;;;;;;;;;;;;;105,10;104,83;104,82;104,56;104,57;104,57;104,52;104,41;104,20;104,31;;;;;;;;;;;;;;;;;;;;;;
2016-08-07;;;;;;;;;;;;;105,10;104,83;104,82;104,56;104,57;104,57;104,52;104,41;104,19;104,31;;;;;;;;;;;;;;;;;;;;;;
2016-08-08;;;;;;;;;;;;;105,15;104,87;104,91;104,68;104,70;104,72;104,69;104,60;104,43;104,57;;;;;;;;;;;;;;;;;;;;;;
2016-08-09;;;;;;;;;;;;;105,23;104,98;105,03;104,82;104,84;104,86;104,83;104,74;104,60;104,74;;;;;;;;;;;;;;;;;;;;;;
2016-08-10;;;;;;;;;;;;;105,29;105,01;105,03;104,76;104,74;104,72;104,63;104,52;104,35;104,47;;;;;;;;;;;;;;;;;;;;;;
2016-08-11;;;;;;;;;;;;;105,31;105,07;105,15;104,96;104,97;104,98;104,94;104,86;104,75;104,90;;;;;;;;;;;;;;;;;;;;;;
2016-08-12;;;;;;;;;;;;;105,33;105,09;105,18;105,00;105,01;105,02;104,98;104,90;104,79;104,93;;;;;;;;;;;;;;;;;;;;;;
2016-08-13;;;;;;;;;;;;;105,33;105,09;105,17;105,00;105,01;105,02;104,98;104,90;104,79;104,93;;;;;;;;;;;;;;;;;;;;;;
2016-08-14;;;;;;;;;;;;;105,33;105,09;105,17;104,99;105,01;105,01;104,98;104,90;104,79;104,93;;;;;;;;;;;;;;;;;;;;;;
2016-08-15;;;;;;;;;;;;;105,23;104,99;105,11;104,95;104,99;105,03;105,02;104,97;104,89;105,06;;;;;;;;;;;;;;;;;;;;;;
2016-08-16;;;;;;;;;;;;;104,87;104,60;104,64;104,37;104,37;104,37;104,32;104,23;104,12;104,27;;;;;;;;;;;;;;;;;;;;;;
2016-08-17;;;;;;;;;;;;;104,95;104,64;104,62;104,30;104,27;104,24;104,14;104,01;103,83;103,94;;;;;;;;;;;;;;;;;;;;;;
2016-08-18;;;;;;;;;;;;;105,06;104,77;104,76;104,46;104,42;104,38;104,27;104,14;103,98;104,11;;;;;;;;;;;;;;;;;;;;;;
2016-08-19;;;;;;;;;;;;;104,87;104,56;104,50;104,14;104,10;104,04;103,91;103,77;103,57;103,68;;;;;;;;;;;;;;;;;;;;;;
2016-08-20;;;;;;;;;;;;;104,87;104,56;104,50;104,14;104,09;104,04;103,91;103,77;103,57;103,68;;;;;;;;;;;;;;;;;;;;;;
2016-08-21;;;;;;;;;;;;;104,87;104,56;104,50;104,14;104,09;104,04;103,91;103,77;103,57;103,68;;;;;;;;;;;;;;;;;;;;;;
2016-08-22;;;;;;;;;;;;;104,88;104,57;104,52;104,17;104,12;104,07;103,94;103,80;103,60;103,71;;;;;;;;;;;;;;;;;;;;;;
2016-08-23;;;;;;;;;;;;;105,02;104,75;104,69;104,33;104,28;104,23;104,09;103,95;103,76;103,87;;;;;;;;;;;;;;;;;;;;;;
2016-08-24;;;;;;;;;;;;;104,99;104,74;104,68;104,33;104,28;104,22;104,10;103,96;103,77;103,87;;;;;;;;;;;;;;;;;;;;;;
2016-08-25;;;;;;;;;;;;;104,88;104,60;104,49;104,09;104,02;103,94;103,78;103,62;103,39;103,48;;;;;;;;;;;;;;;;;;;;;;
2016-08-26;;;;;;;;;;;;;104,96;104,68;104,61;104,24;104,17;104,10;103,95;103,79;103,60;103,70;;;;;;;;;;;;;;;;;;;;;;
2016-08-27;;;;;;;;;;;;;104,96;104,68;104,60;104,24;104,17;104,10;103,95;103,79;103,60;103,70;;;;;;;;;;;;;;;;;;;;;;
2016-08-28;;;;;;;;;;;;;104,96;104,68;104,60;104,24;104,17;104,10;103,94;103,79;103,60;103,70;;;;;;;;;;;;;;;;;;;;;;
2016-08-29;;;;;;;;;;;;;104,95;104,67;104,60;104,23;104,16;104,09;103,93;103,78;103,59;103,69;;;;;;;;;;;;;;;;;;;;;;
2016-08-30;;;;;;;;;;;;;105,18;104,93;104,94;104,68;104,68;104,68;104,62;104,53;104,38;104,51;;;;;;;;;;;;;;;;;;;;;;
2016-08-31;;;;;;;;;;;;;105,05;104,80;104,76;104,45;104,45;104,44;104,37;104,27;104,11;104,23;;;;;;;;;;;;;;;;;;;;;;
2016-09-01;;;;;;;;;;;;;104,81;104,57;104,49;104,12;104,10;104,08;103,99;103,88;103,71;103,82;;;;;;;;;;;;;;;;;;;;;;
2016-09-02;;;;;;;;;;;;;104,82;104,67;104,74;104,53;104,58;104,64;104,67;104,65;104,61;104,79;;;;;;;;;;;;;;;;;;;;;;
2016-09-03;;;;;;;;;;;;;104,82;104,67;104,74;104,53;104,58;104,63;104,67;104,64;104,61;104,79;;;;;;;;;;;;;;;;;;;;;;
2016-09-04;;;;;;;;;;;;;104,82;104,67;104,74;104,53;104,58;104,63;104,67;104,64;104,61;104,79;;;;;;;;;;;;;;;;;;;;;;
2016-09-05;;;;;;;;;;;;;104,96;104,81;104,93;104,75;104,82;104,89;104,96;104,95;104,96;105,17;;;;;;;;;;;;;;;;;;;;;;
2016-09-06;;;;;;;;;;;;;105,16;104,97;105,08;104,86;104,91;104,95;104,97;104,93;104,92;105,13;;;;;;;;;;;;;;;;;;;;;;
2016-09-07;;;;;;;;;;;;;105,33;105,13;105,26;105,09;105,13;105,17;105,18;105,15;105,15;105,35;;;;;;;;;;;;;;;;;;;;;;
2016-09-08;;;;;;;;;;;;;104,95;104,75;104,86;104,64;104,68;104,73;104,75;104,72;104,74;104,95;;;;;;;;;;;;;;;;;;;;;;
2016-09-09;;;;;;;;;;;;;104,86;104,64;104,69;104,37;104,41;104,44;104,44;104,39;104,36;104,59;;;;;;;;;;;;;;;;;;;;;;
2016-09-10;;;;;;;;;;;;;104,86;104,64;104,69;104,37;104,41;104,44;104,44;104,39;104,36;104,59;;;;;;;;;;;;;;;;;;;;;;
2016-09-11;;;;;;;;;;;;;104,85;104,64;104,69;104,37;104,41;104,44;104,44;104,39;104,36;104,58;;;;;;;;;;;;;;;;;;;;;;
2016-09-12;;;;;;;;;;;;;104,31;104,06;103,97;103,59;103,57;103,55;103,46;103,36;103,20;103,31;;;;;;;;;;;;;;;;;;;;;;
2016-09-13;;;;;;;;;;;;;104,05;103,74;103,54;103,02;102,92;102,83;102,64;102,46;102,24;102,32;;;;;;;;;;;;;;;;;;;;;;
2016-09-14;;;;;;;;;;;;;104,05;103,74;103,52;102,97;102,87;102,76;102,56;102,38;102,14;102,22;;;;;;;;;;;;;;;;;;;;;;
2016-09-15;;;;;;;;;;;;;104,09;103,83;103,68;103,22;103,17;103,12;103,00;102,87;102,69;102,79;;;;;;;;;;;;;;;;;;;;;;
2016-09-16;;;;;;;;;;;;;104,10;103,80;103,63;103,14;103,09;103,03;102,90;102,75;102,54;102,63;;;;;;;;;;;;;;;;;;;;;;
2016-09-17;;;;;;;;;;;;;104,10;103,80;103,63;103,14;103,09;103,03;102,90;102,75;102,53;102,63;;;;;;;;;;;;;;;;;;;;;;
2016-09-18;;;;;;;;;;;;;104,10;103,80;103,63;103,14;103,09;103,03;102,90;102,75;102,53;102,63;;;;;;;;;;;;;;;;;;;;;;
2016-09-19;;;;;;;;;;;;;104,17;103,91;103,84;103,43;103,42;103,41;103,34;103,24;103,12;103,27;;;;;;;;;;;;;;;;;;;;;;
2016-09-20;;;;;;;;;;;;;104,43;104,15;104,10;103,72;103,70;103,66;103,57;103,46;103,32;103,46;;;;;;;;;;;;;;;;;;;;;;
2016-09-21;;;;;;;;;;;;;104,56;104,31;104,37;104,11;104,16;104,21;104,22;104,17;104,10;104,28;;;;;;;;;;;;;;;;;;;;;;
2016-09-22;;;;;;;;;;;;;104,99;104,76;104,89;104,70;104,74;104,77;104,78;104,73;104,71;104,90;;;;;;;;;;;;;;;;;;;;;;
2016-09-23;;;;;;;;;;;;;104,86;104,62;104,69;104,44;104,46;104,47;104,45;104,39;104,34;104,52;;;;;;;;;;;;;;;;;;;;;;
2016-09-24;;;;;;;;;;;;;104,86;104,61;104,69;104,44;104,46;104,47;104,45;104,39;104,34;104,52;;;;;;;;;;;;;;;;;;;;;;
2016-09-25;;;;;;;;;;;;;104,86;104,61;104,69;104,44;104,46;104,47;104,45;104,39;104,34;104,52;;;;;;;;;;;;;;;;;;;;;;
2016-09-26;;;;;;;;;;;;;104,76;104,43;104,33;103,89;103,81;103,72;103,54;103,37;103,17;103,28;;;;;;;;;;;;;;;;;;;;;;
2016-09-27;;;;;;;;;;;;;104,76;104,43;104,33;103,89;103,81;103,72;103,54;103,37;103,17;103,28;;;;;;;;;;;;;;;;;;;;;;
2016-09-28;;;;;;;;;;;;;105,10;104,83;104,86;104,55;104,55;104,55;104,49;104,40;104,27;104,44;;;;;;;;;;;;;;;;;;;;;;
2016-09-29;;;;;;;;;;;;;104,85;104,57;104,57;104,22;104,19;104,16;104,07;103,95;103,84;104,00;;;;;;;;;;;;;;;;;;;;;;
2016-09-30;;;;;;;;;;;;;104,88;104,59;104,60;104,28;104,26;104,22;104,13;104,02;103,91;104,06;;;;;;;;;;;;;;;;;;;;;;
2016-10-01;;;;;;;;;;;;;104,88;104,59;104,60;104,28;104,25;104,22;104,13;104,02;103,91;104,06;;;;;;;;;;;;;;;;;;;;;;
2016-10-02;;;;;;;;;;;;;104,88;104,59;104,60;104,28;104,25;104,22;104,13;104,01;103,91;104,06;;;;;;;;;;;;;;;;;;;;;;
2016-10-03;;;;;;;;;;;;;104,87;104,59;104,62;104,35;104,34;104,33;104,27;104,18;104,08;104,23;;;;;;;;;;;;;;;;;;;;;;
2016-10-04;;;;;;;;;;;;;104,80;104,57;104,67;104,45;104,49;104,52;104,52;104,47;104,46;104,66;;;;;;;;;;;;;;;;;;;;;;
2016-10-05;;;;;;;;;;;;;104,39;104,17;104,26;104,01;104,08;104,13;104,17;104,15;104,14;104,35;;;;;;;;;;;;;;;;;;;;;;
2016-10-06;;;;;;;;;;;;;104,43;104,20;104,31;104,08;104,16;104,23;104,30;104,28;104,29;104,50;;;;;;;;;;;;;;;;;;;;;;
2016-10-07;;;;;;;;;;;;;104,42;104,15;104,23;103,95;104,02;104,09;104,13;104,10;104,07;104,28;;;;;;;;;;;;;;;;;;;;;;
2016-10-08;;;;;;;;;;;;;104,41;104,15;104,23;103,95;104,02;104,09;104,13;104,10;104,06;104,28;;;;;;;;;;;;;;;;;;;;;;
2016-10-09;;;;;;;;;;;;;104,41;104,15;104,23;103,95;104,02;104,09;104,13;104,09;104,06;104,27;;;;;;;;;;;;;;;;;;;;;;
2016-10-10;;;;;;;;;;;;;104,25;104,03;104,17;103,98;104,08;104,18;104,28;104,29;104,32;104,56;;;;;;;;;;;;;;;;;;;;;;
2016-10-11;;;;;;;;;;;;;104,27;104,02;104,11;103,86;103,93;103,99;104,04;104,01;103,99;104,19;;;;;;;;;;;;;;;;;;;;;;
2016-10-12;;;;;;;;;;;;;104,18;103,93;104,02;103,76;103,86;103,95;104,03;104,02;104,00;104,22;;;;;;;;;;;;;;;;;;;;;;
2016-10-13;;;;;;;;;;;;;104,23;103,93;103,91;103,55;103,58;103,60;103,58;103,50;103,36;103,52;;;;;;;;;;;;;;;;;;;;;;
2016-10-14;;;;;;;;;;;;;104,23;103,99;104,01;103,71;103,75;103,79;103,79;103,74;103,65;103,82;;;;;;;;;;;;;;;;;;;;;;
2016-10-15;;;;;;;;;;;;;104,23;103,99;104,01;103,70;103,75;103,79;103,79;103,73;103,65;103,82;;;;;;;;;;;;;;;;;;;;;;
2016-10-16;;;;;;;;;;;;;104,23;103,99;104,01;103,70;103,75;103,79;103,79;103,73;103,65;103,82;;;;;;;;;;;;;;;;;;;;;;
2016-10-17;;;;;;;;;;;;;104,18;103,90;103,95;103,66;103,72;103,78;103,81;103,76;103,69;103,88;;;;;;;;;;;;;;;;;;;;;;
2016-10-18;;;;;;;;;;;;;104,45;104,22;104,41;104,27;104,40;104,52;104,65;104,68;104,73;104,97;;;;;;;;;;;;;;;;;;;;;;
2016-10-19;;;;;;;;;;;;;104,54;104,32;104,56;104,46;104,61;104,76;104,93;104,98;105,07;105,32;;;;;;;;;;;;;;;;;;;;;;
2016-10-20;;;;;;;;;;;;;104,71;104,49;104,75;104,69;104,85;105,00;105,19;105,25;105,35;105,61;;;;;;;;;;;;;;;;;;;;;;
2016-10-21;;;;;;;;;;;;;104,71;104,49;104,75;104,69;104,85;105,01;105,19;105,25;105,35;105,61;;;;;;;;;;;;;;;;;;;;;;
2016-10-22;;;;;;;;;;;;;104,71;104,49;104,75;104,69;104,85;105,00;105,19;105,25;105,35;105,61;;;;;;;;;;;;;;;;;;;;;;
2016-10-23;;;;;;;;;;;;;104,71;104,48;104,75;104,68;104,85;105,00;105,19;105,24;105,35;105,61;;;;;;;;;;;;;;;;;;;;;;
2016-10-24;;;;;;;;;;;;;104,73;104,52;104,87;104,88;105,10;105,31;105,57;105,68;105,83;106,12;;;;;;;;;;;;;;;;;;;;;;
2016-10-25;;;;;;;;;;;;;104,71;104,49;104,82;104,81;105,03;105,24;105,49;105,59;105,74;106,04;;;;;;;;;;;;;;;;;;;;;;
2016-10-26;;;;;;;;;;;;;104,21;104,01;104,25;104,15;104,33;104,51;104,73;104,81;104,92;105,20;;;;;;;;;;;;;;;;;;;;;;
2016-10-27;;;;;;;;;;;;;103,75;103,58;103,80;103,67;103,87;104,07;104,31;104,41;104,55;104,84;;;;;;;;;;;;;;;;;;;;;;
2016-10-28;;;;;;;;;;;;;103,72;103,54;103,75;103,59;103,79;103,98;104,22;104,31;104,44;104,73;;;;;;;;;;;;;;;;;;;;;;
2016-10-29;;;;;;;;;;;;;103,72;103,54;103,74;103,59;103,79;103,98;104,22;104,31;104,44;104,73;;;;;;;;;;;;;;;;;;;;;;
2016-10-30;;;;;;;;;;;;;103,71;103,54;103,74;103,59;103,79;103,98;104,21;104,31;104,43;104,73;;;;;;;;;;;;;;;;;;;;;;
2016-10-31;;;;;;;;;;;;;103,71;103,52;103,70;103,52;103,72;103,90;104,13;104,21;104,31;104,60;;;;;;;;;;;;;;;;;;;;;;
2016-11-01;;;;;;;;;;;;;103,23;103,03;103,08;102,72;102,83;102,94;103,04;103,06;103,12;103,38;;;;;;;;;;;;;;;;;;;;;;
2016-11-02;;;;;;;;;;;;;103,23;102,93;102,77;102,20;102,18;102,16;102,07;101,95;101,81;101,97;;;;;;;;;;;;;;;;;;;;;;
2016-11-03;;;;;;;;;;;;;103,07;102,77;102,60;102,02;102,00;101,98;101,88;101,76;101,62;101,78;;;;;;;;;;;;;;;;;;;;;;
2016-11-04;;;;;;;;;;;;;103,07;102,73;102,48;101,83;101,77;101,70;101,55;101,38;101,17;101,29;;;;;;;;;;;;;;;;;;;;;;
2016-11-05;;;;;;;;;;;;;103,07;102,73;102,48;101,83;101,77;101,70;101,54;101,38;101,17;101,29;;;;;;;;;;;;;;;;;;;;;;
2016-11-06;;;;;;;;;;;;;103,07;102,73;102,48;101,83;101,77;101,70;101,54;101,38;101,17;101,29;;;;;;;;;;;;;;;;;;;;;;
2016-11-07;;;;;;;;;;;;;103,54;103,28;103,29;102,93;103,03;103,11;103,19;103,16;103,10;103,31;;;;;;;;;;;;;;;;;;;;;;
2016-11-08;;;;;;;;;;;;;103,49;103,26;103,32;103,02;103,15;103,27;103,40;103,41;103,41;103,65;;;;;;;;;;;;;;;;;;;;;;
2016-11-09;;;;;;;;;;;;;103,71;103,56;103,68;103,51;103,70;103,87;104,07;104,13;104,13;104,34;;;;;;;;;;;;;;;;;;;;;;
2016-11-10;;;;;;;;;;;;;103,14;103,04;103,20;103,07;103,34;103,60;103,93;104,07;104,15;104,40;;;;;;;;;;;;;;;;;;;;;;
2016-11-11;;;;;;;;;;;;;103,06;102,97;103,09;102,90;103,16;103,42;103,74;103,87;103,93;104,19;;;;;;;;;;;;;;;;;;;;;;
2016-11-12;;;;;;;;;;;;;103,06;102,97;103,09;102,90;103,16;103,42;103,74;103,86;103,93;104,19;;;;;;;;;;;;;;;;;;;;;;
2016-11-13;;;;;;;;;;;;;103,06;102,97;103,09;102,90;103,16;103,42;103,74;103,86;103,93;104,19;;;;;;;;;;;;;;;;;;;;;;
2016-11-14;;;;;;;;;;;;;102,69;102,64;102,74;102,63;102,94;103,23;103,61;103,76;103,79;103,99;;;;;;;;;;;;;;;;;;;;;;
2016-11-15;;;;;;;;;;;;;103,22;103,15;103,31;103,29;103,59;103,88;104,23;104,37;104,37;104,54;;;;;;;;;;;;;;;;;;;;;;
2016-11-16;;;;;;;;;;;;;103,06;103,00;103,22;103,23;103,57;103,91;104,33;104,52;104,57;104,80;;;;;;;;;;;;;;;;;;;;;;
2016-11-17;;;;;;;;;;;;;103,10;103,09;103,33;103,37;103,73;104,10;104,56;104,77;104,86;105,10;;;;;;;;;;;;;;;;;;;;;;
2016-11-18;;;;;;;;;;;;;103,14;103,10;103,34;103,39;103,75;104,11;104,57;104,77;104,84;105,07;;;;;;;;;;;;;;;;;;;;;;
2016-11-19;;;;;;;;;;;;;103,14;103,10;103,34;103,39;103,75;104,11;104,56;104,76;104,84;105,06;;;;;;;;;;;;;;;;;;;;;;
2016-11-20;;;;;;;;;;;;;103,14;103,10;103,34;103,39;103,75;104,11;104,56;104,76;104,84;105,06;;;;;;;;;;;;;;;;;;;;;;
2016-11-21;;;;;;;;;;;;;103,31;103,28;103,61;103,78;104,19;104,59;105,11;105,34;105,44;105,68;;;;;;;;;;;;;;;;;;;;;;
2016-11-22;;;;;;;;;;;;;103,58;103,54;103,95;104,17;104,62;105,06;105,63;105,90;106,06;106,33;;;;;;;;;;;;;;;;;;;;;;
2016-11-23;;;;;;;;;;;;;103,36;103,36;103,80;104,04;104,54;105,03;105,68;106,00;106,20;106,51;;;;;;;;;;;;;;;;;;;;;;
2016-11-24;;;;;;;;;;;;;103,44;103,44;103,83;104,05;104,52;104,98;105,59;105,88;106,06;106,34;;;;;;;;;;;;;;;;;;;;;;
2016-11-25;;;;;;;;;;;;;103,40;103,42;103,81;104,02;104,49;104,96;105,57;105,86;106,05;106,34;;;;;;;;;;;;;;;;;;;;;;
2016-11-26;;;;;;;;;;;;;103,40;103,42;103,81;104,02;104,49;104,96;105,57;105,86;106,05;106,34;;;;;;;;;;;;;;;;;;;;;;
2016-11-27;;;;;;;;;;;;;103,40;103,42;103,81;104,02;104,49;104,95;105,56;105,86;106,05;106,34;;;;;;;;;;;;;;;;;;;;;;
2016-11-28;;;;;;;;;;;;;103,49;103,47;103,85;104,02;104,48;104,94;105,54;105,82;106,00;106,32;;;;;;;;;;;;;;;;;;;;;;
2016-11-29;;;;;;;;;;;;;103,53;103,50;103,89;104,09;104,52;104,94;105,49;105,75;105,90;106,18;;;;;;;;;;;;;;;;;;;;;;
2016-11-30;;;;;;;;;;;;;103,42;103,40;103,84;104,09;104,54;104,99;105,58;105,87;106,07;106,37;;;;;;;;;;;;;;;;;;;;;;
2016-12-01;;;;;;;;;;;;;103,11;103,09;103,51;103,74;104,19;104,63;105,22;105,50;105,70;105,98;;;;;;;;;;;;;;;;;;;;;;
2016-12-02;;;;;;;;;;;;;103,22;103,14;103,58;103,86;104,31;104,75;105,32;105,60;105,77;106,03;;;;;;;;;;;;;;;;;;;;;;
2016-12-03;;;;;;;;;;;;;103,22;103,14;103,58;103,86;104,31;104,75;105,32;105,60;105,77;106,03;;;;;;;;;;;;;;;;;;;;;;
2016-12-04;;;;;;;;;;;;;103,21;103,14;103,58;103,86;104,31;104,75;105,32;105,60;105,77;106,03;;;;;;;;;;;;;;;;;;;;;;
2016-12-05;;;;;;;;;;;;;103,11;103,07;103,45;103,70;104,10;104,49;105,01;105,25;105,38;105,59;;;;;;;;;;;;;;;;;;;;;;
2016-12-06;;;;;;;;;;;;;103,18;103,16;103,65;104,02;104,45;104,88;105,45;105,73;105,93;106,17;;;;;;;;;;;;;;;;;;;;;;
2016-12-07;;;;;;;;;;;;;103,47;103,50;104,06;104,52;104,99;105,45;106,08;106,40;106,63;106,90;;;;;;;;;;;;;;;;;;;;;;
2016-12-08;;;;;;;;;;;;;103,46;103,58;104,33;104,95;105,58;106,20;107,05;107,53;107,98;108,37;;;;;;;;;;;;;;;;;;;;;;
2016-12-09;;;;;;;;;;;;;103,46;103,58;104,32;104,95;105,57;106,20;107,05;107,52;107,98;108,37;;;;;;;;;;;;;;;;;;;;;;
2016-12-10;;;;;;;;;;;;;103,46;103,58;104,32;104,95;105,57;106,20;107,05;107,52;107,98;108,36;;;;;;;;;;;;;;;;;;;;;;
2016-12-11;;;;;;;;;;;;;103,45;103,57;104,32;104,95;105,57;106,19;107,05;107,52;107,97;108,36;;;;;;;;;;;;;;;;;;;;;;
2016-12-12;;;;;;;;;;;;;103,41;103,55;104,31;104,97;105,62;106,26;107,15;107,65;108,11;108,48;;;;;;;;;;;;;;;;;;;;;;
2016-12-13;;;;;;;;;;;;;103,84;104,00;104,82;105,58;106,23;106,87;107,76;108,26;108,74;109,10;;;;;;;;;;;;;;;;;;;;;;
2016-12-14;;;;;;;;;;;;;104,00;104,11;104,85;105,53;106,10;106,67;107,44;107,87;108,26;108,58;;;;;;;;;;;;;;;;;;;;;;
2016-12-15;;;;;;;;;;;;;104,09;104,29;105,17;106,04;106,74;107,45;108,42;108,97;109,46;109,83;;;;;;;;;;;;;;;;;;;;;;
2016-12-16;;;;;;;;;;;;;104,10;104,31;105,21;106,09;106,80;107,51;108,49;109,05;109,56;109,93;;;;;;;;;;;;;;;;;;;;;;
2016-12-17;;;;;;;;;;;;;104,10;104,31;105,21;106,09;106,80;107,51;108,49;109,05;109,56;109,93;;;;;;;;;;;;;;;;;;;;;;
2016-12-18;;;;;;;;;;;;;104,10;104,31;105,20;106,09;106,80;107,51;108,49;109,05;109,55;109,93;;;;;;;;;;;;;;;;;;;;;;
2016-12-19;;;;;;;;;;;;;104,55;104,72;105,54;106,37;107,01;107,65;108,53;109,01;109,41;109,72;;;;;;;;;;;;;;;;;;;;;;
2016-12-20;;;;;;;;;;;;;104,73;104,92;105,83;106,78;107,47;108,16;109,11;109,64;110,09;110,41;;;;;;;;;;;;;;;;;;;;;;
2016-12-21;;;;;;;;;;;;;104,70;104,86;105,72;106,61;107,25;107,89;108,77;109,26;109,66;109,96;;;;;;;;;;;;;;;;;;;;;;
2016-12-22;;;;;;;;;;;;;104,52;104,68;105,46;106,28;106,89;107,50;108,33;108,78;109,14;109,40;;;;;;;;;;;;;;;;;;;;;;
2016-12-23;;;;;;;;;;;;;104,65;104,80;105,58;106,40;107,00;107,60;108,41;108,85;109,18;109,44;;;;;;;;;;;;;;;;;;;;;;
2016-12-24;;;;;;;;;;;;;104,65;104,80;105,58;106,40;107,00;107,60;108,41;108,85;109,18;109,43;;;;;;;;;;;;;;;;;;;;;;
2016-12-25;;;;;;;;;;;;;104,65;104,80;105,58;106,40;107,00;107,60;108,41;108,85;109,18;109,43;;;;;;;;;;;;;;;;;;;;;;
2016-12-26;;;;;;;;;;;;;104,65;104,80;105,58;106,40;107,00;107,59;108,41;108,85;109,18;109,43;;;;;;;;;;;;;;;;;;;;;;
2016-12-27;;;;;;;;;;;;;104,84;104,99;105,77;106,61;107,21;107,81;108,64;109,08;109,42;109,67;;;;;;;;;;;;;;;;;;;;;;
2016-12-28;;;;;;;;;;;;;104,81;104,97;105,83;106,72;107,36;108,00;108,88;109,37;109,80;110,11;;;;;;;;;;;;;;;;;;;;;;
2016-12-29;;;;;;;;;;;;;104,80;104,93;105,76;106,60;107,20;107,80;108,62;109,08;109,49;109,78;;;;;;;;;;;;;;;;;;;;;;
2016-12-30;;;;;;;;;;;;;104,51;104,64;105,43;106,20;106,78;107,36;108,15;108,60;109,02;109,32;;;;;;;;;;;;;;;;;;;;;;
2016-12-31;;100,00;100,00;100,00;100,00;100,00;100,00;100,00;100,00;100,00;100,00;;104,50;104,63;105,43;106,20;106,78;107,36;108,15;108,59;109,02;109,32;;100,00;100,00;100,00;100,00;100,00;100,00;100,00;100,00;100,00;100,00;;;;;;;;;;;
2017-01-01;;100,00;100,00;100,00;100,00;100,00;100,00;100,00;100,00;100,00;100,00;;104,50;104,63;105,43;106,20;106,78;107,35;108,15;108,59;109,02;109,32;;100,00;100,00;100,00;100,00;100,00;100,00;100,00;100,00;100,00;100,00;;;;;;;;;;;
2017-01-02;;100,00;100,00;100,00;100,00;100,00;100,00;100,00;100,00;100,00;100,00;;104,50;104,63;105,43;106,20;106,78;107,35;108,15;108,59;109,02;109,31;;100,00;100,00;100,00;100,00;100,00;100,00;100,00;100,00;100,00;100,00;;;;;;;;;;;
2017-01-03;;100,16;100,27;100,48;100,71;100,83;100,96;101,15;101,27;101,44;101,52;;104,50;104,63;105,43;106,20;106,78;107,35;108,15;108,59;109,02;109,31;;100,26;100,36;100,44;100,52;100,60;100,65;100,77;100,87;100,88;100,88;;;;;;;;;;;
2017-01-04;;100,17;100,27;100,48;100,72;100,85;100,97;101,17;101,29;101,46;101,55;;104,49;104,70;105,68;106,66;107,40;108,13;109,17;109,77;110,38;110,76;;99,95;100,06;100,24;100,47;100,62;100,75;100,98;101,14;101,30;101,38;;;;;;;;;;;
2017-01-05;;100,23;100,30;100,42;100,55;100,63;100,70;100,81;100,88;100,98;101,02;;104,23;104,45;105,37;106,26;106,96;107,66;108,64;109,22;109,84;110,23;;99,75;99,82;99,95;100,13;100,25;100,37;100,55;100,66;100,84;100,92;;;;;;;;;;;
2017-01-06;;100,08;100,17;100,34;100,53;100,63;100,73;100,88;100,99;101,12;101,19;;104,19;104,42;105,33;106,19;106,89;107,59;108,57;109,15;109,76;110,16;;99,78;99,88;100,01;100,16;100,29;100,42;100,62;100,75;100,92;101,01;;;;;;;;;;;
2017-01-07;;100,08;100,17;100,34;100,53;100,63;100,73;100,88;100,98;101,12;101,19;;104,19;104,42;105,33;106,19;106,89;107,59;108,57;109,15;109,76;110,16;;99,77;99,88;100,01;100,16;100,29;100,42;100,62;100,75;100,92;101,01;;;;;;;;;;;
2017-01-08;;100,08;100,17;100,34;100,53;100,63;100,73;100,88;100,98;101,12;101,19;;104,19;104,41;105,33;106,19;106,89;107,59;108,57;109,15;109,76;110,16;;99,77;99,88;100,01;100,16;100,29;100,42;100,62;100,75;100,92;101,01;;;;;;;;;;;
2017-01-09;;100,21;100,28;100,42;100,57;100,65;100,74;100,86;100,94;101,05;101,11;;104,19;104,40;105,33;106,22;106,94;107,65;108,66;109,24;109,84;110,24;;99,68;99,77;99,90;100,07;100,20;100,32;100,51;100,64;100,79;100,88;;;;;;;;;;;
2017-01-10;;100,17;100,23;100,35;100,48;100,56;100,63;100,74;100,81;100,90;100,95;;104,18;104,38;105,33;106,23;106,94;107,65;108,65;109,23;109,86;110,27;;99,68;99,76;99,91;100,07;100,20;100,31;100,48;100,60;100,76;100,86;;;;;;;;;;;
2017-01-11;;100,36;100,48;100,70;100,95;101,09;101,23;101,43;101,57;101,75;101,84;;104,52;104,74;105,80;106,82;107,61;108,39;109,49;110,13;110,81;111,26;;99,97;100,10;100,35;100,63;100,82;100,96;101,22;101,40;101,60;101,73;;;;;;;;;;;
2017-01-12;;100,21;100,25;100,32;100,41;100,45;100,49;100,56;100,60;100,66;100,69;;104,25;104,42;105,35;106,21;106,91;107,60;108,58;109,14;109,76;110,18;;99,75;99,79;99,93;100,09;100,20;100,28;100,41;100,50;100,64;100,75;;;;;;;;;;;
2017-01-13;;100,13;100,21;100,35;100,51;100,60;100,69;100,82;100,90;101,02;101,08;;104,12;104,36;105,34;106,25;106,99;107,73;108,78;109,40;110,09;110,54;;99,65;99,74;99,92;100,10;100,25;100,38;100,59;100,72;100,93;101,07;;;;;;;;;;;
2017-01-14;;100,13;100,21;100,35;100,51;100,60;100,69;100,82;100,90;101,02;101,08;;104,12;104,36;105,34;106,25;106,99;107,73;108,78;109,39;110,09;110,54;;99,65;99,74;99,92;100,10;100,25;100,38;100,58;100,72;100,93;101,07;;;;;;;;;;;
2017-01-15;;100,13;100,20;100,35;100,51;100,60;100,69;100,82;100,90;101,02;101,07;;104,12;104,36;105,34;106,25;106,99;107,73;108,78;109,39;110,09;110,54;;99,64;99,73;99,92;100,10;100,25;100,38;100,58;100,71;100,93;101,07;;;;;;;;;;;
2017-01-16;;100,20;100,26;100,39;100,54;100,62;100,69;100,81;100,89;100,99;101,04;;104,18;104,39;105,32;106,17;106,89;107,61;108,62;109,20;109,83;110,25;;99,67;99,77;99,89;100,03;100,17;100,27;100,46;100,58;100,74;100,86;;;;;;;;;;;
2017-01-17;;100,21;100,22;100,25;100,28;100,29;100,31;100,33;100,34;100,36;100,37;;104,09;104,27;105,14;105,92;106,60;107,26;108,20;108,74;109,34;109,75;;99,61;99,65;99,73;99,78;99,87;99,93;100,03;100,09;100,21;100,32;;;;;;;;;;;
2017-01-18;;99,98;100,02;100,09;100,17;100,21;100,26;100,32;100,36;100,41;100,44;;103,98;104,17;105,09;105,91;106,61;107,30;108,28;108,85;109,49;109,92;;99,50;99,56;99,68;99,76;99,88;99,96;100,09;100,18;100,34;100,46;;;;;;;;;;;
2017-01-19;;99,81;99,87;99,99;100,12;100,19;100,26;100,37;100,44;100,53;100,57;;103,86;104,07;105,02;105,87;106,60;107,33;108,36;108,97;109,64;110,09;;99,38;99,46;99,61;99,71;99,86;99,96;100,14;100,27;100,45;100,59;;;;;;;;;;;
2017-01-20;;99,70;99,75;99,85;99,97;100,03;100,09;100,18;100,24;100,31;100,35;;103,59;103,81;104,72;105,56;106,29;107,01;108,04;108,64;109,30;109,73;;99,13;99,21;99,33;99,43;99,57;99,68;99,87;99,99;100,18;100,31;;;;;;;;;;;
2017-01-21;;99,70;99,75;99,85;99,96;100,03;100,09;100,17;100,23;100,31;100,35;;103,59;103,80;104,72;105,56;106,29;107,01;108,03;108,63;109,30;109,73;;99,13;99,21;99,33;99,43;99,57;99,68;99,87;99,99;100,18;100,31;;;;;;;;;;;
2017-01-22;;99,70;99,75;99,85;99,96;100,02;100,08;100,17;100,23;100,31;100,35;;103,59;103,80;104,72;105,56;106,28;107,01;108,03;108,63;109,30;109,73;;99,13;99,21;99,33;99,42;99,57;99,68;99,87;99,99;100,18;100,31;;;;;;;;;;;
2017-01-23;;99,70;99,75;99,85;99,96;100,02;100,08;100,17;100,23;100,31;100,35;;103,72;103,89;104,77;105,55;106,23;106,91;107,86;108,42;109,05;109,48;;99,27;99,29;99,38;99,44;99,54;99,60;99,71;99,78;99,92;100,04;;;;;;;;;;;
2017-01-24;;99,69;99,75;99,85;99,96;100,02;100,08;100,17;100,23;100,31;100,35;;103,73;103,92;104,87;105,72;106,44;107,16;108,18;108,78;109,47;109,91;;99,27;99,32;99,47;99,54;99,69;99,76;99,91;100,02;100,19;100,33;;;;;;;;;;;
2017-01-25;;99,69;99,75;99,85;99,96;100,02;100,08;100,17;100,23;100,31;100,35;;103,52;103,80;104,84;105,80;106,61;107,42;108,57;109,26;110,06;110,57;;99,08;99,20;99,45;99,61;99,83;100,01;100,28;100,47;100,77;100,95;;;;;;;;;;;
2017-01-26;;99,69;99,74;99,85;99,96;100,02;100,08;100,17;100,23;100,31;100,35;;103,52;103,80;104,86;105,82;106,64;107,45;108,60;109,30;110,12;110,62;;99,08;99,21;99,46;99,69;99,91;100,10;100,40;100,59;100,91;101,10;;;;;;;;;;;
2017-01-27;;99,69;99,74;99,85;99,96;100,02;100,08;100,17;100,23;100,31;100,34;;103,37;103,66;104,73;105,68;106,53;107,38;108,59;109,32;110,18;110,72;;98,93;99,07;99,34;99,54;99,80;100,00;100,33;100,55;100,89;101,11;;;;;;;;;;;
2017-01-28;;99,69;99,74;99,84;99,96;100,02;100,08;100,17;100,23;100,30;100,34;;103,37;103,66;104,73;105,68;106,53;107,38;108,59;109,31;110,18;110,72;;98,93;99,07;99,34;99,54;99,80;100,00;100,33;100,55;100,89;101,11;;;;;;;;;;;
2017-01-29;;99,69;99,74;99,84;99,96;100,02;100,08;100,17;100,22;100,30;100,34;;103,37;103,66;104,73;105,68;106,53;107,37;108,58;109,31;110,18;110,72;;98,93;99,07;99,34;99,54;99,80;100,00;100,32;100,55;100,89;101,11;;;;;;;;;;;
2017-01-30;;99,69;99,74;99,84;99,95;100,01;100,07;100,16;100,22;100,30;100,34;;103,23;103,48;104,48;105,32;106,15;106,97;108,14;108,84;109,66;110,19;;98,77;98,90;99,10;99,27;99,50;99,68;99,98;100,18;100,48;100,69;;;;;;;;;;;
2017-01-31;;99,69;99,74;99,84;99,95;100,01;100,07;100,16;100,22;100,30;100,34;;103,16;103,36;104,24;104,98;105,72;106,45;107,49;108,10;108,80;109,26;;98,72;98,79;98,88;98,92;99,08;99,18;99,37;99,49;99,69;99,85;;;;;;;;;;;
2017-02-01;;99,69;99,74;99,84;99,95;100,01;100,07;100,16;100,22;100,30;100,34;;103,00;103,26;104,21;105,02;105,82;106,61;107,75;108,43;109,23;109,76;;98,58;98,69;98,85;98,93;99,14;99,30;99,56;99,74;100,03;100,23;;;;;;;;;;;
2017-02-02;;99,68;99,74;99,84;99,95;100,01;100,07;100,16;100,22;100,30;100,34;;103,18;103,41;104,32;105,06;105,82;106,58;107,65;108,29;109,04;109,54;;98,75;98,83;98,95;98,96;99,14;99,25;99,45;99,58;99,82;100,01;;;;;;;;;;;
2017-02-03;;99,68;99,73;99,84;99,95;100,01;100,07;100,16;100,22;100,30;100,34;;103,24;103,52;104,47;105,28;106,09;106,90;108,06;108,75;109,57;110,11;;98,80;98,93;99,10;99,15;99,38;99,54;99,82;100,00;100,30;100,52;;;;;;;;;;;
2017-02-04;;99,68;99,73;99,84;99,95;100,01;100,07;100,16;100,22;100,30;100,33;;103,24;103,51;104,47;105,28;106,09;106,90;108,06;108,75;109,57;110,11;;98,80;98,93;99,10;99,15;99,38;99,54;99,81;100,00;100,30;100,52;;;;;;;;;;;
2017-02-05;;99,68;99,73;99,84;99,95;100,01;100,07;100,16;100,22;100,29;100,33;;103,24;103,51;104,47;105,27;106,09;106,90;108,06;108,75;109,57;110,10;;98,79;98,93;99,09;99,15;99,38;99,54;99,81;100,00;100,30;100,52;;;;;;;;;;;
2017-02-06;;99,68;99,73;99,83;99,95;100,01;100,07;100,16;100,21;100,29;100,33;;103,23;103,49;104,43;105,20;106,01;106,81;107,95;108,63;109,42;109,95;;98,77;98,90;99,05;99,13;99,35;99,50;99,77;99,95;100,22;100,44;;;;;;;;;;;
2017-02-07;;99,68;99,73;99,83;99,94;100,00;100,07;100,15;100,21;100,29;100,33;;103,29;103,58;104,55;105,35;106,21;107,08;108,31;109,05;109,91;110,49;;98,81;98,99;99,17;99,26;99,53;99,72;100,06;100,30;100,62;100,88;;;;;;;;;;;
2017-02-08;;99,68;99,73;99,83;99,94;100,00;100,06;100,15;100,21;100,29;100,33;;103,58;103,85;104,83;105,64;106,48;107,32;108,52;109,23;110,07;110,64;;99,10;99,25;99,44;99,56;99,81;99,99;100,30;100,51;100,82;101,06;;;;;;;;;;;
2017-02-09;;99,68;99,73;99,83;99,94;100,00;100,06;100,15;100,21;100,29;100,33;;103,84;104,15;105,24;106,19;107,09;107,97;109,25;110,01;110,90;111,50;;99,35;99,54;99,83;99,99;100,28;100,48;100,83;101,08;101,42;101,69;;;;;;;;;;;
2017-02-10;;99,67;99,73;99,83;99,94;100,00;100,06;100,15;100,21;100,29;100,33;;103,78;104,11;105,20;106,12;107,01;107,90;109,18;109,94;110,85;111,46;;99,30;99,50;99,78;99,99;100,29;100,51;100,89;101,15;101,51;101,80;;;;;;;;;;;
2017-02-11;;99,67;99,73;99,83;99,94;100,00;100,06;100,15;100,21;100,29;100,33;;103,78;104,11;105,20;106,12;107,01;107,90;109,17;109,94;110,84;111,46;;99,30;99,50;99,78;99,99;100,29;100,51;100,89;101,15;101,51;101,80;;;;;;;;;;;
2017-02-12;;99,67;99,72;99,83;99,94;100,00;100,06;100,15;100,21;100,29;100,33;;103,78;104,11;105,19;106,12;107,01;107,90;109,17;109,94;110,84;111,46;;99,30;99,50;99,78;99,99;100,29;100,51;100,89;101,14;101,51;101,80;;;;;;;;;;;
2017-02-13;;99,67;99,72;99,83;99,94;100,00;100,06;100,15;100,21;100,29;100,32;;103,87;104,24;105,50;106,61;107,62;108,62;110,06;110,94;111,98;112,66;;99,36;99,62;100,06;100,43;100,82;101,12;101,64;102,00;102,46;102,80;;;;;;;;;;;
2017-02-14;;99,67;99,72;99,82;99,94;100,00;100,06;100,15;100,21;100,28;100,32;;103,87;104,24;105,49;106,61;107,62;108,62;110,06;110,94;111,98;112,66;;99,36;99,62;100,06;100,38;100,78;101,06;101,57;101,92;102,38;102,72;;;;;;;;;;;
2017-02-15;;99,55;99,61;99,73;99,85;99,92;99,99;100,09;100,16;100,25;100,29;;103,92;104,32;105,67;106,89;107,97;109,06;110,63;111,58;112,71;113,43;;99,38;99,70;100,23;100,64;101,11;101,45;102,06;102,50;103,02;103,40;;;;;;;;;;;
2017-02-16;;100,18;100,39;100,80;101,26;101,51;101,76;102,13;102,38;102,71;102,87;;104,04;104,39;105,69;106,85;107,87;108,88;110,34;111,23;112,28;112,96;;99,51;99,77;100,25;100,63;101,04;101,33;101,84;102,21;102,68;103,01;;;;;;;;;;;
2017-02-17;;100,34;100,56;101,00;101,49;101,75;102,02;102,42;102,68;103,04;103,21;;104,15;104,52;105,79;106,94;107,97;109,00;110,47;111,36;112,40;113,08;;99,61;99,89;100,35;100,72;101,13;101,44;101,98;102,37;102,83;103,17;;;;;;;;;;;
2017-02-18;;100,34;100,56;101,00;101,49;101,75;102,02;102,42;102,68;103,04;103,21;;104,15;104,52;105,79;106,94;107,97;109,00;110,47;111,36;112,40;113,08;;99,61;99,89;100,35;100,71;101,13;101,44;101,98;102,37;102,83;103,17;;;;;;;;;;;
2017-02-19;;100,34;100,56;101,00;101,49;101,75;102,02;102,42;102,68;103,03;103,21;;104,15;104,52;105,79;106,94;107,97;108,99;110,47;111,36;112,40;113,07;;99,60;99,89;100,35;100,71;101,13;101,44;101,98;102,37;102,83;103,17;;;;;;;;;;;
2017-02-20;;100,34;100,56;101,02;101,52;101,79;102,06;102,47;102,74;103,11;103,29;;104,15;104,54;105,83;106,98;108,03;109,07;110,58;111,49;112,57;113,27;;99,61;99,91;100,38;100,75;101,18;101,50;102,05;102,45;102,94;103,30;;;;;;;;;;;
2017-02-21;;100,29;100,52;100,98;101,48;101,76;102,03;102,45;102,72;103,09;103,27;;104,15;104,56;105,87;107,05;108,11;109,16;110,68;111,60;112,72;113,42;;99,63;99,93;100,42;100,80;101,24;101,58;102,15;102,55;103,07;103,44;;;;;;;;;;;
2017-02-22;;100,54;100,81;101,37;101,98;102,31;102,65;103,15;103,49;103,93;104,16;;104,30;104,74;106,13;107,37;108,50;109,63;111,27;112,26;113,45;114,23;;99,73;100,10;100,67;101,12;101,64;102,01;102,68;103,15;103,72;104,15;;;;;;;;;;;
2017-02-23;;100,66;100,92;101,43;101,99;102,29;102,60;103,06;103,36;103,77;103,97;;104,41;104,83;106,18;107,38;108,48;109,58;111,16;112,12;113,27;114,02;;99,85;100,19;100,72;101,15;101,63;101,98;102,61;103,05;103,59;104,00;;;;;;;;;;;
2017-02-24;;100,93;101,17;101,64;102,17;102,46;102,74;103,17;103,46;103,84;104,03;;104,72;105,10;106,41;107,57;108,64;109,70;111,22;112,13;113,18;113,89;;100,11;100,44;100,93;101,34;101,79;102,10;102,69;103,11;103,57;103,93;;;;;;;;;;;
2017-02-25;;100,93;101,17;101,64;102,17;102,45;102,74;103,17;103,46;103,84;104,03;;104,72;105,10;106,40;107,57;108,64;109,70;111,22;112,13;113,18;113,89;;100,11;100,44;100,93;101,34;101,79;102,10;102,69;103,11;103,57;103,93;;;;;;;;;;;
2017-02-26;;100,93;101,16;101,64;102,17;102,45;102,74;103,17;103,45;103,84;104,03;;104,72;105,09;106,40;107,57;108,63;109,70;111,22;112,13;113,18;113,89;;100,11;100,44;100,93;101,34;101,79;102,10;102,69;103,11;103,56;103,93;;;;;;;;;;;
2017-02-27;;100,81;101,04;101,48;101,98;102,24;102,51;102,91;103,18;103,54;103,71;;104,73;105,09;106,36;107,51;108,53;109,56;111,03;111,90;112,90;113,57;;100,13;100,44;100,89;101,24;101,65;101,93;102,47;102,86;103,27;103,60;;;;;;;;;;;
2017-02-28;;100,81;101,02;101,43;101,89;102,13;102,38;102,75;103,00;103,33;103,49;;104,73;105,09;106,34;107,47;108,47;109,46;110,89;111,74;112,71;113,36;;100,15;100,44;100,86;101,21;101,59;101,87;102,38;102,74;103,14;103,45;;;;;;;;;;;
2017-03-01;;100,71;101,02;101,64;102,32;102,69;103,07;103,63;104,00;104,50;104,75;;104,73;105,20;106,62;107,97;109,10;110,23;111,85;112,84;113,96;114,68;;100,13;100,54;101,13;101,61;102,12;102,51;103,20;103,70;104,23;104,61;;;;;;;;;;;
2017-03-02;;100,59;100,90;101,52;102,20;102,57;102,95;103,51;103,88;104,38;104,63;;104,64;105,10;106,53;107,90;109,03;110,15;111,78;112,76;113,89;114,61;;100,05;100,44;101,05;101,57;102,08;102,47;103,16;103,65;104,20;104,58;;;;;;;;;;;
2017-03-03;;100,54;100,83;101,42;102,06;102,42;102,77;103,30;103,65;104,12;104,36;;104,48;104,93;106,35;107,72;108,82;109,93;111,51;112,47;113,57;114,26;;99,90;100,29;100,88;101,38;101,86;102,25;102,91;103,38;103,91;104,26;;;;;;;;;;;
2017-03-04;;100,54;100,83;101,42;102,06;102,42;102,77;103,30;103,65;104,12;104,36;;104,48;104,93;106,35;107,72;108,82;109,92;111,51;112,47;113,57;114,26;;99,90;100,29;100,87;101,38;101,86;102,24;102,91;103,38;103,91;104,26;;;;;;;;;;;
2017-03-05;;100,54;100,83;101,42;102,06;102,41;102,77;103,30;103,65;104,12;104,36;;104,47;104,93;106,35;107,72;108,82;109,92;111,51;112,47;113,57;114,25;;99,90;100,28;100,87;101,37;101,86;102,24;102,91;103,38;103,91;104,26;;;;;;;;;;;
2017-03-06;;100,54;100,83;101,41;102,06;102,41;102,76;103,29;103,65;104,12;104,35;;104,42;104,87;106,24;107,55;108,65;109,74;111,31;112,26;113,33;114,02;;99,83;100,22;100,78;101,23;101,71;102,08;102,73;103,19;103,69;104,04;;;;;;;;;;;
2017-03-07;;100,39;100,66;101,18;101,77;102,08;102,40;102,88;103,19;103,62;103,83;;104,30;104,74;106,07;107,27;108,35;109,43;110,98;111,91;112,99;113,71;;99,74;100,10;100,61;100,99;101,45;101,80;102,42;102,86;103,35;103,72;;;;;;;;;;;
2017-03-08;;100,15;100,42;100,97;101,57;101,90;102,23;102,72;103,05;103,49;103,71;;104,02;104,47;105,81;107,03;108,13;109,24;110,83;111,80;112,93;113,66;;99,46;99,85;100,37;100,73;101,22;101,59;102,24;102,71;103,24;103,62;;;;;;;;;;;
2017-03-09;;99,93;100,21;100,76;101,37;101,70;102,03;102,53;102,86;103,30;103,52;;103,81;104,28;105,57;106,77;107,85;108,93;110,49;111,43;112,50;113,19;;99,27;99,66;100,13;100,48;100,95;101,33;101,97;102,43;102,95;103,30;;;;;;;;;;;
2017-03-10;;99,88;100,15;100,71;101,33;101,66;102,00;102,50;102,84;103,28;103,51;;103,75;104,24;105,51;106,68;107,76;108,85;110,40;111,34;112,42;113,13;;99,22;99,62;100,08;100,40;100,87;101,25;101,89;102,35;102,88;103,24;;;;;;;;;;;
2017-03-11;;99,88;100,15;100,71;101,32;101,66;102,00;102,50;102,83;103,28;103,51;;103,75;104,24;105,51;106,68;107,76;108,84;110,40;111,34;112,42;113,13;;99,22;99,62;100,08;100,40;100,87;101,25;101,89;102,35;102,88;103,24;;;;;;;;;;;
2017-03-12;;99,87;100,15;100,71;101,32;101,66;101,99;102,50;102,83;103,28;103,50;;103,75;104,24;105,51;106,68;107,76;108,84;110,40;111,34;112,42;113,13;;99,21;99,62;100,08;100,40;100,86;101,24;101,89;102,35;102,87;103,24;;;;;;;;;;;
2017-03-13;;99,81;100,09;100,65;101,27;101,60;101,94;102,44;102,78;103,23;103,45;;103,53;104,02;105,36;106,59;107,69;108,80;110,40;111,38;112,54;113,27;;99,03;99,42;99,94;100,34;100,84;101,25;101,92;102,39;102,99;103,38;;;;;;;;;;;
2017-03-14;;99,85;100,12;100,66;101,25;101,57;101,89;102,37;102,70;103,13;103,34;;103,56;104,05;105,37;106,56;107,66;108,76;110,35;111,32;112,48;113,22;;99,06;99,44;99,95;100,32;100,81;101,20;101,86;102,33;102,90;103,30;;;;;;;;;;;
2017-03-15;;100,25;100,54;101,12;101,76;102,10;102,45;102,98;103,33;103,79;104,02;;103,96;104,46;105,85;107,13;108,26;109,39;111,03;112,02;113,20;113,95;;99,42;99,83;100,40;100,83;101,34;101,75;102,44;102,94;103,52;103,93;;;;;;;;;;;
2017-03-16;;100,12;100,39;100,93;101,53;101,86;102,18;102,67;103,00;103,43;103,65;;103,60;104,13;105,54;106,79;107,94;109,08;110,75;111,78;113,07;113,88;;99,13;99,52;100,11;100,55;101,07;101,50;102,20;102,68;103,36;103,82;;;;;;;;;;;
2017-03-17;;100,18;100,44;100,96;101,54;101,86;102,17;102,65;102,96;103,38;103,59;;103,56;104,11;105,52;106,76;107,90;109,05;110,71;111,75;113,05;113,88;;99,11;99,50;100,09;100,50;101,03;101,46;102,15;102,63;103,31;103,79;;;;;;;;;;;
2017-03-18;;100,18;100,44;100,96;101,54;101,86;102,17;102,64;102,96;103,38;103,59;;103,56;104,11;105,52;106,76;107,90;109,05;110,71;111,75;113,05;113,88;;99,11;99,50;100,09;100,50;101,03;101,46;102,15;102,62;103,31;103,79;;;;;;;;;;;
2017-03-19;;100,18;100,44;100,96;101,54;101,86;102,17;102,64;102,96;103,38;103,59;;103,56;104,10;105,52;106,75;107,90;109,05;110,71;111,75;113,05;113,88;;99,11;99,49;100,08;100,50;101,03;101,45;102,14;102,62;103,31;103,79;;;;;;;;;;;
2017-03-20;;100,22;100,47;100,96;101,50;101,79;102,09;102,53;102,82;103,21;103,41;;103,47;104,02;105,43;106,63;107,77;108,92;110,59;111,62;112,94;113,80;;99,03;99,41;100,00;100,39;100,92;101,33;102,01;102,48;103,17;103,67;;;;;;;;;;;
2017-03-21;;100,15;100,32;100,67;101,05;101,26;101,47;101,78;101,98;102,26;102,39;;103,23;103,74;105,06;106,16;107,22;108,29;109,83;110,80;112,06;112,89;;98,84;99,14;99,66;99,99;100,44;100,80;101,36;101,74;102,38;102,86;;;;;;;;;;;
2017-03-22;;100,29;100,45;100,77;101,11;101,30;101,49;101,77;101,96;102,21;102,33;;103,46;103,95;105,23;106,29;107,32;108,36;109,86;110,79;111,97;112,78;;99,04;99,35;99,82;100,06;100,49;100,80;101,32;101,68;102,24;102,70;;;;;;;;;;;
2017-03-23;;100,28;100,45;100,81;101,19;101,40;101,61;101,92;102,12;102,40;102,53;;103,42;103,94;105,26;106,37;107,42;108,47;110,00;110,96;112,20;113,02;;99,01;99,34;99,84;100,12;100,56;100,91;101,45;101,82;102,44;102,92;;;;;;;;;;;
2017-03-24;;100,31;100,48;100,81;101,18;101,37;101,57;101,86;102,06;102,32;102,45;;103,54;104,03;105,36;106,47;107,50;108,53;110,03;110,96;112,17;112,97;;99,13;99,42;99,93;100,26;100,68;101,01;101,53;101,88;102,48;102,93;;;;;;;;;;;
2017-03-25;;100,31;100,48;100,81;101,17;101,37;101,57;101,86;102,06;102,32;102,45;;103,54;104,03;105,36;106,47;107,50;108,53;110,03;110,96;112,17;112,97;;99,13;99,42;99,93;100,26;100,68;101,01;101,52;101,88;102,48;102,93;;;;;;;;;;;
2017-03-26;;100,31;100,48;100,81;101,17;101,37;101,57;101,86;102,06;102,32;102,44;;103,53;104,02;105,35;106,47;107,50;108,53;110,03;110,96;112,17;112,97;;99,13;99,42;99,93;100,26;100,68;101,01;101,52;101,87;102,48;102,93;;;;;;;;;;;
2017-03-27;;100,30;100,42;100,66;100,93;101,07;101,22;101,43;101,57;101,76;101,85;;103,45;103,91;105,15;106,17;107,14;108,11;109,51;110,38;111,52;112,27;;99,06;99,31;99,74;99,94;100,31;100,59;101,02;101,32;101,85;102,27;;;;;;;;;;;
2017-03-28;;100,36;100,54;100,88;101,25;101,46;101,66;101,96;102,16;102,43;102,56;;103,71;104,20;105,51;106,61;107,62;108,63;110,10;111,01;112,20;112,98;;99,30;99,59;100,08;100,39;100,80;101,12;101,62;101,95;102,54;102,98;;;;;;;;;;;
2017-03-29;;100,66;100,87;101,31;101,78;102,04;102,30;102,69;102,94;103,28;103,45;;104,02;104,54;105,94;107,13;108,21;109,28;110,84;111,82;113,07;113,89;;99,58;99,91;100,48;100,89;101,35;101,71;102,29;102,69;103,32;103,79;;;;;;;;;;;
2017-03-30;;100,62;100,86;101,33;101,86;102,14;102,43;102,85;103,14;103,51;103,70;;104,07;104,62;106,04;107,26;108,36;109,46;111,05;112,05;113,33;114,16;;99,63;99,99;100,58;100,95;101,43;101,81;102,42;102,84;103,49;103,97;;;;;;;;;;;
2017-03-31;;100,65;100,88;101,36;101,89;102,17;102,46;102,89;103,17;103,55;103,74;;104,03;104,60;105,98;107,18;108,27;109,36;110,95;111,94;113,19;114,01;;99,59;99,97;100,52;100,84;101,31;101,70;102,31;102,73;103,38;103,85;;;;;;;;;;;
2017-04-01;;100,64;100,88;101,36;101,89;102,17;102,46;102,88;103,17;103,55;103,74;;104,03;104,60;105,98;107,18;108,27;109,36;110,95;111,94;113,19;114,01;;99,59;99,96;100,52;100,84;101,31;101,70;102,31;102,73;103,38;103,85;;;;;;;;;;;
2017-04-02;;100,64;100,88;101,36;101,88;102,17;102,46;102,88;103,17;103,55;103,74;;104,02;104,60;105,97;107,18;108,27;109,36;110,95;111,94;113,19;114,01;;99,58;99,96;100,52;100,84;101,31;101,70;102,31;102,73;103,38;103,84;;;;;;;;;;;
2017-04-03;;100,87;101,11;101,58;102,09;102,37;102,65;103,07;103,35;103,72;103,91;;104,22;104,77;106,16;107,35;108,46;109,57;111,18;112,18;113,45;114,30;;99,75;100,13;100,70;101,05;101,54;101,92;102,54;102,97;103,61;104,11;;;;;;;;;;;
2017-04-04;;100,87;101,11;101,57;102,08;102,36;102,64;103,05;103,33;103,70;103,88;;104,36;104,90;106,30;107,50;108,59;109,69;111,28;112,27;113,53;114,37;;99,89;100,26;100,83;101,17;101,65;102,01;102,61;103,03;103,66;104,14;;;;;;;;;;;
2017-04-05;;100,87;101,09;101,53;102,02;102,28;102,54;102,93;103,19;103,54;103,71;;104,32;104,86;106,26;107,46;108,56;109,66;111,25;112,24;113,52;114,37;;99,86;100,21;100,79;101,12;101,60;101,95;102,53;102,95;103,58;104,07;;;;;;;;;;;
2017-04-06;;100,88;101,11;101,56;102,06;102,33;102,60;103,00;103,27;103,63;103,80;;104,38;104,92;106,33;107,55;108,64;109,73;111,32;112,31;113,57;114,40;;99,92;100,28;100,86;101,14;101,62;101,97;102,54;102,96;103,58;104,05;;;;;;;;;;;
2017-04-07;;100,85;101,08;101,54;102,04;102,31;102,58;102,99;103,26;103,62;103,80;;104,38;104,93;106,34;107,57;108,66;109,76;111,35;112,34;113,61;114,44;;99,92;100,28;100,87;101,16;101,63;101,99;102,57;102,98;103,61;104,09;;;;;;;;;;;
2017-04-08;;100,85;101,08;101,53;102,03;102,31;102,58;102,98;103,25;103,61;103,79;;104,38;104,93;106,34;107,57;108,66;109,75;111,35;112,34;113,60;114,44;;99,92;100,28;100,87;101,15;101,63;101,99;102,57;102,98;103,61;104,09;;;;;;;;;;;
2017-04-09;;100,85;101,08;101,53;102,03;102,31;102,58;102,98;103,25;103,61;103,79;;104,37;104,93;106,34;107,57;108,66;109,75;111,34;112,34;113,60;114,44;;99,92;100,28;100,87;101,15;101,63;101,99;102,56;102,98;103,61;104,08;;;;;;;;;;;
2017-04-10;;100,96;101,22;101,73;102,29;102,60;102,90;103,36;103,67;104,07;104,27;;104,57;105,12;106,53;107,75;108,86;109,97;111,58;112,58;113,84;114,67;;100,09;100,47;101,04;101,38;101,87;102,25;102,86;103,30;103,93;104,41;;;;;;;;;;;
2017-04-11;;101,10;101,34;101,81;102,32;102,60;102,88;103,31;103,59;103,96;104,14;;104,47;105,04;106,38;107,53;108,62;109,70;111,27;112,25;113,48;114,30;;100,01;100,38;100,90;101,21;101,68;102,06;102,66;103,07;103,71;104,17;;;;;;;;;;;
2017-04-12;;101,16;101,38;101,83;102,31;102,57;102,84;103,23;103,49;103,84;104,01;;104,43;104,99;106,36;107,52;108,60;109,69;111,26;112,25;113,51;114,35;;99,98;100,34;100,88;101,17;101,63;102,01;102,59;103,00;103,64;104,12;;;;;;;;;;;
2017-04-13;;101,17;101,36;101,73;102,14;102,36;102,58;102,90;103,12;103,41;103,56;;104,35;104,90;106,23;107,32;108,37;109,43;110,98;111,94;113,20;114,04;;99,92;100,25;100,76;100,97;101,42;101,76;102,28;102,66;103,28;103,77;;;;;;;;;;;
2017-04-14;;101,17;101,36;101,73;102,14;102,36;102,58;102,90;103,12;103,41;103,56;;104,35;104,90;106,23;107,31;108,37;109,43;110,97;111,94;113,19;114,04;;99,91;100,25;100,76;100,97;101,42;101,75;102,28;102,66;103,28;103,77;;;;;;;;;;;
2017-04-15;;101,17;101,36;101,73;102,13;102,35;102,57;102,90;103,12;103,41;103,55;;104,35;104,90;106,22;107,31;108,37;109,43;110,97;111,94;113,19;114,04;;99,91;100,25;100,76;100,97;101,42;101,75;102,28;102,66;103,28;103,77;;;;;;;;;;;
2017-04-16;;101,17;101,36;101,73;102,13;102,35;102,57;102,90;103,12;103,41;103,55;;104,35;104,89;106,22;107,31;108,37;109,43;110,97;111,94;113,19;114,04;;99,91;100,25;100,75;100,97;101,41;101,75;102,28;102,66;103,27;103,77;;;;;;;;;;;
2017-04-17;;101,22;101,42;101,83;102,27;102,51;102,76;103,12;103,36;103,67;103,83;;104,42;104,97;106,30;107,40;108,47;109,54;111,09;112,06;113,30;114,14;;99,97;100,32;100,83;101,06;101,51;101,86;102,42;102,81;103,42;103,90;;;;;;;;;;;
2017-04-18;;101,28;101,44;101,74;102,07;102,25;102,43;102,70;102,88;103,11;103,23;;104,41;104,90;106,13;107,14;108,15;109,16;110,62;111,51;112,65;113,43;;99,94;100,25;100,67;100,84;101,24;101,53;102,01;102,35;102,87;103,30;;;;;;;;;;;
2017-04-19;;101,15;101,29;101,58;101,90;102,07;102,24;102,49;102,66;102,88;102,99;;104,28;104,77;105,99;106,99;107,98;108,96;110,39;111,27;112,38;113,14;;99,83;100,13;100,53;100,68;101,06;101,35;101,80;102,12;102,63;103,05;;;;;;;;;;;
2017-04-20;;101,08;101,24;101,55;101,90;102,08;102,27;102,54;102,73;102,97;103,09;;104,24;104,75;106,01;107,06;108,07;109,08;110,53;111,44;112,58;113,35;;99,79;100,11;100,55;100,71;101,11;101,41;101,89;102,23;102,77;103,19;;;;;;;;;;;
2017-04-21;;101,15;101,33;101,70;102,09;102,31;102,53;102,85;103,06;103,34;103,49;;104,23;104,76;106,08;107,18;108,23;109,28;110,81;111,76;112,97;113,79;;99,77;100,12;100,62;100,89;101,33;101,67;102,21;102,59;103,18;103,64;;;;;;;;;;;
2017-04-22;;101,15;101,33;101,69;102,09;102,31;102,52;102,85;103,06;103,34;103,48;;104,23;104,76;106,08;107,18;108,23;109,28;110,81;111,76;112,97;113,79;;99,77;100,12;100,61;100,89;101,33;101,66;102,21;102,59;103,18;103,64;;;;;;;;;;;
2017-04-23;;101,15;101,33;101,69;102,09;102,31;102,52;102,85;103,06;103,34;103,48;;104,23;104,75;106,07;107,18;108,23;109,28;110,81;111,76;112,96;113,78;;99,77;100,12;100,61;100,88;101,32;101,66;102,20;102,58;103,17;103,64;;;;;;;;;;;
2017-04-24;;101,05;101,24;101,61;102,02;102,24;102,46;102,79;103,01;103,30;103,45;;104,26;104,83;106,25;107,52;108,56;109,59;111,11;112,06;113,33;114,12;;99,88;100,19;100,78;101,12;101,54;101,91;102,43;102,79;103,45;103,89;;;;;;;;;;;
2017-04-25;;100,84;101,04;101,43;101,86;102,10;102,33;102,68;102,91;103,22;103,37;;104,06;104,66;106,10;107,36;108,43;109,50;111,07;112,07;113,39;114,23;;99,69;100,02;100,63;100,95;101,41;101,80;102,35;102,74;103,44;103,92;;;;;;;;;;;
2017-04-26;;100,97;101,19;101,62;102,10;102,36;102,62;103,01;103,26;103,61;103,78;;104,13;104,76;106,22;107,50;108,60;109,70;111,32;112,36;113,73;114,59;;99,76;100,12;100,75;101,10;101,59;102,01;102,62;103,04;103,79;104,30;;;;;;;;;;;
2017-04-27;;101,07;101,28;101,71;102,19;102,44;102,70;103,08;103,33;103,67;103,84;;104,42;105,02;106,47;107,74;108,83;109,91;111,50;112,51;113,84;114,68;;100,03;100,37;100,99;101,35;101,82;102,22;102,81;103,21;103,93;104,41;;;;;;;;;;;
2017-04-28;;101,05;101,24;101,63;102,06;102,29;102,53;102,87;103,10;103,41;103,56;;104,35;104,93;106,35;107,62;108,68;109,74;111,30;112,29;113,60;114,41;;99,97;100,28;100,88;101,20;101,65;102,04;102,59;102,98;103,67;104,13;;;;;;;;;;;
2017-04-29;;101,04;101,24;101,63;102,06;102,29;102,52;102,87;103,10;103,41;103,56;;104,35;104,93;106,35;107,61;108,68;109,74;111,30;112,29;113,60;114,41;;99,97;100,28;100,88;101,20;101,65;102,04;102,59;102,98;103,67;104,13;;;;;;;;;;;
2017-04-30;;101,04;101,24;101,63;102,06;102,29;102,52;102,87;103,10;103,40;103,56;;104,34;104,93;106,35;107,61;108,68;109,74;111,30;112,29;113,60;114,41;;99,97;100,28;100,88;101,20;101,65;102,04;102,59;102,98;103,67;104,13;;;;;;;;;;;
2017-05-01;;100,98;101,18;101,57;102,00;102,24;102,47;102,82;103,05;103,36;103,52;;104,34;104,92;106,34;107,59;108,65;109,71;111,27;112,25;113,56;114,37;;99,96;100,27;100,86;101,19;101,64;102,03;102,58;102,96;103,65;104,11;;;;;;;;;;;
2017-05-02;;101,08;101,29;101,72;102,18;102,43;102,69;103,07;103,32;103,65;103,82;;104,39;105,00;106,49;107,83;108,93;110,04;111,66;112,69;114,08;114,93;;100,03;100,35;101,01;101,41;101,90;102,32;102,91;103,33;104,09;104,57;;;;;;;;;;;
2017-05-03;;101,03;101,23;101,64;102,08;102,32;102,56;102,92;103,16;103,48;103,64;;104,46;105,05;106,53;107,87;108,95;110,04;111,63;112,65;114,01;114,84;;100,10;100,40;101,05;101,44;101,91;102,32;102,89;103,28;104,03;104,50;;;;;;;;;;;
2017-05-04;;100,89;101,09;101,50;101,94;102,18;102,42;102,77;103,01;103,33;103,48;;104,27;104,90;106,37;107,71;108,78;109,85;111,43;112,44;113,81;114,62;;99,94;100,25;100,90;101,26;101,71;102,14;102,70;103,09;103,86;104,32;;;;;;;;;;;
2017-05-05;;100,87;101,08;101,48;101,93;102,17;102,41;102,77;103,00;103,32;103,48;;104,27;104,93;106,42;107,80;108,88;109,95;111,55;112,58;113,98;114,80;;99,97;100,28;100,95;101,32;101,78;102,23;102,81;103,21;104,02;104,48;;;;;;;;;;;
2017-05-06;;100,87;101,08;101,48;101,92;102,17;102,41;102,76;103,00;103,32;103,48;;104,27;104,93;106,42;107,80;108,87;109,95;111,55;112,58;113,98;114,80;;99,96;100,28;100,94;101,32;101,78;102,23;102,81;103,21;104,01;104,48;;;;;;;;;;;
2017-05-07;;100,87;101,07;101,48;101,92;102,16;102,40;102,76;103,00;103,32;103,48;;104,27;104,93;106,42;107,80;108,87;109,95;111,55;112,58;113,98;114,80;;99,96;100,28;100,94;101,32;101,78;102,23;102,81;103,21;104,01;104,48;;;;;;;;;;;
2017-05-08;;100,89;101,13;101,62;102,16;102,45;102,75;103,18;103,48;103,86;104,06;;104,24;104,92;106,45;107,85;108,96;110,08;111,73;112,80;114,24;115,09;;99,92;100,28;100,97;101,46;101,95;102,44;103,09;103,52;104,37;104,87;;;;;;;;;;;
2017-05-09;;100,84;101,10;101,62;102,18;102,49;102,80;103,26;103,57;103,98;104,18;;104,21;104,92;106,51;107,95;109,11;110,27;112,00;113,11;114,63;115,54;;99,90;100,28;101,03;101,49;102,02;102,53;103,22;103,69;104,58;105,12;;;;;;;;;;;
2017-05-10;;100,91;101,18;101,73;102,34;102,67;103,00;103,49;103,82;104,26;104,48;;104,40;105,11;106,75;108,24;109,42;110,61;112,36;113,50;115,06;115,98;;100,08;100,45;101,25;101,77;102,32;102,84;103,55;104,04;104,95;105,50;;;;;;;;;;;
2017-05-11;;100,86;101,12;101,66;102,24;102,56;102,88;103,36;103,68;104,10;104,31;;104,23;104,93;106,56;108,01;109,20;110,40;112,18;113,32;114,90;115,85;;99,90;100,28;101,07;101,58;102,15;102,67;103,39;103,88;104,80;105,38;;;;;;;;;;;
2017-05-12;;101,07;101,32;101,83;102,39;102,70;103,00;103,46;103,76;104,16;104,36;;104,23;104,94;106,58;108,05;109,25;110,45;112,23;113,39;114,98;115,94;;99,91;100,30;101,09;101,61;102,18;102,71;103,44;103,93;104,88;105,46;;;;;;;;;;;
2017-05-13;;101,07;101,32;101,83;102,39;102,69;103,00;103,45;103,76;104,16;104,36;;104,23;104,94;106,58;108,04;109,24;110,45;112,23;113,39;114,98;115,93;;99,91;100,29;101,09;101,61;102,18;102,71;103,44;103,93;104,88;105,46;;;;;;;;;;;
2017-05-14;;101,07;101,32;101,83;102,39;102,69;103,00;103,45;103,76;104,16;104,36;;104,22;104,94;106,58;108,04;109,24;110,45;112,23;113,39;114,98;115,93;;99,91;100,29;101,09;101,61;102,18;102,71;103,44;103,93;104,87;105,46;;;;;;;;;;;
2017-05-15;;100,95;101,18;101,66;102,17;102,45;102,73;103,16;103,43;103,81;103,99;;104,15;104,87;106,49;107,92;109,09;110,27;112,02;113,15;114,75;115,70;;99,87;100,23;101,00;101,44;101,99;102,50;103,17;103,63;104,56;105,14;;;;;;;;;;;
2017-05-16;;100,92;101,12;101,51;101,94;102,18;102,41;102,76;102,99;103,30;103,46;;104,06;104,76;106,33;107,72;108,84;109,97;111,64;112,74;114,29;115,22;;99,81;100,12;100,86;101,27;101,77;102,24;102,85;103,26;104,17;104,73;;;;;;;;;;;
2017-05-17;;100,96;101,05;101,23;101,42;101,53;101,63;101,78;101,88;102,01;102,07;;103,90;104,51;105,92;107,10;108,08;109,06;110,52;111,48;112,89;113,74;;99,69;99,88;100,46;100,77;101,14;101,52;101,94;102,21;103,01;103,50;;;;;;;;;;;
2017-05-18;;100,98;101,08;101,27;101,48;101,59;101,70;101,86;101,96;102,10;102,17;;104,03;104,63;105,96;107,12;108,06;109,01;110,41;111,32;112,61;113,39;;99,79;100,00;100,51;100,75;101,09;101,44;101,84;102,10;102,82;103,24;;;;;;;;;;;
2017-05-19;;100,98;101,08;101,27;101,48;101,59;101,70;101,86;101,96;102,10;102,17;;104,03;104,65;106,00;107,18;108,14;109,09;110,50;111,43;112,75;113,53;;99,81;100,02;100,55;100,80;101,15;101,52;101,93;102,19;102,94;103,37;;;;;;;;;;;
2017-05-20;;100,98;101,08;101,27;101,48;101,59;101,70;101,86;101,96;102,10;102,17;;104,03;104,65;106,00;107,18;108,14;109,09;110,50;111,43;112,75;113,53;;99,80;100,02;100,55;100,80;101,14;101,52;101,93;102,19;102,94;103,37;;;;;;;;;;;
2017-05-21;;100,98;101,08;101,27;101,47;101,59;101,69;101,85;101,96;102,10;102,17;;104,03;104,65;106,00;107,18;108,13;109,09;110,50;111,43;112,74;113,53;;99,80;100,01;100,54;100,80;101,14;101,51;101,93;102,19;102,94;103,37;;;;;;;;;;;
2017-05-22;;100,96;101,06;101,28;101,51;101,64;101,76;101,95;102,07;102,23;102,31;;103,94;104,56;105,94;107,16;108,13;109,11;110,56;111,50;112,85;113,66;;99,71;99,93;100,49;100,76;101,13;101,51;101,94;102,23;102,99;103,44;;;;;;;;;;;
2017-05-23;;100,93;101,06;101,31;101,58;101,73;101,87;102,08;102,23;102,41;102,51;;104,03;104,65;106,08;107,35;108,35;109,34;110,82;111,78;113,16;113,96;;99,79;100,02;100,62;100,93;101,32;101,71;102,16;102,46;103,24;103,69;;;;;;;;;;;
2017-05-24;;100,93;101,06;101,31;101,58;101,72;101,87;102,08;102,22;102,41;102,50;;104,03;104,66;106,09;107,37;108,36;109,36;110,83;111,80;113,18;113,98;;99,79;100,02;100,63;100,94;101,33;101,72;102,18;102,48;103,26;103,71;;;;;;;;;;;
2017-05-25;;101,12;101,27;101,57;101,89;102,06;102,24;102,49;102,66;102,89;103,00;;104,26;104,89;106,39;107,72;108,76;109,80;111,35;112,35;113,77;114,62;;99,99;100,25;100,92;101,27;101,70;102,10;102,60;102,94;103,74;104,23;;;;;;;;;;;
2017-05-26;;101,12;101,27;101,57;101,89;102,06;102,24;102,49;102,66;102,89;103,00;;104,26;104,88;106,37;107,69;108,73;109,77;111,30;112,30;113,71;114,55;;99,98;100,24;100,90;101,25;101,67;102,07;102,56;102,90;103,68;104,17;;;;;;;;;;;
2017-05-27;;101,12;101,27;101,56;101,89;102,06;102,23;102,49;102,66;102,89;103,00;;104,25;104,88;106,37;107,69;108,73;109,76;111,30;112,30;113,71;114,55;;99,98;100,24;100,90;101,25;101,67;102,07;102,56;102,90;103,68;104,17;;;;;;;;;;;
2017-05-28;;101,12;101,27;101,56;101,89;102,06;102,23;102,49;102,66;102,88;103,00;;104,25;104,88;106,37;107,69;108,73;109,76;111,30;112,30;113,71;114,55;;99,98;100,23;100,89;101,25;101,67;102,07;102,56;102,89;103,68;104,16;;;;;;;;;;;
2017-05-29;;101,27;101,42;101,72;102,05;102,22;102,40;102,66;102,83;103,06;103,17;;104,51;105,14;106,62;107,92;108,96;110,00;111,55;112,55;113,96;114,81;;100,21;100,48;101,13;101,47;101,90;102,29;102,79;103,13;103,90;104,40;;;;;;;;;;;
2017-05-30;;101,30;101,44;101,73;102,04;102,21;102,38;102,63;102,79;103,01;103,12;;104,49;105,11;106,58;107,86;108,89;109,93;111,45;112,44;113,83;114,68;;100,19;100,46;101,09;101,43;101,85;102,24;102,74;103,07;103,84;104,33;;;;;;;;;;;
2017-05-31;;101,23;101,35;101,59;101,85;101,98;102,12;102,32;102,45;102,63;102,72;;104,40;104,97;106,37;107,57;108,55;109,54;110,98;111,91;113,23;114,04;;100,10;100,34;100,89;101,16;101,53;101,89;102,33;102,61;103,34;103,79;;;;;;;;;;;
2017-06-01;;101,29;101,45;101,78;102,13;102,32;102,51;102,79;102,97;103,22;103,34;;104,40;105,00;106,48;107,78;108,81;109,86;111,37;112,34;113,73;114,58;;100,11;100,38;101,00;101,36;101,77;102,18;102,70;103,03;103,81;104,29;;;;;;;;;;;
2017-06-02;;101,43;101,59;101,89;102,23;102,41;102,59;102,85;103,03;103,26;103,37;;104,41;105,01;106,50;107,81;108,84;109,89;111,41;112,39;113,79;114,64;;100,11;100,39;101,02;101,38;101,79;102,21;102,73;103,07;103,86;104,35;;;;;;;;;;;
2017-06-03;;101,43;101,59;101,89;102,23;102,41;102,58;102,85;103,03;103,26;103,37;;104,41;105,01;106,50;107,81;108,84;109,89;111,41;112,38;113,78;114,64;;100,11;100,39;101,02;101,37;101,79;102,21;102,73;103,07;103,86;104,34;;;;;;;;;;;
2017-06-04;;101,43;101,59;101,89;102,22;102,40;102,58;102,85;103,02;103,26;103,37;;104,40;105,00;106,50;107,81;108,84;109,89;111,41;112,38;113,78;114,64;;100,11;100,39;101,02;101,37;101,79;102,21;102,73;103,07;103,86;104,34;;;;;;;;;;;
2017-06-05;;101,41;101,58;101,91;102,28;102,47;102,67;102,96;103,15;103,41;103,53;;104,45;105,07;106,58;107,90;108,95;110,01;111,56;112,56;113,99;114,86;;100,15;100,43;101,09;101,54;101,97;102,42;102,97;103,31;104,15;104,65;;;;;;;;;;;
2017-06-06;;101,50;101,64;101,92;102,22;102,38;102,54;102,78;102,93;103,14;103,24;;104,54;105,14;106,58;107,83;108,84;109,86;111,35;112,31;113,67;114,50;;100,24;100,50;101,10;101,50;101,90;102,30;102,79;103,11;103,87;104,35;;;;;;;;;;;
2017-06-07;;101,45;101,60;101,89;102,21;102,38;102,55;102,80;102,97;103,19;103,29;;104,49;105,09;106,54;107,79;108,81;109,84;111,34;112,29;113,66;114,50;;100,20;100,46;101,06;101,47;101,87;102,27;102,78;103,10;103,87;104,35;;;;;;;;;;;
2017-06-08;;101,41;101,57;101,90;102,25;102,44;102,62;102,90;103,09;103,33;103,46;;104,65;105,27;106,75;108,05;109,09;110,14;111,68;112,66;114,05;114,90;;100,35;100,62;101,26;101,66;102,09;102,49;103,00;103,35;104,11;104,60;;;;;;;;;;;
2017-06-09;;101,41;101,57;101,89;102,24;102,43;102,62;102,90;103,09;103,33;103,46;;104,66;105,29;106,78;108,09;109,14;110,19;111,74;112,73;114,13;114,99;;100,36;100,64;101,29;101,70;102,13;102,54;103,06;103,40;104,19;104,69;;;;;;;;;;;
2017-06-10;;101,41;101,57;101,89;102,24;102,43;102,62;102,90;103,09;103,33;103,45;;104,66;105,28;106,78;108,09;109,14;110,19;111,74;112,73;114,13;114,99;;100,36;100,64;101,29;101,69;102,13;102,53;103,06;103,40;104,19;104,69;;;;;;;;;;;
2017-06-11;;101,41;101,57;101,89;102,24;102,43;102,62;102,90;103,09;103,33;103,45;;104,66;105,28;106,78;108,09;109,14;110,19;111,74;112,73;114,13;114,99;;100,36;100,63;101,29;101,69;102,13;102,53;103,06;103,40;104,19;104,69;;;;;;;;;;;
2017-06-12;;101,42;101,58;101,89;102,22;102,40;102,58;102,85;103,03;103,26;103,38;;104,84;105,43;106,88;108,13;109,14;110,16;111,62;112,55;113,86;114,66;;100,55;100,80;101,39;101,77;102,17;102,54;103,02;103,34;104,04;104,48;;;;;;;;;;;
2017-06-13;;101,47;101,65;102,01;102,41;102,62;102,83;103,15;103,36;103,64;103,77;;104,94;105,54;107,05;108,34;109,38;110,43;111,92;112,88;114,22;115,02;;100,64;100,93;101,55;101,95;102,37;102,77;103,28;103,63;104,35;104,80;;;;;;;;;;;
2017-06-14;;101,65;101,79;102,07;102,37;102,53;102,69;102,93;103,09;103,29;103,40;;105,01;105,58;107,00;108,21;109,20;110,19;111,62;112,54;113,82;114,60;;100,70;100,94;101,50;101,86;102,23;102,59;103,04;103,34;104,01;104,45;;;;;;;;;;;
2017-06-15;;101,56;101,73;102,07;102,44;102,64;102,83;103,13;103,32;103,58;103,71;;104,81;105,40;106,89;108,18;109,22;110,26;111,76;112,68;114,01;114,81;;100,52;100,81;101,41;101,79;102,21;102,59;103,10;103,45;104,14;104,59;;;;;;;;;;;
2017-06-16;;101,59;101,76;102,09;102,46;102,65;102,85;103,14;103,33;103,58;103,71;;104,84;105,43;106,95;108,26;109,30;110,36;111,87;112,82;114,16;114,98;;100,54;100,83;101,46;101,85;102,28;102,67;103,20;103,56;104,28;104,74;;;;;;;;;;;
2017-06-17;;101,59;101,76;102,09;102,45;102,65;102,85;103,14;103,33;103,58;103,71;;104,84;105,43;106,95;108,26;109,30;110,36;111,86;112,81;114,16;114,98;;100,54;100,83;101,46;101,85;102,28;102,67;103,20;103,56;104,27;104,74;;;;;;;;;;;
2017-06-18;;101,59;101,75;102,09;102,45;102,65;102,84;103,14;103,33;103,58;103,71;;104,83;105,43;106,94;108,26;109,30;110,35;111,86;112,81;114,16;114,98;;100,54;100,83;101,45;101,85;102,28;102,67;103,20;103,55;104,27;104,73;;;;;;;;;;;
2017-06-19;;101,67;101,89;102,32;102,79;103,04;103,29;103,67;103,92;104,26;104,42;;105,02;105,66;107,25;108,65;109,74;110,85;112,43;113,44;114,86;115,72;;100,72;101,05;101,74;102,20;102,67;103,11;103,70;104,10;104,88;105,37;;;;;;;;;;;
2017-06-20;;101,75;101,94;102,32;102,73;102,95;103,18;103,51;103,73;104,02;104,16;;105,07;105,68;107,22;108,56;109,62;110,69;112,23;113,20;114,57;115,41;;100,77;101,06;101,72;102,16;102,61;103,01;103,56;103,93;104,67;105,15;;;;;;;;;;;
2017-06-21;;101,74;101,91;102,26;102,64;102,84;103,04;103,35;103,55;103,81;103,94;;105,07;105,67;107,18;108,48;109,53;110,57;112,08;113,02;114,36;115,18;;100,77;101,05;101,68;102,08;102,51;102,89;103,42;103,77;104,47;104,94;;;;;;;;;;;
2017-06-22;;101,77;101,94;102,28;102,65;102,84;103,04;103,33;103,53;103,78;103,91;;105,09;105,68;107,18;108,47;109,51;110,55;112,06;113,00;114,34;115,16;;100,78;101,05;101,68;102,08;102,50;102,88;103,39;103,73;104,44;104,91;;;;;;;;;;;
2017-06-23;;101,74;101,90;102,22;102,56;102,75;102,93;103,21;103,39;103,63;103,75;;105,04;105,64;107,13;108,41;109,45;110,48;111,98;112,93;114,26;115,08;;100,74;101,01;101,63;102,02;102,43;102,81;103,31;103,65;104,36;104,82;;;;;;;;;;;
2017-06-24;;101,74;101,90;102,21;102,56;102,75;102,93;103,20;103,39;103,63;103,74;;105,04;105,64;107,13;108,41;109,45;110,48;111,98;112,93;114,26;115,08;;100,73;101,01;101,62;102,01;102,43;102,81;103,31;103,65;104,36;104,82;;;;;;;;;;;
2017-06-25;;101,74;101,90;102,21;102,56;102,74;102,93;103,20;103,38;103,62;103,74;;105,04;105,64;107,12;108,41;109,44;110,48;111,98;112,93;114,26;115,08;;100,73;101,00;101,62;102,01;102,43;102,81;103,31;103,65;104,36;104,82;;;;;;;;;;;
2017-06-26;;101,79;101,95;102,27;102,63;102,82;103,00;103,29;103,47;103,72;103,84;;105,10;105,74;107,24;108,55;109,61;110,66;112,20;113,19;114,56;115,39;;100,80;101,07;101,73;102,14;102,58;102,96;103,47;103,83;104,56;105,04;;;;;;;;;;;
2017-06-27;;101,34;101,45;101,68;101,92;102,05;102,18;102,37;102,49;102,66;102,74;;104,45;105,04;106,45;107,65;108,65;109,63;111,10;112,04;113,36;114,17;;100,16;100,39;100,97;101,29;101,68;102,03;102,46;102,76;103,46;103,92;;;;;;;;;;;
2017-06-28;;101,26;101,38;101,63;101,89;102,03;102,17;102,38;102,52;102,70;102,78;;104,44;105,01;106,42;107,61;108,60;109,58;111,00;111,92;113,20;113,98;;100,16;100,39;100,94;101,23;101,60;101,95;102,38;102,67;103,34;103,77;;;;;;;;;;;
2017-06-29;;100,83;100,91;101,06;101,23;101,32;101,40;101,53;101,61;101,72;101,77;;103,82;104,36;105,67;106,76;107,70;108,63;109,99;110,87;112,11;112,87;;99,56;99,75;100,23;100,47;100,80;101,10;101,46;101,71;102,34;102,76;;;;;;;;;;;
2017-06-30;;100,69;100,78;100,95;101,14;101,23;101,33;101,47;101,57;101,69;101,75;;103,77;104,31;105,64;106,75;107,69;108,64;110,02;110,88;112,12;112,87;;99,51;99,72;100,21;100,44;100,78;101,08;101,46;101,72;102,34;102,75;;;;;;;;;;;
2017-07-01;;100,69;100,78;100,95;101,14;101,23;101,33;101,47;101,56;101,69;101,75;;103,76;104,31;105,63;106,75;107,69;108,64;110,01;110,88;112,12;112,87;;99,51;99,72;100,21;100,44;100,78;101,08;101,46;101,71;102,34;102,75;;;;;;;;;;;
2017-07-02;;100,69;100,78;100,95;101,13;101,23;101,33;101,47;101,56;101,68;101,74;;103,76;104,31;105,63;106,75;107,69;108,64;110,01;110,88;112,12;112,86;;99,51;99,72;100,21;100,44;100,78;101,08;101,46;101,71;102,33;102,74;;;;;;;;;;;
2017-07-03;;100,67;100,79;101,03;101,29;101,43;101,57;101,77;101,90;102,08;102,16;;103,84;104,43;105,83;107,04;108,03;109,03;110,49;111,42;112,74;113,54;;99,57;99,82;100,39;100,66;101,05;101,39;101,83;102,13;102,82;103,27;;;;;;;;;;;
2017-07-04;;100,67;100,80;101,04;101,31;101,45;101,59;101,80;101,94;102,12;102,21;;103,90;104,47;105,87;107,06;108,04;109,03;110,45;111,35;112,65;113,41;;99,64;99,89;100,43;100,69;101,06;101,40;101,82;102,12;102,78;103,21;;;;;;;;;;;
2017-07-05;;100,75;100,89;101,16;101,45;101,61;101,76;101,99;102,14;102,34;102,44;;103,95;104,54;105,96;107,18;108,18;109,20;110,66;111,58;112,91;113,70;;99,69;99,94;100,52;100,82;101,21;101,57;102,03;102,34;103,03;103,48;;;;;;;;;;;
2017-07-06;;100,34;100,43;100,60;100,78;100,87;100,97;101,11;101,20;101,32;101,38;;103,28;103,84;105,15;106,27;107,21;108,16;109,55;110,43;111,71;112,49;;99,04;99,25;99,74;99,97;100,31;100,64;101,02;101,27;101,95;102,38;;;;;;;;;;;
2017-07-07;;100,32;100,43;100,64;100,87;100,99;101,11;101,29;101,41;101,56;101,63;;103,31;103,86;105,23;106,39;107,36;108,35;109,76;110,63;111,93;112,71;;99,07;99,31;99,82;100,03;100,39;100,72;101,14;101,42;102,09;102,52;;;;;;;;;;;
2017-07-08;;100,32;100,42;100,64;100,87;100,99;101,11;101,29;101,40;101,56;101,63;;103,31;103,86;105,22;106,39;107,36;108,35;109,76;110,63;111,93;112,71;;99,07;99,31;99,82;100,03;100,39;100,72;101,14;101,42;102,09;102,52;;;;;;;;;;;
2017-07-09;;100,32;100,42;100,64;100,86;100,99;101,11;101,29;101,40;101,56;101,63;;103,30;103,86;105,22;106,39;107,35;108,34;109,76;110,63;111,93;112,70;;99,07;99,31;99,82;100,03;100,39;100,72;101,14;101,42;102,09;102,52;;;;;;;;;;;
2017-07-10;;100,44;100,56;100,78;101,02;101,15;101,28;101,47;101,59;101,76;101,84;;103,53;104,12;105,50;106,68;107,67;108,67;110,11;111,02;112,34;113,12;;99,29;99,53;100,08;100,31;100,69;101,03;101,45;101,75;102,43;102,87;;;;;;;;;;;
2017-07-11;;100,40;100,50;100,69;100,89;101,00;101,10;101,26;101,36;101,50;101,56;;103,36;103,96;105,31;106,47;107,46;108,45;109,90;110,81;112,14;112,93;;99,13;99,35;99,90;100,14;100,52;100,84;101,25;101,53;102,21;102,67;;;;;;;;;;;
2017-07-12;;100,70;100,83;101,09;101,37;101,52;101,67;101,89;102,04;102,23;102,32;;103,78;104,42;105,87;107,13;108,17;109,21;110,76;111,75;113,17;114,00;;99,52;99,78;100,42;100,74;101,17;101,55;102,03;102,36;103,12;103,62;;;;;;;;;;;
2017-07-13;;100,67;100,82;101,13;101,46;101,63;101,81;102,07;102,24;102,47;102,58;;103,69;104,39;105,88;107,21;108,29;109,37;111,00;112,06;113,55;114,44;;99,43;99,72;100,43;100,79;101,26;101,66;102,18;102,55;103,37;103,92;;;;;;;;;;;
2017-07-14;;100,74;100,90;101,22;101,56;101,75;101,94;102,21;102,39;102,63;102,75;;103,75;104,45;105,95;107,29;108,38;109,47;111,11;112,18;113,68;114,58;;99,49;99,77;100,50;100,89;101,37;101,77;102,31;102,68;103,52;104,08;;;;;;;;;;;
2017-07-15;;100,74;100,90;101,22;101,56;101,75;101,93;102,21;102,39;102,63;102,75;;103,74;104,45;105,95;107,29;108,38;109,47;111,11;112,17;113,68;114,57;;99,48;99,77;100,50;100,89;101,37;101,77;102,31;102,68;103,52;104,08;;;;;;;;;;;
2017-07-16;;100,74;100,90;101,22;101,56;101,75;101,93;102,21;102,39;102,63;102,75;;103,74;104,44;105,95;107,29;108,38;109,46;111,11;112,17;113,67;114,57;;99,48;99,77;100,49;100,89;101,37;101,77;102,31;102,68;103,51;104,07;;;;;;;;;;;
2017-07-17;;100,80;100,95;101,24;101,55;101,72;101,89;102,14;102,30;102,52;102,62;;103,83;104,53;106,01;107,33;108,41;109,48;111,11;112,17;113,66;114,56;;99,57;99,83;100,55;100,92;101,38;101,77;102,29;102,64;103,46;104,02;;;;;;;;;;;
2017-07-18;;100,84;100,93;101,11;101,30;101,40;101,50;101,65;101,75;101,87;101,93;;103,82;104,47;105,84;107,03;108,05;109,04;110,57;111,55;112,93;113,77;;99,56;99,77;100,39;100,66;101,07;101,39;101,81;102,10;102,82;103,33;;;;;;;;;;;
2017-07-19;;101,01;101,15;101,43;101,73;101,89;102,05;102,29;102,45;102,65;102,75;;104,09;104,79;106,25;107,56;108,64;109,71;111,33;112,39;113,86;114,74;;99,81;100,08;100,79;101,15;101,62;101,99;102,49;102,84;103,63;104,18;;;;;;;;;;;
2017-07-20;;100,92;101,03;101,23;101,44;101,55;101,67;101,83;101,94;102,08;102,15;;104,03;104,69;106,07;107,28;108,30;109,29;110,82;111,82;113,20;114,04;;99,76;99,98;100,61;100,89;101,30;101,63;102,05;102,35;103,08;103,59;;;;;;;;;;;
2017-07-21;;100,99;101,06;101,20;101,35;101,43;101,51;101,62;101,69;101,79;101,83;;104,10;104,73;106,05;107,18;108,16;109,12;110,60;111,55;112,86;113,66;;99,83;100,02;100,60;100,84;101,21;101,49;101,86;102,12;102,79;103,28;;;;;;;;;;;
2017-07-22;;100,99;101,06;101,20;101,35;101,43;101,51;101,62;101,69;101,79;101,83;;104,10;104,73;106,04;107,18;108,16;109,12;110,59;111,54;112,86;113,66;;99,83;100,02;100,59;100,83;101,21;101,49;101,86;102,12;102,79;103,27;;;;;;;;;;;
2017-07-23;;100,99;101,06;101,20;101,35;101,43;101,51;101,62;101,69;101,79;101,83;;104,10;104,73;106,04;107,18;108,16;109,12;110,59;111,54;112,86;113,66;;99,83;100,02;100,59;100,83;101,21;101,49;101,86;102,12;102,79;103,27;;;;;;;;;;;
2017-07-24;;100,96;101,03;101,16;101,30;101,38;101,45;101,56;101,63;101,72;101,76;;104,13;104,77;106,08;107,21;108,20;109,15;110,64;111,60;112,92;113,72;;99,86;100,05;100,63;100,85;101,23;101,49;101,85;102,11;102,76;103,26;;;;;;;;;;;
2017-07-25;;100,71;100,80;100,98;101,17;101,28;101,38;101,52;101,62;101,74;101,80;;103,88;104,52;105,87;107,05;108,06;109,05;110,56;111,54;112,90;113,72;;99,62;99,83;100,43;100,66;101,05;101,35;101,74;102,03;102,72;103,22;;;;;;;;;;;
2017-07-26;;100,84;100,95;101,15;101,37;101,48;101,60;101,77;101,88;102,02;102,10;;103,99;104,66;106,04;107,26;108,29;109,30;110,84;111,84;113,24;114,08;;99,72;99,95;100,59;100,84;101,26;101,58;102,00;102,30;103,02;103,54;;;;;;;;;;;
2017-07-27;;100,81;100,91;101,09;101,28;101,39;101,49;101,64;101,73;101,86;101,92;;104,07;104,74;106,09;107,27;108,29;109,27;110,81;111,81;113,19;114,02;;99,80;100,00;100,63;100,88;101,29;101,59;101,99;102,27;102,98;103,50;;;;;;;;;;;
2017-07-28;;100,81;100,90;101,09;101,28;101,38;101,49;101,64;101,73;101,86;101,92;;104,07;104,74;106,09;107,27;108,29;109,27;110,80;111,81;113,19;114,02;;99,80;100,00;100,63;100,88;101,29;101,59;101,98;102,27;102,98;103,50;;;;;;;;;;;
2017-07-29;;100,81;100,90;101,09;101,28;101,38;101,49;101,63;101,73;101,86;101,92;;104,07;104,73;106,09;107,27;108,28;109,27;110,80;111,81;113,19;114,02;;99,79;100,00;100,63;100,88;101,29;101,59;101,98;102,27;102,98;103,50;;;;;;;;;;;
2017-07-30;;100,81;100,90;101,08;101,28;101,38;101,48;101,63;101,73;101,86;101,92;;104,07;104,73;106,08;107,27;108,28;109,27;110,80;111,81;113,19;114,02;;99,79;100,00;100,63;100,88;101,28;101,59;101,98;102,27;102,98;103,50;;;;;;;;;;;
2017-07-31;;100,68;100,71;100,77;100,83;100,86;100,88;100,92;100,94;100,97;100,98;;103,92;104,53;105,76;106,80;107,73;108,64;110,04;110,96;112,22;112,98;;99,65;99,80;100,31;100,46;100,80;101,04;101,33;101,54;102,16;102,61;;;;;;;;;;;
2017-08-01;;100,91;100,95;101,01;101,08;101,12;101,15;101,19;101,22;101,25;101,27;;104,25;104,85;106,06;107,08;108,00;108,89;110,27;111,19;112,42;113,16;;99,97;100,11;100,60;100,76;101,08;101,31;101,59;101,79;102,39;102,82;;;;;;;;;;;
2017-08-02;;100,84;100,86;100,89;100,92;100,93;100,94;100,95;100,95;100,95;100,95;;104,25;104,84;106,03;107,02;107,93;108,80;110,15;111,06;112,28;113,01;;99,96;100,09;100,57;100,70;101,00;101,23;101,48;101,66;102,26;102,69;;;;;;;;;;;
2017-08-03;;100,96;100,95;100,94;100,92;100,91;100,89;100,86;100,84;100,81;100,79;;104,31;104,87;106,03;106,97;107,84;108,68;109,99;110,87;112,04;112,76;;100,02;100,13;100,56;100,66;100,93;101,14;101,36;101,52;102,10;102,50;;;;;;;;;;;
2017-08-04;;101,00;101,05;101,16;101,27;101,32;101,37;101,45;101,50;101,56;101,59;;104,40;105,03;106,31;107,41;108,37;109,30;110,74;111,71;113,02;113,80;;100,10;100,27;100,83;101,03;101,38;101,66;101,98;102,22;102,89;103,35;;;;;;;;;;;
2017-08-05;;101,00;101,05;101,16;101,26;101,32;101,37;101,45;101,50;101,56;101,59;;104,40;105,02;106,31;107,41;108,37;109,30;110,74;111,71;113,02;113,80;;100,10;100,27;100,83;101,02;101,38;101,66;101,98;102,22;102,89;103,35;;;;;;;;;;;
2017-08-06;;101,00;101,05;101,16;101,26;101,32;101,37;101,45;101,50;101,56;101,59;;104,40;105,02;106,31;107,41;108,37;109,30;110,74;111,71;113,01;113,80;;100,10;100,27;100,83;101,02;101,38;101,66;101,98;102,22;102,89;103,35;;;;;;;;;;;
2017-08-07;;101,00;101,05;101,15;101,26;101,32;101,37;101,45;101,50;101,56;101,59;;104,39;105,02;106,31;107,40;108,37;109,30;110,74;111,71;113,01;113,80;;100,10;100,27;100,83;101,02;101,38;101,65;101,98;102,22;102,89;103,35;;;;;;;;;;;
2017-08-08;;100,97;101,03;101,14;101,26;101,33;101,39;101,48;101,53;101,61;101,64;;104,40;105,07;106,38;107,50;108,50;109,45;110,95;111,96;113,31;114,12;;100,11;100,28;100,89;101,13;101,51;101,80;102,14;102,40;103,11;103,60;;;;;;;;;;;
2017-08-09;;101,03;101,07;101,15;101,22;101,26;101,30;101,35;101,38;101,42;101,44;;104,52;105,14;106,39;107,45;108,39;109,31;110,72;111,67;112,93;113,70;;100,23;100,38;100,91;101,07;101,42;101,66;101,95;102,18;102,80;103,26;;;;;;;;;;;
2017-08-10;;100,97;100,94;100,89;100,83;100,80;100,76;100,70;100,66;100,59;100,56;;104,35;104,90;106,01;106,91;107,77;108,58;109,87;110,73;111,88;112,59;;100,06;100,14;100,55;100,64;100,90;101,08;101,27;101,41;101,96;102,37;;;;;;;;;;;
2017-08-11;;100,94;100,89;100,79;100,67;100,60;100,53;100,42;100,35;100,24;100,19;;104,34;104,82;105,85;106,66;107,46;108,22;109,40;110,16;111,20;111,85;;100,06;100,11;100,41;100,42;100,62;100,77;100,90;100,99;101,44;101,79;;;;;;;;;;;
2017-08-12;;100,94;100,89;100,78;100,67;100,60;100,53;100,42;100,34;100,24;100,19;;104,34;104,82;105,85;106,66;107,46;108,22;109,39;110,16;111,20;111,85;;100,05;100,11;100,41;100,42;100,62;100,77;100,90;100,99;101,44;101,79;;;;;;;;;;;
2017-08-13;;100,93;100,89;100,78;100,66;100,60;100,53;100,42;100,34;100,24;100,19;;104,34;104,82;105,85;106,66;107,45;108,22;109,39;110,16;111,20;111,84;;100,05;100,11;100,41;100,42;100,62;100,76;100,90;100,99;101,44;101,78;;;;;;;;;;;
2017-08-14;;100,98;100,98;100,97;100,95;100,94;100,93;100,90;100,88;100,85;100,83;;104,43;104,97;106,12;107,07;107,94;108,78;110,07;110,91;112,06;112,77;;100,14;100,26;100,67;100,71;100,98;101,17;101,38;101,54;102,06;102,45;;;;;;;;;;;
2017-08-15;;100,93;100,95;100,99;101,03;101,05;101,07;101,09;101,10;101,11;101,12;;104,34;104,90;106,10;107,09;108,00;108,88;110,22;111,08;112,28;113,01;;100,06;100,19;100,65;100,75;101,05;101,27;101,53;101,72;102,28;102,70;;;;;;;;;;;
2017-08-16;;100,93;100,95;100,99;101,03;101,05;101,07;101,09;101,10;101,11;101,12;;104,34;104,90;106,10;107,09;108,00;108,88;110,22;111,08;112,28;113,01;;100,06;100,19;100,64;100,75;101,05;101,27;101,53;101,72;102,28;102,70;;;;;;;;;;;
2017-08-17;;100,94;100,92;100,86;100,79;100,75;100,70;100,63;100,58;100,52;100,48;;104,22;104,80;105,91;106,83;107,70;108,52;109,85;110,74;111,93;112,67;;99,93;100,01;100,45;100,54;100,81;101,00;101,19;101,33;101,92;102,35;;;;;;;;;;;
2017-08-18;;100,92;100,87;100,77;100,66;100,59;100,52;100,42;100,35;100,25;100,19;;104,27;104,82;105,88;106,74;107,58;108,37;109,64;110,49;111,63;112,33;;99,98;100,04;100,43;100,47;100,71;100,87;101,02;101,13;101,66;102,07;;;;;;;;;;;
2017-08-19;;100,92;100,87;100,77;100,66;100,59;100,52;100,42;100,34;100,24;100,19;;104,27;104,82;105,88;106,74;107,58;108,37;109,64;110,49;111,63;112,33;;99,98;100,03;100,42;100,47;100,71;100,87;101,02;101,13;101,66;102,07;;;;;;;;;;;
2017-08-20;;100,91;100,87;100,77;100,65;100,59;100,52;100,42;100,34;100,24;100,19;;104,27;104,82;105,88;106,74;107,58;108,37;109,64;110,49;111,62;112,33;;99,98;100,03;100,42;100,47;100,71;100,87;101,02;101,13;101,66;102,07;;;;;;;;;;;
2017-08-21;;100,89;100,82;100,66;100,49;100,40;100,30;100,14;100,04;99,90;99,82;;104,23;104,76;105,78;106,59;107,40;108,16;109,40;110,23;111,32;112,01;;99,94;99,97;100,33;100,31;100,53;100,66;100,77;100,85;101,34;101,74;;;;;;;;;;;
2017-08-22;;100,97;100,96;100,93;100,89;100,87;100,84;100,80;100,77;100,72;100,69;;104,32;104,91;106,06;107,02;107,93;108,78;110,15;111,06;112,28;113,04;;100,03;100,13;100,60;100,67;100,97;101,16;101,37;101,54;102,11;102,57;;;;;;;;;;;
2017-08-23;;101,00;100,95;100,85;100,74;100,67;100,60;100,49;100,42;100,32;100,26;;104,27;104,85;105,92;106,81;107,67;108,48;109,80;110,67;111,85;112,58;;99,98;100,04;100,47;100,50;100,77;100,92;101,08;101,20;101,74;102,19;;;;;;;;;;;
2017-08-24;;100,95;100,90;100,80;100,69;100,62;100,56;100,45;100,38;100,27;100,22;;104,24;104,84;105,93;106,83;107,71;108,53;109,88;110,79;112,00;112,75;;99,95;100,01;100,47;100,49;100,77;100,92;101,08;101,21;101,77;102,24;;;;;;;;;;;
2017-08-25;;100,94;100,87;100,74;100,59;100,50;100,41;100,27;100,18;100,05;99,99;;104,18;104,77;105,82;106,69;107,55;108,35;109,68;110,57;111,76;112,51;;99,89;99,93;100,37;100,36;100,63;100,77;100,90;101,02;101,56;102,02;;;;;;;;;;;
2017-08-26;;100,94;100,87;100,74;100,59;100,50;100,41;100,27;100,18;100,05;99,98;;104,18;104,77;105,82;106,69;107,55;108,35;109,68;110,57;111,76;112,50;;99,89;99,93;100,37;100,36;100,63;100,76;100,90;101,01;101,56;102,02;;;;;;;;;;;
2017-08-27;;100,94;100,87;100,74;100,59;100,50;100,41;100,27;100,18;100,05;99,98;;104,18;104,77;105,82;106,69;107,55;108,35;109,67;110,57;111,75;112,50;;99,89;99,93;100,37;100,36;100,63;100,76;100,90;101,01;101,56;102,02;;;;;;;;;;;
2017-08-28;;100,89;100,79;100,59;100,37;100,24;100,11;99,92;99,78;99,60;99,51;;104,19;104,74;105,74;106,55;107,37;108,12;109,38;110,25;111,38;112,10;;99,89;99,91;100,29;100,22;100,44;100,56;100,64;100,72;101,24;101,67;;;;;;;;;;;
2017-08-29;;100,90;100,77;100,49;100,18;100,01;99,84;99,57;99,39;99,15;99,03;;104,20;104,70;105,60;106,29;107,04;107,74;108,89;109,66;110,68;111,34;;99,91;99,89;100,16;100,00;100,17;100,21;100,22;100,24;100,64;101,02;;;;;;;;;;;
2017-08-30;;100,99;100,91;100,75;100,57;100,46;100,36;100,19;100,08;99,93;99,85;;104,31;104,89;105,92;106,77;107,62;108,41;109,71;110,57;111,71;112,43;;100,03;100,07;100,47;100,42;100,68;100,78;100,89;101,00;101,48;101,92;;;;;;;;;;;
2017-08-31;;101,16;101,12;101,04;100,94;100,88;100,82;100,73;100,67;100,58;100,53;;104,46;105,06;106,18;107,11;108,00;108,84;110,20;111,10;112,29;113,03;;100,17;100,25;100,72;100,75;101,04;101,19;101,37;101,53;102,06;102,51;;;;;;;;;;;
2017-09-01;;101,10;101,09;101,06;101,02;101,00;100,97;100,93;100,89;100,85;100,82;;104,40;105,03;106,19;107,18;108,11;108,98;110,39;111,33;112,58;113,35;;100,11;100,21;100,73;100,80;101,12;101,31;101,53;101,71;102,30;102,78;;;;;;;;;;;
2017-09-02;;101,10;101,09;101,06;101,02;101,00;100,97;100,93;100,89;100,85;100,82;;104,39;105,03;106,19;107,18;108,11;108,98;110,39;111,33;112,58;113,35;;100,11;100,21;100,73;100,80;101,12;101,31;101,53;101,71;102,30;102,78;;;;;;;;;;;
2017-09-03;;101,10;101,09;101,06;101,02;101,00;100,97;100,92;100,89;100,85;100,82;;104,39;105,02;106,19;107,18;108,11;108,98;110,39;111,33;112,58;113,35;;100,10;100,21;100,73;100,80;101,12;101,30;101,53;101,71;102,30;102,77;;;;;;;;;;;
2017-09-04;;101,13;101,09;101,01;100,92;100,86;100,81;100,72;100,65;100,57;100,52;;104,42;105,01;106,12;107,04;107,93;108,76;110,09;110,97;112,16;112,88;;100,13;100,22;100,66;100,66;100,95;101,10;101,27;101,42;101,94;102,38;;;;;;;;;;;
2017-09-05;;101,25;101,18;101,02;100,84;100,74;100,64;100,48;100,37;100,22;100,15;;104,51;105,08;106,13;106,97;107,82;108,60;109,88;110,75;111,89;112,60;;100,21;100,25;100,66;100,61;100,86;100,98;101,09;101,19;101,69;102,11;;;;;;;;;;;
2017-09-06;;101,18;101,11;100,98;100,82;100,73;100,64;100,50;100,41;100,27;100,21;;104,46;105,03;106,09;106,95;107,80;108,60;109,88;110,75;111,89;112,60;;100,17;100,22;100,63;100,59;100,84;100,96;101,09;101,20;101,71;102,13;;;;;;;;;;;
2017-09-07;;101,29;101,21;101,02;100,82;100,70;100,58;100,40;100,27;100,11;100,02;;104,61;105,17;106,19;107,00;107,83;108,58;109,84;110,71;111,82;112,53;;100,30;100,32;100,71;100,64;100,87;100,98;101,07;101,15;101,64;102,06;;;;;;;;;;;
2017-09-08;;101,22;101,13;100,95;100,73;100,61;100,49;100,31;100,18;100,01;99,92;;104,46;105,02;106,04;106,85;107,67;108,43;109,69;110,56;111,69;112,41;;100,15;100,17;100,56;100,51;100,73;100,85;100,94;101,01;101,53;101,95;;;;;;;;;;;
2017-09-09;;101,22;101,13;100,94;100,73;100,61;100,49;100,30;100,18;100,01;99,92;;104,46;105,02;106,03;106,85;107,67;108,43;109,69;110,56;111,69;112,40;;100,15;100,17;100,56;100,50;100,73;100,85;100,93;101,01;101,53;101,95;;;;;;;;;;;
2017-09-10;;101,22;101,13;100,94;100,73;100,61;100,49;100,30;100,18;100,00;99,92;;104,46;105,02;106,03;106,85;107,67;108,42;109,68;110,56;111,68;112,40;;100,15;100,17;100,56;100,50;100,73;100,85;100,93;101,01;101,53;101,95;;;;;;;;;;;
2017-09-11;;101,21;101,19;101,15;101,09;101,05;101,02;100,96;100,91;100,85;100,82;;104,60;105,22;106,37;107,34;108,25;109,09;110,48;111,43;112,67;113,45;;100,29;100,38;100,88;100,94;101,25;101,43;101,63;101,79;102,39;102,87;;;;;;;;;;;
2017-09-12;;101,09;101,11;101,14;101,18;101,19;101,20;101,22;101,22;101,22;101,22;;104,44;105,10;106,33;107,39;108,35;109,26;110,73;111,73;113,06;113,88;;100,13;100,26;100,85;100,98;101,33;101,57;101,84;102,05;102,73;103,24;;;;;;;;;;;
2017-09-13;;101,06;101,10;101,16;101,23;101,26;101,29;101,33;101,36;101,38;101,39;;104,44;105,11;106,37;107,46;108,44;109,36;110,85;111,86;113,21;114,03;;100,14;100,28;100,89;101,05;101,42;101,66;101,97;102,19;102,88;103,39;;;;;;;;;;;
2017-09-14;;101,05;101,10;101,19;101,29;101,34;101,38;101,45;101,49;101,54;101,56;;104,41;105,10;106,39;107,52;108,52;109,46;111,00;112,03;113,40;114,24;;100,11;100,27;100,91;101,09;101,48;101,75;102,07;102,32;103,02;103,56;;;;;;;;;;;
2017-09-15;;100,91;100,94;100,99;101,03;101,05;101,07;101,09;101,10;101,11;101,11;;104,26;104,93;106,18;107,25;108,23;109,14;110,63;111,63;112,97;113,79;;99,97;100,11;100,70;100,84;101,20;101,44;101,72;101,94;102,62;103,13;;;;;;;;;;;
2017-09-16;;100,91;100,94;100,98;101,03;101,05;101,06;101,09;101,10;101,11;101,11;;104,26;104,93;106,18;107,25;108,22;109,14;110,63;111,63;112,97;113,79;;99,97;100,11;100,70;100,83;101,20;101,44;101,72;101,94;102,62;103,13;;;;;;;;;;;
2017-09-17;;100,91;100,94;100,98;101,03;101,05;101,06;101,08;101,09;101,11;101,11;;104,26;104,93;106,17;107,25;108,22;109,14;110,63;111,63;112,97;113,79;;99,97;100,11;100,70;100,83;101,20;101,44;101,72;101,94;102,62;103,13;;;;;;;;;;;
2017-09-18;;100,90;100,94;101,01;101,08;101,12;101,15;101,20;101,23;101,26;101,28;;104,25;104,95;106,24;107,37;108,38;109,32;110,88;111,93;113,33;114,19;;99,95;100,11;100,76;100,92;101,32;101,57;101,88;102,13;102,84;103,40;;;;;;;;;;;
2017-09-19;;100,89;100,94;101,02;101,10;101,15;101,18;101,24;101,27;101,31;101,33;;104,32;105,01;106,28;107,39;108,38;109,31;110,83;111,86;113,23;114,07;;100,02;100,17;100,80;101,00;101,39;101,65;101,96;102,20;102,91;103,45;;;;;;;;;;;
2017-09-20;;100,87;100,92;101,00;101,09;101,13;101,17;101,22;101,26;101,30;101,32;;104,34;105,03;106,29;107,38;108,36;109,29;110,80;111,83;113,20;114,04;;100,04;100,18;100,80;101,00;101,38;101,63;101,94;102,16;102,88;103,42;;;;;;;;;;;
2017-09-21;;100,84;100,90;101,01;101,12;101,18;101,24;101,32;101,37;101,43;101,46;;104,29;105,00;106,30;107,43;108,45;109,40;110,95;112,01;113,41;114,28;;100,00;100,16;100,81;101,03;101,43;101,71;102,04;102,29;103,04;103,59;;;;;;;;;;;
2017-09-22;;100,87;100,92;101,00;101,09;101,13;101,18;101,23;101,27;101,31;101,33;;104,26;104,94;106,21;107,31;108,29;109,22;110,72;111,75;113,11;113,95;;99,96;100,11;100,73;100,91;101,28;101,55;101,86;102,09;102,82;103,34;;;;;;;;;;;
2017-09-23;;100,87;100,91;101,00;101,09;101,13;101,17;101,23;101,27;101,31;101,33;;104,26;104,94;106,21;107,31;108,29;109,21;110,72;111,75;113,11;113,95;;99,96;100,11;100,73;100,91;101,28;101,55;101,86;102,09;102,82;103,34;;;;;;;;;;;
2017-09-24;;100,87;100,91;101,00;101,09;101,13;101,17;101,23;101,27;101,31;101,33;;104,26;104,94;106,21;107,31;108,29;109,21;110,72;111,74;113,11;113,95;;99,96;100,11;100,72;100,91;101,28;101,55;101,86;102,09;102,81;103,34;;;;;;;;;;;
2017-09-25;;101,09;101,16;101,29;101,42;101,49;101,55;101,65;101,71;101,78;101,82;;104,49;105,15;106,44;107,56;108,54;109,48;110,97;111,98;113,34;114,17;;100,18;100,35;100,95;101,18;101,55;101,85;102,19;102,42;103,15;103,66;;;;;;;;;;;
2017-09-26;;101,17;101,27;101,45;101,65;101,75;101,85;102,00;102,10;102,22;102,28;;104,49;105,15;106,44;107,55;108,54;109,48;110,97;111,98;113,34;114,17;;100,18;100,35;100,95;101,18;101,55;101,84;102,19;102,42;103,15;103,66;;;;;;;;;;;
2017-09-27;;100,97;101,11;101,39;101,69;101,85;102,01;102,24;102,39;102,59;102,69;;104,44;105,14;106,58;107,85;108,92;109,96;111,57;112,62;114,08;114,95;;100,14;100,39;101,10;101,44;101,89;102,25;102,72;103,05;103,85;104,38;;;;;;;;;;;
2017-09-28;;100,89;101,02;101,29;101,57;101,72;101,86;102,08;102,22;102,40;102,49;;104,39;105,06;106,48;107,73;108,77;109,79;111,34;112,38;113,80;114,63;;100,09;100,33;101,00;101,33;101,75;102,12;102,57;102,88;103,67;104,17;;;;;;;;;;;
2017-09-29;;100,94;101,08;101,34;101,63;101,78;101,93;102,16;102,30;102,49;102,58;;104,50;105,19;106,63;107,90;108,95;109,98;111,57;112,63;114,08;114,94;;100,19;100,44;101,13;101,46;101,90;102,27;102,73;103,05;103,86;104,38;;;;;;;;;;;
2017-09-30;;100,94;101,07;101,34;101,63;101,78;101,93;102,16;102,30;102,49;102,58;;104,49;105,19;106,63;107,89;108,95;109,98;111,56;112,63;114,08;114,94;;100,19;100,44;101,13;101,46;101,90;102,27;102,73;103,05;103,86;104,38;;;;;;;;;;;
2017-10-01;;100,94;101,07;101,34;101,63;101,78;101,93;102,15;102,30;102,49;102,58;;104,49;105,19;106,63;107,89;108,95;109,98;111,56;112,63;114,08;114,94;;100,19;100,44;101,13;101,46;101,90;102,27;102,73;103,05;103,86;104,38;;;;;;;;;;;
2017-10-02;;101,23;101,41;101,76;102,14;102,34;102,55;102,84;103,04;103,30;103,42;;104,65;105,37;106,90;108,26;109,37;110,46;112,12;113,21;114,73;115,61;;100,34;100,64;101,40;101,80;102,28;102,70;103,23;103,61;104,46;105,01;;;;;;;;;;;
2017-10-03;;101,26;101,44;101,80;102,18;102,39;102,60;102,90;103,10;103,37;103,50;;104,61;105,39;106,94;108,34;109,49;110,60;112,34;113,49;115,08;116,01;;100,31;100,60;101,43;101,89;102,41;102,83;103,39;103,79;104,69;105,29;;;;;;;;;;;
2017-10-04;;101,26;101,44;101,80;102,19;102,40;102,60;102,91;103,11;103,37;103,50;;104,63;105,42;106,97;108,39;109,55;110,67;112,43;113,60;115,20;116,14;;100,33;100,63;101,47;101,93;102,46;102,89;103,46;103,86;104,78;105,39;;;;;;;;;;;
2017-10-05;;101,32;101,53;101,97;102,44;102,69;102,94;103,31;103,56;103,88;104,04;;104,90;105,71;107,33;108,81;110,00;111,17;112,98;114,17;115,81;116,77;;100,59;100,93;101,81;102,31;102,88;103,33;103,96;104,40;105,33;105,95;;;;;;;;;;;
2017-10-06;;101,22;101,43;101,84;102,29;102,53;102,77;103,13;103,36;103,67;103,82;;104,79;105,60;107,19;108,65;109,83;111,00;112,79;113,97;115,61;116,55;;100,49;100,82;101,68;102,18;102,74;103,18;103,79;104,22;105,14;105,76;;;;;;;;;;;
2017-10-07;;101,22;101,43;101,84;102,29;102,53;102,77;103,13;103,36;103,67;103,82;;104,79;105,60;107,19;108,64;109,83;110,99;112,79;113,97;115,61;116,55;;100,49;100,81;101,68;102,18;102,73;103,18;103,79;104,22;105,14;105,76;;;;;;;;;;;
2017-10-08;;101,22;101,42;101,84;102,29;102,53;102,77;103,12;103,36;103,67;103,82;;104,78;105,60;107,19;108,64;109,83;110,99;112,79;113,97;115,60;116,55;;100,49;100,81;101,68;102,18;102,73;103,18;103,79;104,22;105,14;105,76;;;;;;;;;;;
2017-10-09;;101,14;101,35;101,76;102,21;102,45;102,69;103,04;103,27;103,58;103,73;;104,94;105,74;107,31;108,73;109,89;111,03;112,80;113,96;115,56;116,49;;100,64;100,95;101,79;102,26;102,80;103,23;103,81;104,22;105,13;105,73;;;;;;;;;;;
2017-10-10;;101,25;101,44;101,81;102,21;102,42;102,63;102,95;103,15;103,43;103,56;;104,88;105,68;107,22;108,62;109,78;110,90;112,66;113,84;115,45;116,39;;100,56;100,86;101,70;102,18;102,71;103,14;103,70;104,10;105,02;105,64;;;;;;;;;;;
2017-10-11;;101,24;101,42;101,77;102,15;102,36;102,56;102,86;103,06;103,32;103,45;;104,83;105,64;107,19;108,60;109,76;110,89;112,67;113,86;115,48;116,43;;100,52;100,81;101,67;102,15;102,68;103,11;103,68;104,08;105,01;105,64;;;;;;;;;;;
2017-10-12;;101,29;101,47;101,81;102,18;102,37;102,57;102,86;103,05;103,30;103,42;;104,91;105,71;107,23;108,61;109,75;110,86;112,61;113,77;115,37;116,31;;100,60;100,88;101,70;102,16;102,68;103,09;103,64;104,02;104,93;105,55;;;;;;;;;;;
2017-10-13;;101,50;101,68;102,04;102,43;102,64;102,85;103,16;103,36;103,62;103,75;;105,15;105,96;107,50;108,90;110,06;111,18;112,95;114,15;115,76;116,70;;100,82;101,11;101,97;102,47;103,00;103,43;104,00;104,39;105,32;105,94;;;;;;;;;;;
2017-10-14;;101,50;101,68;102,04;102,43;102,64;102,85;103,16;103,36;103,62;103,75;;105,15;105,96;107,50;108,90;110,06;111,18;112,95;114,15;115,76;116,70;;100,82;101,11;101,96;102,47;103,00;103,43;103,99;104,39;105,32;105,94;;;;;;;;;;;
2017-10-15;;101,50;101,68;102,04;102,43;102,64;102,85;103,15;103,36;103,62;103,75;;105,15;105,96;107,50;108,90;110,06;111,18;112,95;114,14;115,76;116,70;;100,82;101,11;101,96;102,47;103,00;103,43;103,99;104,39;105,32;105,94;;;;;;;;;;;
2017-10-16;;101,57;101,77;102,17;102,59;102,82;103,05;103,39;103,61;103,90;104,05;;105,37;106,21;107,78;109,21;110,40;111,54;113,35;114,57;116,21;117,16;;101,04;101,34;102,23;102,80;103,35;103,80;104,39;104,81;105,76;106,39;;;;;;;;;;;
2017-10-17;;101,64;101,85;102,27;102,72;102,96;103,21;103,57;103,80;104,11;104,27;;105,43;106,28;107,89;109,37;110,59;111,75;113,60;114,83;116,48;117,43;;101,10;101,42;102,35;102,95;103,53;103,98;104,60;105,04;105,98;106,62;;;;;;;;;;;
2017-10-18;;101,51;101,72;102,15;102,61;102,86;103,11;103,47;103,72;104,03;104,19;;105,31;106,15;107,74;109,19;110,39;111,54;113,37;114,58;116,23;117,19;;100,99;101,30;102,19;102,75;103,31;103,77;104,38;104,80;105,76;106,40;;;;;;;;;;;
2017-10-19;;101,48;101,67;102,05;102,45;102,67;102,89;103,21;103,42;103,70;103,83;;105,26;106,05;107,56;108,93;110,07;111,17;112,91;114,06;115,63;116,54;;100,94;101,22;102,03;102,54;103,05;103,47;104,02;104,40;105,29;105,89;;;;;;;;;;;
2017-10-20;;101,22;101,46;101,94;102,46;102,74;103,02;103,43;103,71;104,07;104,25;;105,07;105,91;107,56;109,08;110,30;111,49;113,34;114,56;116,23;117,19;;100,76;101,11;102,04;102,64;103,23;103,69;104,35;104,81;105,76;106,40;;;;;;;;;;;
2017-10-21;;101,22;101,46;101,94;102,46;102,74;103,02;103,43;103,71;104,07;104,25;;105,07;105,91;107,56;109,07;110,30;111,49;113,34;114,56;116,23;117,19;;100,76;101,11;102,03;102,63;103,23;103,69;104,35;104,81;105,76;106,40;;;;;;;;;;;
2017-10-22;;101,21;101,46;101,94;102,46;102,74;103,02;103,43;103,71;104,07;104,25;;105,07;105,91;107,56;109,07;110,30;111,49;113,34;114,56;116,23;117,18;;100,76;101,10;102,03;102,63;103,22;103,69;104,35;104,81;105,76;106,40;;;;;;;;;;;
2017-10-23;;101,46;101,70;102,17;102,68;102,95;103,22;103,63;103,90;104,25;104,43;;105,31;106,14;107,76;109,25;110,46;111,63;113,47;114,67;116,33;117,28;;100,99;101,32;102,22;102,84;103,41;103,88;104,52;104,97;105,93;106,56;;;;;;;;;;;
2017-10-24;;101,30;101,54;102,01;102,52;102,80;103,07;103,48;103,75;104,10;104,28;;105,02;105,86;107,50;109,01;110,23;111,42;113,26;114,46;116,11;117,05;;100,72;101,07;101,98;102,63;103,22;103,69;104,36;104,82;105,77;106,40;;;;;;;;;;;
2017-10-25;;101,12;101,33;101,73;102,16;102,40;102,63;102,98;103,20;103,50;103,65;;104,87;105,69;107,25;108,68;109,86;111,00;112,77;113,95;115,55;116,46;;100,57;100,88;101,74;102,33;102,88;103,32;103,92;104,34;105,25;105,85;;;;;;;;;;;
2017-10-26;;101,28;101,54;102,04;102,59;102,89;103,19;103,62;103,92;104,30;104,49;;105,32;106,16;107,79;109,29;110,50;111,69;113,52;114,72;116,38;117,32;;101,00;101,35;102,25;102,89;103,47;103,96;104,62;105,07;106,04;106,66;;;;;;;;;;;
2017-10-27;;101,29;101,54;102,05;102,60;102,89;103,19;103,63;103,92;104,30;104,49;;105,35;106,19;107,84;109,36;110,58;111,77;113,62;114,84;116,52;117,48;;101,02;101,37;102,29;102,94;103,53;104,03;104,71;105,17;106,17;106,79;;;;;;;;;;;
2017-10-28;;101,29;101,54;102,05;102,60;102,89;103,19;103,63;103,92;104,30;104,49;;105,34;106,18;107,84;109,36;110,58;111,77;113,62;114,84;116,52;117,48;;101,02;101,37;102,29;102,94;103,53;104,03;104,71;105,17;106,16;106,79;;;;;;;;;;;
2017-10-29;;101,29;101,54;102,05;102,60;102,89;103,19;103,63;103,91;104,30;104,49;;105,34;106,18;107,84;109,36;110,58;111,77;113,62;114,84;116,52;117,47;;101,02;101,37;102,29;102,94;103,53;104,03;104,71;105,17;106,16;106,79;;;;;;;;;;;
2017-10-30;;101,78;102,06;102,64;103,26;103,60;103,94;104,44;104,77;105,21;105,43;;105,94;106,82;108,54;110,12;111,39;112,63;114,54;115,80;117,51;118,48;;101,60;101,98;102,96;103,73;104,36;104,88;105,62;106,12;107,13;107,78;;;;;;;;;;;
2017-10-31;;101,78;102,07;102,64;103,26;103,60;103,93;104,43;104,76;105,20;105,42;;106,02;106,90;108,62;110,20;111,47;112,71;114,62;115,89;117,62;118,59;;101,67;102,05;103,04;103,76;104,39;104,91;105,63;106,13;107,15;107,80;;;;;;;;;;;
2017-11-01;;101,85;102,16;102,79;103,46;103,83;104,20;104,75;105,11;105,59;105,83;;106,06;106,99;108,75;110,39;111,71;112,98;114,97;116,29;118,08;119,08;;101,71;102,11;103,17;103,98;104,65;105,20;105,97;106,51;107,57;108,26;;;;;;;;;;;
2017-11-02;;101,96;102,27;102,88;103,54;103,90;104,26;104,80;105,15;105,62;105,86;;106,05;106,98;108,74;110,39;111,70;112,97;114,97;116,28;118,07;119,07;;101,71;102,11;103,16;103,98;104,64;105,19;105,96;106,50;107,56;108,25;;;;;;;;;;;
2017-11-03;;102,02;102,33;102,95;103,63;104,00;104,36;104,91;105,27;105,76;105,99;;106,13;107,06;108,85;110,51;111,83;113,12;115,12;116,43;118,23;119,22;;101,79;102,20;103,26;104,09;104,77;105,33;106,12;106,67;107,75;108,43;;;;;;;;;;;
2017-11-04;;102,02;102,33;102,95;103,63;104,00;104,36;104,91;105,27;105,75;105,99;;106,13;107,06;108,84;110,51;111,83;113,12;115,11;116,43;118,22;119,22;;101,79;102,20;103,26;104,09;104,76;105,33;106,12;106,67;107,74;108,42;;;;;;;;;;;
2017-11-05;;102,01;102,33;102,95;103,63;104,00;104,36;104,91;105,27;105,75;105,99;;106,13;107,06;108,84;110,51;111,83;113,12;115,11;116,43;118,22;119,22;;101,79;102,20;103,26;104,09;104,76;105,33;106,12;106,67;107,74;108,42;;;;;;;;;;;
2017-11-06;;102,17;102,50;103,15;103,86;104,25;104,63;105,21;105,59;106,10;106,35;;106,30;107,23;109,04;110,72;112,06;113,36;115,37;116,69;118,49;119,49;;101,95;102,38;103,44;104,29;104,98;105,55;106,36;106,93;108,00;108,68;;;;;;;;;;;
2017-11-07;;102,24;102,57;103,22;103,94;104,33;104,71;105,29;105,67;106,18;106,43;;106,51;107,46;109,27;110,96;112,31;113,61;115,64;116,98;118,78;119,76;;102,15;102,58;103,67;104,59;105,28;105,85;106,66;107,23;108,30;108,98;;;;;;;;;;;
2017-11-08;;102,20;102,54;103,20;103,93;104,32;104,72;105,30;105,69;106,21;106,47;;106,49;107,43;109,23;110,91;112,25;113,55;115,56;116,88;118,66;119,63;;102,14;102,56;103,64;104,56;105,25;105,83;106,65;107,22;108,28;108,94;;;;;;;;;;;
2017-11-09;;101,93;102,24;102,85;103,53;103,89;104,25;104,79;105,15;105,63;105,86;;105,89;106,84;108,62;110,28;111,61;112,90;114,91;116,23;118,00;118,97;;101,57;101,98;103,06;103,97;104,66;105,21;106,01;106,58;107,62;108,29;;;;;;;;;;;
2017-11-10;;101,48;101,78;102,39;103,06;103,42;103,78;104,31;104,67;105,14;105,37;;105,80;106,72;108,43;110,03;111,32;112,58;114,53;115,79;117,53;118,47;;101,48;101,88;102,88;103,72;104,37;104,90;105,65;106,18;107,19;107,84;;;;;;;;;;;
2017-11-11;;101,48;101,78;102,39;103,06;103,42;103,78;104,31;104,67;105,14;105,37;;105,80;106,71;108,43;110,02;111,32;112,58;114,53;115,79;117,53;118,47;;101,48;101,87;102,88;103,72;104,37;104,90;105,65;106,18;107,19;107,84;;;;;;;;;;;
2017-11-12;;101,48;101,78;102,39;103,06;103,42;103,78;104,31;104,66;105,14;105,37;;105,80;106,71;108,43;110,02;111,32;112,58;114,52;115,79;117,53;118,47;;101,48;101,87;102,88;103,72;104,37;104,90;105,65;106,18;107,19;107,83;;;;;;;;;;;
2017-11-13;;101,58;101,87;102,44;103,06;103,40;103,73;104,23;104,56;105,00;105,21;;105,83;106,72;108,42;109,98;111,26;112,50;114,41;115,64;117,32;118,23;;101,52;101,90;102,87;103,64;104,27;104,76;105,48;106,00;106,94;107,56;;;;;;;;;;;
2017-11-14;;101,37;101,62;102,10;102,62;102,90;103,18;103,60;103,87;104,23;104,41;;105,73;106,55;108,14;109,57;110,76;111,93;113,69;114,82;116,38;117,23;;101,42;101,76;102,60;103,24;103,80;104,24;104,86;105,30;106,15;106,70;;;;;;;;;;;
2017-11-15;;101,50;101,68;102,04;102,42;102,63;102,83;103,13;103,33;103,59;103,72;;105,58;106,36;107,89;109,25;110,39;111,50;113,20;114,30;115,78;116,60;;101,27;101,56;102,36;102,89;103,40;103,78;104,32;104,72;105,49;106,02;;;;;;;;;;;
2017-11-16;;101,54;101,78;102,25;102,76;103,04;103,31;103,72;103,99;104,34;104,51;;105,78;106,63;108,24;109,71;110,93;112,12;113,94;115,12;116,73;117,61;;101,46;101,81;102,70;103,35;103,94;104,38;105,01;105,48;106,35;106,94;;;;;;;;;;;
2017-11-17;;101,46;101,69;102,14;102,64;102,90;103,17;103,56;103,82;104,16;104,33;;105,82;106,69;108,27;109,72;110,94;112,11;113,94;115,13;116,74;117,63;;101,50;101,82;102,73;103,39;103,98;104,40;105,02;105,46;106,33;106,95;;;;;;;;;;;
2017-11-18;;101,46;101,69;102,14;102,64;102,90;103,17;103,56;103,82;104,16;104,33;;105,82;106,68;108,27;109,72;110,94;112,10;113,94;115,13;116,74;117,63;;101,50;101,82;102,73;103,39;103,97;104,39;105,01;105,46;106,33;106,95;;;;;;;;;;;
2017-11-19;;101,46;101,69;102,14;102,64;102,90;103,17;103,56;103,82;104,16;104,32;;105,82;106,68;108,27;109,72;110,94;112,10;113,94;115,13;116,74;117,63;;101,50;101,82;102,73;103,39;103,97;104,39;105,01;105,46;106,33;106,94;;;;;;;;;;;
2017-11-20;;101,66;101,91;102,39;102,91;103,19;103,47;103,89;104,16;104,52;104,70;;105,87;106,76;108,42;109,95;111,20;112,40;114,29;115,53;117,18;118,09;;101,55;101,90;102,87;103,57;104,19;104,64;105,30;105,79;106,69;107,32;;;;;;;;;;;
2017-11-21;;101,85;102,12;102,67;103,27;103,60;103,92;104,40;104,71;105,13;105,34;;106,07;107,01;108,74;110,35;111,66;112,92;114,88;116,17;117,88;118,82;;101,75;102,13;103,18;103,96;104,63;105,11;105,84;106,38;107,33;107,98;;;;;;;;;;;
2017-11-22;;101,88;102,14;102,65;103,20;103,50;103,80;104,24;104,53;104,91;105,10;;106,14;107,07;108,74;110,29;111,58;112,79;114,74;116,02;117,72;118,66;;101,80;102,15;103,17;103,95;104,59;105,05;105,73;106,24;107,17;107,84;;;;;;;;;;;
2017-11-23;;101,71;101,96;102,44;102,97;103,25;103,53;103,95;104,23;104,59;104,77;;106,04;106,95;108,58;110,09;111,34;112,53;114,42;115,68;117,34;118,26;;101,71;102,05;103,02;103,76;104,37;104,82;105,48;105,95;106,89;107,52;;;;;;;;;;;
2017-11-24;;101,71;101,93;102,36;102,83;103,08;103,33;103,70;103,95;104,27;104,43;;105,91;106,79;108,37;109,82;111,03;112,19;114,03;115,25;116,87;117,78;;101,58;101,89;102,81;103,48;104,06;104,49;105,10;105,54;106,45;107,07;;;;;;;;;;;
2017-11-25;;101,71;101,93;102,36;102,83;103,08;103,33;103,70;103,95;104,27;104,43;;105,91;106,79;108,37;109,82;111,03;112,19;114,03;115,25;116,87;117,78;;101,58;101,89;102,81;103,48;104,06;104,49;105,10;105,54;106,44;107,06;;;;;;;;;;;
2017-11-26;;101,71;101,93;102,36;102,83;103,08;103,33;103,70;103,94;104,27;104,42;;105,91;106,79;108,37;109,81;111,03;112,18;114,02;115,25;116,87;117,77;;101,58;101,89;102,81;103,48;104,06;104,49;105,10;105,54;106,44;107,06;;;;;;;;;;;
2017-11-27;;101,74;101,95;102,37;102,82;103,07;103,31;103,66;103,90;104,21;104,36;;105,99;106,84;108,41;109,82;111,02;112,17;113,96;115,14;116,72;117,58;;101,66;101,98;102,85;103,51;104,07;104,49;105,09;105,52;106,38;106,96;;;;;;;;;;;
2017-11-28;;101,76;102,03;102,57;103,15;103,47;103,78;104,25;104,56;104,97;105,17;;106,23;107,11;108,80;110,34;111,60;112,83;114,71;115,94;117,59;118,49;;101,89;102,27;103,23;103,95;104,58;105,04;105,72;106,23;107,13;107,74;;;;;;;;;;;
2017-11-29;;101,75;102,03;102,58;103,19;103,51;103,84;104,32;104,64;105,06;105,27;;105,98;106,86;108,59;110,17;111,45;112,69;114,57;115,80;117,45;118,34;;101,66;102,06;103,04;103,80;104,44;104,93;105,65;106,18;107,09;107,68;;;;;;;;;;;
2017-11-30;;101,70;101,97;102,52;103,12;103,44;103,76;104,23;104,54;104,96;105,17;;106,23;107,05;108,73;110,25;111,47;112,68;114,46;115,60;117,15;117,97;;101,91;102,30;103,18;103,86;104,45;104,92;105,60;106,10;106,93;107,45;;;;;;;;;;;
2017-12-01;;101,96;102,23;102,76;103,35;103,66;103,97;104,44;104,75;105,15;105,35;;106,52;107,32;108,98;110,47;111,68;112,87;114,62;115,72;117,23;118,01;;102,19;102,58;103,42;104,08;104,65;105,08;105,73;106,22;107,00;107,48;;;;;;;;;;;
2017-12-02;;101,96;102,23;102,76;103,35;103,66;103,97;104,44;104,75;105,15;105,35;;106,52;107,32;108,98;110,46;111,68;112,87;114,62;115,72;117,23;118,01;;102,19;102,58;103,42;104,07;104,65;105,08;105,73;106,22;106,99;107,48;;;;;;;;;;;
2017-12-03;;101,96;102,23;102,76;103,34;103,66;103,97;104,44;104,74;105,15;105,35;;106,52;107,32;108,98;110,46;111,67;112,87;114,61;115,72;117,22;118,01;;102,19;102,57;103,42;104,07;104,65;105,08;105,73;106,22;106,99;107,48;;;;;;;;;;;
2017-12-04;;101,78;102,07;102,63;103,25;103,59;103,92;104,42;104,74;105,18;105,39;;106,35;107,19;108,93;110,49;111,75;112,99;114,81;115,99;117,58;118,41;;102,01;102,43;103,36;104,07;104,69;105,17;105,87;106,40;107,25;107,77;;;;;;;;;;;
2017-12-05;;101,95;102,22;102,75;103,33;103,64;103,95;104,41;104,72;105,12;105,32;;106,53;107,33;109,00;110,49;111,70;112,90;114,65;115,78;117,30;118,10;;102,19;102,58;103,43;104,09;104,66;105,12;105,77;106,26;107,07;107,56;;;;;;;;;;;
2017-12-06;;101,94;102,22;102,77;103,37;103,69;104,02;104,50;104,81;105,23;105,44;;106,63;107,42;109,10;110,60;111,81;113,01;114,75;115,85;117,37;118,15;;102,29;102,69;103,53;104,15;104,72;105,18;105,84;106,33;107,13;107,59;;;;;;;;;;;
2017-12-07;;101,91;102,20;102,79;103,43;103,77;104,12;104,63;104,97;105,41;105,64;;106,72;107,49;109,19;110,68;111,88;113,09;114,80;115,87;117,36;118,12;;102,38;102,79;103,61;104,26;104,82;105,28;105,94;106,44;107,22;107,66;;;;;;;;;;;
2017-12-08;;102,13;102,46;103,11;103,82;104,20;104,59;105,16;105,54;106,04;106,29;;106,80;107,63;109,44;111,06;112,34;113,62;115,44;116,60;118,20;119,01;;102,46;102,92;103,85;104,60;105,23;105,75;106,51;107,08;107,94;108,43;;;;;;;;;;;
2017-12-09;;102,13;102,46;103,11;103,82;104,20;104,59;105,16;105,54;106,04;106,29;;106,80;107,63;109,43;111,06;112,33;113,61;115,44;116,60;118,20;119,01;;102,46;102,92;103,85;104,60;105,23;105,75;106,51;107,08;107,94;108,43;;;;;;;;;;;
2017-12-10;;102,13;102,46;103,11;103,82;104,20;104,59;105,16;105,54;106,04;106,29;;106,80;107,63;109,43;111,06;112,33;113,61;115,44;116,60;118,20;119,01;;102,46;102,92;103,85;104,60;105,23;105,75;106,51;107,07;107,93;108,43;;;;;;;;;;;
2017-12-11;;102,15;102,48;103,13;103,85;104,24;104,62;105,20;105,58;106,09;106,34;;106,81;107,66;109,45;111,08;112,36;113,64;115,49;116,66;118,27;119,09;;102,47;102,92;103,87;104,64;105,27;105,80;106,56;107,13;108,00;108,51;;;;;;;;;;;
2017-12-12;;102,18;102,55;103,27;104,07;104,50;104,93;105,57;106,00;106,56;106,85;;106,81;107,69;109,58;111,29;112,63;113,97;115,89;117,11;118,80;119,66;;102,47;102,97;103,98;104,83;105,51;106,08;106,91;107,53;108,47;109,01;;;;;;;;;;;
2017-12-13;;102,25;102,60;103,30;104,07;104,49;104,90;105,52;105,93;106,48;106,75;;106,68;107,57;109,43;111,13;112,46;113,79;115,72;116,94;118,64;119,51;;102,35;102,83;103,84;104,69;105,37;105,93;106,76;107,36;108,30;108,86;;;;;;;;;;;
2017-12-14;;102,20;102,52;103,16;103,87;104,25;104,63;105,19;105,57;106,06;106,31;;106,57;107,43;109,24;110,87;112,17;113,46;115,34;116,53;118,18;119,02;;102,24;102,70;103,66;104,47;105,12;105,66;106,44;107,01;107,92;108,46;;;;;;;;;;;
2017-12-15;;102,32;102,67;103,36;104,12;104,53;104,94;105,55;105,96;106,50;106,77;;106,61;107,48;109,36;111,08;112,41;113,75;115,66;116,85;118,51;119,35;;102,29;102,79;103,79;104,61;105,29;105,84;106,67;107,29;108,17;108,70;;;;;;;;;;;
2017-12-16;;102,32;102,66;103,36;104,12;104,53;104,94;105,55;105,96;106,50;106,76;;106,61;107,48;109,36;111,08;112,41;113,75;115,66;116,85;118,51;119,35;;102,29;102,79;103,79;104,61;105,29;105,84;106,67;107,29;108,17;108,70;;;;;;;;;;;
2017-12-17;;102,31;102,66;103,36;104,12;104,53;104,94;105,55;105,96;106,49;106,76;;106,61;107,48;109,36;111,07;112,41;113,75;115,66;116,85;118,51;119,35;;102,29;102,79;103,79;104,60;105,29;105,83;106,66;107,29;108,17;108,70;;;;;;;;;;;
2017-12-18;;102,32;102,70;103,45;104,27;104,72;105,16;105,83;106,27;106,86;107,16;;106,86;107,76;109,68;111,44;112,80;114,16;116,12;117,37;119,09;119,96;;102,52;103,03;104,08;104,98;105,68;106,27;107,14;107,79;108,75;109,30;;;;;;;;;;;
2017-12-19;;101,85;102,23;102,98;103,81;104,26;104,71;105,38;105,82;106,41;106,71;;106,44;107,37;109,28;111,04;112,42;113,79;115,80;117,07;118,83;119,74;;102,11;102,62;103,70;104,59;105,32;105,90;106,78;107,42;108,41;109,01;;;;;;;;;;;
2017-12-20;;101,85;102,22;102,98;103,81;104,26;104,70;105,37;105,82;106,41;106,71;;106,44;107,36;109,27;111,04;112,42;113,79;115,79;117,07;118,83;119,74;;102,11;102,62;103,70;104,59;105,31;105,90;106,78;107,42;108,41;109,01;;;;;;;;;;;
2017-12-21;;101,81;102,18;102,92;103,74;104,18;104,62;105,28;105,71;106,29;106,58;;106,16;107,09;108,99;110,75;112,12;113,49;115,49;116,76;118,53;119,44;;101,85;102,35;103,42;104,30;105,02;105,61;106,48;107,12;108,11;108,72;;;;;;;;;;;
2017-12-22;;101,71;102,10;102,87;103,72;104,18;104,64;105,32;105,78;106,39;106,69;;106,03;106,99;108,94;110,76;112,17;113,57;115,63;116,95;118,76;119,71;;101,72;102,24;103,38;104,34;105,09;105,70;106,61;107,28;108,31;108,95;;;;;;;;;;;
2017-12-23;;101,71;102,10;102,87;103,72;104,18;104,64;105,32;105,78;106,39;106,69;;106,03;106,99;108,94;110,76;112,17;113,56;115,63;116,95;118,76;119,70;;101,72;102,24;103,38;104,34;105,09;105,70;106,61;107,28;108,31;108,95;;;;;;;;;;;
2017-12-24;;101,71;102,10;102,87;103,72;104,18;104,64;105,32;105,78;106,38;106,69;;106,03;106,99;108,94;110,76;112,17;113,56;115,63;116,95;118,76;119,70;;101,72;102,24;103,38;104,33;105,09;105,70;106,61;107,28;108,31;108,95;;;;;;;;;;;
2017-12-25;;101,71;102,10;102,87;103,72;104,18;104,63;105,32;105,78;106,38;106,69;;106,03;106,99;108,94;110,76;112,17;113,56;115,63;116,95;118,76;119,70;;101,72;102,24;103,38;104,33;105,09;105,69;106,61;107,28;108,31;108,95;;;;;;;;;;;
2017-12-26;;101,69;102,06;102,80;103,60;104,04;104,48;105,13;105,56;106,13;106,42;;106,01;106,94;108,86;110,64;112,02;113,39;115,41;116,71;118,49;119,41;;101,69;102,20;103,30;104,22;104,95;105,54;106,43;107,07;108,09;108,70;;;;;;;;;;;
2017-12-27;;101,99;102,34;103,05;103,81;104,23;104,65;105,27;105,68;106,23;106,50;;106,23;107,17;109,05;110,80;112,17;113,52;115,54;116,83;118,60;119,52;;101,91;102,40;103,48;104,37;105,09;105,66;106,51;107,14;108,14;108,76;;;;;;;;;;;
2017-12-28;;101,82;102,17;102,86;103,62;104,03;104,44;105,05;105,46;105,99;106,26;;105,99;106,94;108,82;110,57;111,94;113,30;115,34;116,65;118,45;119,39;;101,68;102,16;103,26;104,14;104,86;105,43;106,29;106,91;107,93;108,57;;;;;;;;;;;
2017-12-29;;101,59;101,91;102,54;103,22;103,59;103,96;104,52;104,88;105,37;105,61;;105,60;106,55;108,37;110,07;111,42;112,74;114,75;116,06;117,84;118,79;;101,29;101,74;102,82;103,67;104,37;104,92;105,74;106,33;107,35;108,00;;;;;;;;;;;
2017-12-30;;101,59;101,90;102,53;103,22;103,59;103,96;104,52;104,88;105,36;105,61;;105,59;106,54;108,37;110,06;111,41;112,73;114,75;116,06;117,84;118,79;;101,29;101,74;102,82;103,67;104,37;104,92;105,73;106,33;107,35;108,00;;;;;;;;;;;
2017-12-31;;101,59;101,90;102,53;103,22;103,59;103,96;104,51;104,88;105,36;105,60;;105,59;106,54;108,36;110,06;111,41;112,73;114,75;116,06;117,84;118,79;;101,29;101,74;102,82;103,66;104,37;104,92;105,73;106,32;107,34;108,00;;;;;;;;;;;
2018-01-01;;101,59;101,90;102,53;103,22;103,59;103,96;104,51;104,88;105,36;105,60;;105,59;106,54;108,36;110,06;111,41;112,73;114,75;116,06;117,84;118,79;;101,29;101,74;102,82;103,66;104,37;104,92;105,73;106,32;107,34;108,00;;;;;;;;;;;
2018-01-02;;101,58;101,91;102,58;103,30;103,70;104,09;104,67;105,06;105,57;105,83;;105,63;106,62;108,48;110,23;111,62;112,99;115,09;116,44;118,31;119,31;;101,33;101,79;102,93;103,81;104,56;105,13;105,99;106,61;107,68;108,38;;;;;;;;;;;
2018-01-03;;101,64;102,01;102,75;103,56;104,00;104,44;105,10;105,53;106,11;106,40;;105,72;106,76;108,69;110,54;111,99;113,40;115,57;116,97;118,89;119,91;;101,42;101,93;103,15;104,08;104,88;105,47;106,38;107,06;108,14;108,88;;;;;;;;;;;
2018-01-04;;101,81;102,20;102,96;103,80;104,26;104,72;105,40;105,85;106,45;106,75;;105,94;106,99;108,93;110,79;112,24;113,66;115,86;117,28;119,23;120,27;;101,62;102,13;103,36;104,38;105,18;105,81;106,76;107,43;108,59;109,33;;;;;;;;;;;
2018-01-05;;101,95;102,38;103,25;104,21;104,72;105,24;106,02;106,54;107,22;107,57;;105,99;107,04;109,01;110,90;112,36;113,79;116,01;117,47;119,45;120,52;;101,66;102,17;103,43;104,47;105,27;105,93;106,90;107,58;108,79;109,55;;;;;;;;;;;
2018-01-06;;101,95;102,38;103,25;104,20;104,72;105,24;106,02;106,53;107,22;107,56;;105,99;107,04;109,01;110,90;112,36;113,79;116,01;117,47;119,45;120,52;;101,66;102,17;103,43;104,46;105,27;105,93;106,90;107,58;108,79;109,55;;;;;;;;;;;
2018-01-07;;101,95;102,38;103,25;104,20;104,72;105,24;106,02;106,53;107,22;107,56;;105,98;107,04;109,01;110,90;112,36;113,79;116,01;117,46;119,45;120,52;;101,66;102,17;103,43;104,46;105,27;105,93;106,89;107,58;108,79;109,54;;;;;;;;;;;
2018-01-08;;102,04;102,50;103,43;104,44;105,00;105,55;106,38;106,94;107,67;108,04;;106,29;107,42;109,53;111,58;113,15;114,68;117,06;118,61;120,72;121,85;;101,96;102,54;103,94;105,13;106,04;106,75;107,85;108,63;109,91;110,74;;;;;;;;;;;
2018-01-09;;101,89;102,39;103,40;104,50;105,11;105,71;106,62;107,22;108,03;108,43;;106,15;107,31;109,49;111,62;113,23;114,82;117,27;118,85;121,04;122,20;;101,83;102,45;103,90;105,21;106,15;106,93;108,10;108,93;110,29;111,15;;;;;;;;;;;
2018-01-10;;101,80;102,28;103,26;104,33;104,91;105,50;106,37;106,95;107,73;108,12;;106,03;107,13;109,25;111,30;112,85;114,38;116,72;118,23;120,32;121,43;;101,71;102,31;103,67;104,95;105,84;106,60;107,73;108,51;109,82;110,62;;;;;;;;;;;
2018-01-11;;101,75;102,23;103,20;104,26;104,84;105,42;106,29;106,87;107,64;108,03;;105,85;106,95;109,09;111,15;112,71;114,25;116,59;118,08;120,16;121,25;;101,55;102,16;103,52;104,78;105,68;106,44;107,57;108,37;109,66;110,43;;;;;;;;;;;
2018-01-12;;101,73;102,20;103,14;104,18;104,75;105,31;106,16;106,73;107,48;107,85;;105,95;107,07;109,22;111,30;112,87;114,42;116,78;118,32;120,42;121,52;;101,63;102,24;103,64;104,86;105,77;106,52;107,64;108,44;109,73;110,52;;;;;;;;;;;
2018-01-13;;101,72;102,20;103,14;104,18;104,75;105,31;106,16;106,72;107,48;107,85;;105,95;107,07;109,22;111,30;112,87;114,42;116,78;118,32;120,42;121,52;;101,63;102,24;103,64;104,86;105,77;106,52;107,64;108,44;109,73;110,52;;;;;;;;;;;
2018-01-14;;101,72;102,20;103,14;104,18;104,74;105,31;106,16;106,72;107,48;107,85;;105,94;107,06;109,22;111,29;112,87;114,42;116,78;118,31;120,42;121,51;;101,63;102,24;103,64;104,86;105,77;106,52;107,64;108,44;109,73;110,52;;;;;;;;;;;
2018-01-15;;101,50;101,94;102,83;103,80;104,33;104,86;105,65;106,18;106,88;107,23;;105,82;106,90;108,97;110,95;112,46;113,94;116,22;117,71;119,74;120,81;;101,50;102,07;103,39;104,56;105,42;106,14;107,19;107,93;109,19;109,95;;;;;;;;;;;
2018-01-16;;101,50;101,94;102,83;103,80;104,33;104,86;105,65;106,18;106,88;107,23;;105,82;106,90;108,97;110,94;112,46;113,94;116,22;117,71;119,74;120,81;;101,50;102,07;103,39;104,56;105,42;106,14;107,19;107,93;109,19;109,95;;;;;;;;;;;
2018-01-17;;101,73;102,19;103,11;104,12;104,68;105,23;106,05;106,60;107,34;107,70;;105,98;107,09;109,23;111,28;112,84;114,37;116,71;118,23;120,30;121,38;;101,66;102,26;103,65;104,89;105,78;106,52;107,63;108,42;109,69;110,47;;;;;;;;;;;
2018-01-18;;101,43;101,90;102,84;103,88;104,44;105,00;105,85;106,41;107,16;107,53;;105,99;107,13;109,26;111,32;112,90;114,44;116,82;118,38;120,49;121,61;;101,67;102,26;103,68;104,89;105,80;106,53;107,64;108,43;109,73;110,54;;;;;;;;;;;
2018-01-19;;101,60;102,09;103,09;104,18;104,78;105,38;106,28;106,87;107,67;108,07;;106,13;107,30;109,49;111,61;113,22;114,80;117,23;118,84;121,00;122,15;;101,81;102,42;103,89;105,18;106,12;106,90;108,05;108,88;110,23;111,07;;;;;;;;;;;
2018-01-20;;101,60;102,09;103,09;104,18;104,78;105,38;106,28;106,87;107,67;108,07;;106,13;107,29;109,48;111,61;113,22;114,80;117,23;118,83;121,00;122,15;;101,80;102,42;103,89;105,18;106,12;106,89;108,05;108,88;110,23;111,07;;;;;;;;;;;
2018-01-21;;101,59;102,09;103,09;104,18;104,78;105,38;106,27;106,87;107,67;108,07;;106,13;107,29;109,48;111,61;113,22;114,79;117,23;118,83;121,00;122,15;;101,80;102,42;103,89;105,18;106,12;106,89;108,05;108,88;110,23;111,07;;;;;;;;;;;
2018-01-22;;101,67;102,19;103,23;104,38;105,01;105,63;106,58;107,20;108,04;108,46;;106,28;107,46;109,70;111,88;113,52;115,12;117,60;119,22;121,42;122,58;;101,95;102,59;104,09;105,40;106,37;107,16;108,35;109,21;110,57;111,43;;;;;;;;;;;
2018-01-23;;101,77;102,28;103,32;104,45;105,07;105,70;106,63;107,25;108,08;108,49;;106,29;107,50;109,74;111,93;113,59;115,20;117,71;119,37;121,61;122,79;;101,96;102,60;104,13;105,50;106,48;107,29;108,50;109,36;110,77;111,64;;;;;;;;;;;
2018-01-24;;101,59;102,08;103,06;104,15;104,74;105,33;106,22;106,81;107,60;107,99;;106,10;107,26;109,43;111,54;113,14;114,69;117,12;118,73;120,89;122,04;;101,77;102,37;103,83;105,14;106,08;106,84;107,99;108,80;110,15;111,00;;;;;;;;;;;
2018-01-25;;101,50;101,95;102,84;103,81;104,34;104,87;105,67;106,20;106,90;107,25;;105,85;107,00;109,10;111,13;112,70;114,21;116,60;118,18;120,31;121,45;;101,53;102,09;103,51;104,73;105,64;106,36;107,43;108,20;109,51;110,36;;;;;;;;;;;
2018-01-26;;101,57;102,08;103,10;104,22;104,83;105,45;106,37;106,98;107,80;108,20;;105,96;107,18;109,43;111,64;113,31;114,94;117,48;119,14;121,40;122,61;;101,65;102,29;103,84;105,18;106,17;106,96;108,17;109,04;110,43;111,34;;;;;;;;;;;
2018-01-27;;101,57;102,08;103,10;104,22;104,83;105,45;106,36;106,98;107,79;108,20;;105,96;107,18;109,43;111,64;113,31;114,94;117,48;119,14;121,40;122,61;;101,65;102,29;103,84;105,18;106,17;106,95;108,17;109,04;110,43;111,34;;;;;;;;;;;
2018-01-28;;101,57;102,08;103,10;104,22;104,83;105,44;106,36;106,98;107,79;108,20;;105,96;107,18;109,43;111,64;113,31;114,93;117,48;119,14;121,40;122,60;;101,65;102,29;103,84;105,17;106,17;106,95;108,17;109,03;110,42;111,34;;;;;;;;;;;
2018-01-29;;101,43;101,95;102,99;104,13;104,75;105,38;106,31;106,94;107,77;108,19;;105,69;106,93;109,20;111,44;113,13;114,77;117,35;119,03;121,32;122,53;;101,39;102,05;103,63;105,00;106,01;106,81;108,05;108,93;110,35;111,28;;;;;;;;;;;
2018-01-30;;101,16;101,61;102,51;103,49;104,03;104,57;105,37;105,91;106,62;106,97;;105,48;106,62;108,77;110,86;112,43;113,96;116,35;117,93;120,06;121,20;;101,18;101,77;103,20;104,42;105,34;106,08;107,19;107,98;109,30;110,13;;;;;;;;;;;
2018-01-31;;101,16;101,61;102,51;103,49;104,03;104,57;105,37;105,91;106,62;106,97;;105,48;106,62;108,77;110,85;112,43;113,96;116,35;117,93;120,06;121,20;;101,18;101,76;103,20;104,42;105,33;106,08;107,19;107,98;109,30;110,13;;;;;;;;;;;
2018-02-01;;100,83;101,27;102,15;103,12;103,64;104,17;104,95;105,47;106,17;106,51;;105,55;106,67;108,72;110,70;112,24;113,72;116,04;117,56;119,60;120,69;;101,26;101,80;103,17;104,30;105,18;105,85;106,87;107,62;108,84;109,64;;;;;;;;;;;
2018-02-02;;100,57;100,94;101,65;102,44;102,86;103,28;103,92;104,33;104,89;105,17;;105,07;106,10;107,97;109,75;111,17;112,53;114,68;116,08;117,97;118,98;;100,78;101,25;102,45;103,43;104,20;104,79;105,67;106,30;107,40;108,14;;;;;;;;;;;
2018-02-03;;100,57;100,93;101,65;102,43;102,86;103,28;103,91;104,33;104,89;105,16;;105,07;106,10;107,97;109,75;111,17;112,53;114,68;116,08;117,96;118,98;;100,78;101,25;102,45;103,43;104,20;104,79;105,67;106,30;107,40;108,14;;;;;;;;;;;
2018-02-04;;100,57;100,93;101,65;102,43;102,86;103,28;103,91;104,33;104,89;105,16;;105,06;106,10;107,97;109,75;111,17;112,53;114,67;116,08;117,96;118,98;;100,78;101,25;102,45;103,43;104,20;104,78;105,66;106,30;107,40;108,14;;;;;;;;;;;
2018-02-05;;100,33;100,52;100,91;101,33;101,55;101,77;102,09;102,30;102,58;102,71;;104,59;105,56;107,18;108,69;109,96;111,13;113,07;114,44;116,18;117,14;;100,29;100,60;101,66;102,45;103,08;103,56;104,21;104,67;105,72;106,40;;;;;;;;;;;
2018-02-06;;100,18;100,41;100,85;101,33;101,59;101,84;102,21;102,45;102,77;102,93;;104,86;105,72;107,33;108,79;110,01;111,20;113,00;114,12;115,66;116,44;;100,61;100,98;101,86;102,45;103,04;103,41;104,02;104,50;105,23;105,77;;;;;;;;;;;
2018-02-07;;100,15;100,41;100,92;101,48;101,78;102,08;102,51;102,80;103,18;103,37;;104,95;105,86;107,54;109,08;110,35;111,56;113,44;114,67;116,29;117,14;;100,68;101,06;102,04;102,72;103,35;103,79;104,45;104,97;105,82;106,40;;;;;;;;;;;
2018-02-08;;99,85;99,99;100,26;100,54;100,69;100,84;101,05;101,18;101,36;101,44;;104,30;105,15;106,56;107,82;108,94;109,98;111,68;112,83;114,30;115,09;;100,04;100,27;101,09;101,69;102,19;102,53;103,00;103,36;104,14;104,69;;;;;;;;;;;
2018-02-09;;99,70;99,86;100,19;100,53;100,71;100,89;101,15;101,32;101,53;101,64;;104,48;105,26;106,68;107,93;109,05;110,11;111,75;112,77;114,17;114,90;;100,23;100,51;101,24;101,74;102,23;102,54;103,02;103,39;104,05;104,53;;;;;;;;;;;
2018-02-10;;99,70;99,86;100,19;100,53;100,71;100,89;101,15;101,32;101,53;101,64;;104,48;105,26;106,68;107,93;109,04;110,11;111,74;112,77;114,17;114,90;;100,23;100,51;101,24;101,74;102,23;102,54;103,02;103,39;104,05;104,53;;;;;;;;;;;
2018-02-11;;99,70;99,86;100,18;100,53;100,71;100,89;101,15;101,31;101,53;101,64;;104,48;105,26;106,68;107,93;109,04;110,11;111,74;112,77;114,17;114,90;;100,23;100,51;101,24;101,74;102,23;102,54;103,02;103,39;104,05;104,53;;;;;;;;;;;
2018-02-12;;99,96;100,17;100,58;101,02;101,25;101,48;101,82;102,04;102,33;102,47;;104,66;105,49;107,03;108,42;109,61;110,75;112,49;113,59;115,09;115,86;;100,41;100,74;101,57;102,15;102,71;103,08;103,65;104,09;104,83;105,35;;;;;;;;;;;
2018-02-13;;99,89;100,08;100,44;100,84;101,05;101,25;101,55;101,75;102,00;102,13;;104,46;105,29;106,79;108,15;109,32;110,45;112,17;113,26;114,74;115,52;;100,22;100,54;101,35;101,89;102,44;102,78;103,32;103,74;104,46;104,99;;;;;;;;;;;
2018-02-14;;99,70;99,94;100,43;100,95;101,23;101,51;101,91;102,18;102,53;102,71;;104,51;105,41;107,06;108,58;109,84;111,06;112,93;114,12;115,73;116,57;;100,26;100,64;101,60;102,23;102,86;103,26;103,90;104,41;105,21;105,80;;;;;;;;;;;
2018-02-15;;99,93;100,21;100,75;101,33;101,64;101,95;102,41;102,71;103,11;103,30;;104,67;105,61;107,31;108,89;110,19;111,45;113,39;114,62;116,30;117,18;;100,42;100,83;101,84;102,54;103,21;103,64;104,34;104,88;105,75;106,36;;;;;;;;;;;
2018-02-16;;100,18;100,48;101,06;101,68;102,02;102,36;102,85;103,18;103,61;103,82;;104,97;105,92;107,65;109,26;110,57;111,84;113,80;115,06;116,76;117,66;;100,70;101,11;102,15;102,92;103,59;104,07;104,80;105,35;106,27;106,89;;;;;;;;;;;
2018-02-17;;100,18;100,48;101,05;101,68;102,02;102,35;102,85;103,18;103,61;103,82;;104,97;105,91;107,65;109,26;110,57;111,84;113,80;115,06;116,76;117,66;;100,70;101,11;102,15;102,91;103,59;104,07;104,80;105,35;106,27;106,89;;;;;;;;;;;
2018-02-18;;100,18;100,47;101,05;101,68;102,02;102,35;102,85;103,17;103,60;103,82;;104,97;105,91;107,65;109,25;110,57;111,84;113,79;115,06;116,76;117,65;;100,70;101,11;102,15;102,91;103,59;104,07;104,80;105,35;106,27;106,89;;;;;;;;;;;
2018-02-19;;100,00;100,32;100,95;101,64;102,01;102,37;102,92;103,28;103,75;103,99;;104,72;105,69;107,47;109,13;110,48;111,78;113,79;115,07;116,80;117,71;;100,47;100,91;101,99;102,88;103,59;104,10;104,89;105,48;106,42;107,06;;;;;;;;;;;
2018-02-20;;100,12;100,43;101,05;101,72;102,08;102,43;102,96;103,31;103,78;104,00;;104,74;105,71;107,49;109,16;110,51;111,81;113,82;115,12;116,87;117,79;;100,48;100,91;102,00;102,86;103,57;104,08;104,86;105,44;106,40;107,06;;;;;;;;;;;
2018-02-21;;100,01;100,32;100,92;101,58;101,93;102,28;102,80;103,14;103,60;103,82;;104,73;105,74;107,51;109,18;110,55;111,84;113,91;115,25;117,04;118,01;;100,47;100,88;102,02;102,87;103,59;104,09;104,86;105,44;106,42;107,14;;;;;;;;;;;
2018-02-22;;99,91;100,22;100,83;101,49;101,85;102,21;102,73;103,08;103,54;103,77;;104,82;105,79;107,53;109,15;110,49;111,77;113,77;115,05;116,80;117,73;;100,56;100,97;102,04;102,83;103,53;104,02;104,77;105,33;106,28;106,95;;;;;;;;;;;
2018-02-23;;100,25;100,62;101,36;102,16;102,59;103,02;103,67;104,09;104,65;104,93;;105,23;106,26;108,13;109,90;111,32;112,70;114,82;116,17;118,01;118,97;;100,97;101,45;102,62;103,55;104,32;104,85;105,72;106,36;107,36;108,07;;;;;;;;;;;
2018-02-24;;100,25;100,62;101,36;102,16;102,59;103,02;103,66;104,09;104,65;104,93;;105,23;106,26;108,13;109,90;111,32;112,70;114,82;116,17;118,00;118,97;;100,97;101,45;102,62;103,55;104,32;104,85;105,72;106,36;107,36;108,07;;;;;;;;;;;
2018-02-25;;100,25;100,62;101,36;102,16;102,59;103,02;103,66;104,09;104,65;104,93;;105,23;106,26;108,13;109,90;111,32;112,70;114,82;116,17;118,00;118,97;;100,97;101,45;102,62;103,55;104,32;104,85;105,72;106,36;107,36;108,06;;;;;;;;;;;
2018-02-26;;100,45;100,86;101,68;102,57;103,06;103,54;104,27;104,74;105,38;105,69;;105,44;106,52;108,51;110,40;111,90;113,36;115,60;117,01;118,95;119,95;;101,17;101,71;102,99;104,02;104,86;105,45;106,41;107,13;108,19;108,93;;;;;;;;;;;
2018-02-27;;100,42;100,81;101,58;102,43;102,88;103,34;104,01;104,46;105,06;105,35;;105,27;106,33;108,25;110,09;111,55;112,96;115,15;116,54;118,44;119,42;;101,00;101,51;102,74;103,77;104,58;105,15;106,08;106,76;107,81;108,54;;;;;;;;;;;
2018-02-28;;100,42;100,76;101,44;102,18;102,59;102,98;103,58;103,97;104,48;104,74;;105,21;106,22;108,07;109,81;111,22;112,56;114,65;115,98;117,76;118,69;;100,95;101,41;102,57;103,53;104,29;104,81;105,66;106,29;107,26;107,94;;;;;;;;;;;
2018-03-01;;100,38;100,66;101,21;101,80;102,12;102,44;102,90;103,21;103,61;103,81;;105,07;106,05;107,78;109,39;110,73;112,00;113,99;115,26;116,95;117,84;;100,81;101,22;102,29;103,11;103,80;104,24;104,97;105,53;106,40;107,05;;;;;;;;;;;
2018-03-02;;100,10;100,33;100,79;101,27;101,53;101,79;102,17;102,41;102,74;102,90;;104,87;105,77;107,37;108,83;110,08;111,27;113,11;114,23;115,76;116,55;;100,64;101,00;101,91;102,57;103,19;103,53;104,15;104,65;105,34;105,91;;;;;;;;;;;
2018-03-03;;100,10;100,33;100,78;101,27;101,53;101,79;102,17;102,41;102,74;102,90;;104,87;105,76;107,36;108,82;110,08;111,27;113,11;114,23;115,76;116,55;;100,64;101,00;101,91;102,57;103,19;103,53;104,15;104,64;105,34;105,91;;;;;;;;;;;
2018-03-04;;100,10;100,33;100,78;101,27;101,53;101,79;102,17;102,41;102,74;102,89;;104,87;105,76;107,36;108,82;110,07;111,27;113,10;114,23;115,76;116,55;;100,64;101,00;101,91;102,57;103,19;103,53;104,15;104,64;105,34;105,91;;;;;;;;;;;
2018-03-05;;100,17;100,43;100,96;101,52;101,83;102,13;102,57;102,86;103,24;103,43;;105,10;105,97;107,63;109,14;110,40;111,63;113,46;114,56;116,11;116,91;;100,86;101,26;102,16;102,77;103,40;103,77;104,43;104,94;105,66;106,20;;;;;;;;;;;
2018-03-06;;99,97;100,25;100,79;101,37;101,68;101,99;102,45;102,75;103,15;103,34;;104,89;105,79;107,47;109,02;110,31;111,54;113,43;114,59;116,17;117,00;;100,65;101,04;102,01;102,68;103,33;103,72;104,40;104,93;105,68;106,26;;;;;;;;;;;
2018-03-07;;100,12;100,38;100,89;101,45;101,74;102,03;102,46;102,75;103,12;103,30;;105,02;105,91;107,60;109,14;110,41;111,64;113,50;114,66;116,22;117,04;;100,77;101,17;102,13;102,76;103,40;103,78;104,43;104,96;105,69;106,26;;;;;;;;;;;
2018-03-08;;100,36;100,68;101,29;101,96;102,32;102,68;103,21;103,55;104,01;104,24;;105,34;106,29;108,08;109,74;111,09;112,38;114,35;115,58;117,24;118,10;;101,08;101,53;102,59;103,32;104,02;104,46;105,20;105,80;106,61;107,21;;;;;;;;;;;
2018-03-09;;100,43;100,81;101,56;102,38;102,82;103,26;103,92;104,35;104,92;105,21;;105,45;106,47;108,43;110,27;111,73;113,14;115,28;116,60;118,40;119,33;;101,19;101,72;102,93;103,75;104,56;105,05;105,93;106,62;107,51;108,18;;;;;;;;;;;
2018-03-10;;100,43;100,81;101,56;102,38;102,82;103,26;103,92;104,35;104,92;105,21;;105,45;106,47;108,42;110,27;111,73;113,14;115,28;116,60;118,40;119,33;;101,19;101,72;102,92;103,75;104,56;105,05;105,92;106,62;107,51;108,18;;;;;;;;;;;
2018-03-11;;100,43;100,80;101,56;102,38;102,82;103,26;103,91;104,35;104,92;105,20;;105,44;106,47;108,42;110,26;111,72;113,14;115,28;116,60;118,40;119,33;;101,19;101,72;102,92;103,75;104,56;105,05;105,92;106,62;107,51;108,18;;;;;;;;;;;
2018-03-12;;100,42;100,80;101,56;102,37;102,82;103,26;103,91;104,35;104,92;105,20;;105,45;106,48;108,44;110,29;111,76;113,17;115,32;116,65;118,46;119,39;;101,20;101,73;102,94;103,77;104,58;105,08;105,96;106,66;107,56;108,24;;;;;;;;;;;
2018-03-13;;100,45;100,77;101,42;102,13;102,51;102,89;103,45;103,81;104,30;104,54;;105,49;106,50;108,30;110,00;111,39;112,72;114,79;116,08;117,82;118,74;;101,23;101,67;102,80;103,62;104,36;104,80;105,59;106,20;107,05;107,74;;;;;;;;;;;
2018-03-14;;100,52;100,83;101,45;102,11;102,47;102,83;103,36;103,70;104,16;104,39;;105,50;106,49;108,27;109,93;111,31;112,62;114,66;115,93;117,65;118,57;;101,23;101,66;102,77;103,57;104,30;104,73;105,49;106,08;106,93;107,61;;;;;;;;;;;
2018-03-15;;100,57;100,89;101,53;102,23;102,61;102,98;103,53;103,90;104,38;104,62;;105,56;106,57;108,38;110,09;111,49;112,82;114,89;116,20;117,95;118,87;;101,29;101,73;102,87;103,72;104,47;104,93;105,72;106,34;107,22;107,91;;;;;;;;;;;
2018-03-16;;100,59;100,93;101,62;102,36;102,76;103,16;103,75;104,14;104,66;104,92;;105,64;106,65;108,50;110,24;111,65;113,00;115,08;116,37;118,13;119,05;;101,37;101,84;102,99;103,85;104,60;105,08;105,90;106,53;107,42;108,09;;;;;;;;;;;
2018-03-17;;100,58;100,93;101,62;102,36;102,76;103,16;103,75;104,14;104,66;104,91;;105,64;106,65;108,50;110,24;111,65;113,00;115,08;116,37;118,13;119,05;;101,37;101,84;102,99;103,85;104,60;105,08;105,90;106,53;107,42;108,09;;;;;;;;;;;
2018-03-18;;100,58;100,93;101,61;102,36;102,76;103,16;103,75;104,14;104,66;104,91;;105,64;106,64;108,50;110,24;111,65;113,00;115,07;116,37;118,12;119,04;;101,37;101,84;102,99;103,84;104,60;105,08;105,90;106,53;107,41;108,09;;;;;;;;;;;
2018-03-19;;100,36;100,63;101,16;101,73;102,04;102,34;102,79;103,08;103,47;103,66;;105,45;106,38;108,06;109,61;110,91;112,13;114,04;115,25;116,84;117,69;;101,18;101,56;102,57;103,27;103,93;104,31;104,97;105,49;106,25;106,87;;;;;;;;;;;
2018-03-20;;100,36;100,66;101,26;101,90;102,25;102,60;103,10;103,44;103,88;104,10;;105,57;106,57;108,34;109,99;111,36;112,64;114,67;115,96;117,64;118,55;;101,30;101,71;102,83;103,59;104,31;104,72;105,44;106,02;106,84;107,51;;;;;;;;;;;
2018-03-21;;100,33;100,63;101,23;101,87;102,22;102,56;103,07;103,40;103,84;104,06;;105,35;106,34;108,12;109,78;111,14;112,42;114,44;115,72;117,40;118,28;;101,09;101,51;102,63;103,41;104,13;104,55;105,28;105,86;106,68;107,33;;;;;;;;;;;
2018-03-22;;100,23;100,42;100,78;101,16;101,36;101,56;101,85;102,03;102,27;102,39;;105,29;106,19;107,70;109,07;110,28;111,38;113,17;114,35;115,82;116,62;;101,05;101,32;102,23;102,89;103,47;103,77;104,29;104,71;105,41;105,99;;;;;;;;;;;
2018-03-23;;99,80;99,88;100,05;100,21;100,29;100,37;100,48;100,54;100,62;100,66;;105,11;105,87;107,14;108,22;109,25;110,17;111,69;112,70;113,94;114,63;;100,87;101,03;101,69;102,03;102,46;102,62;102,90;103,16;103,68;104,14;;;;;;;;;;;
2018-03-24;;99,79;99,88;100,04;100,21;100,29;100,37;100,48;100,54;100,62;100,66;;105,11;105,87;107,14;108,22;109,25;110,17;111,68;112,70;113,94;114,63;;100,87;101,03;101,69;102,03;102,46;102,62;102,90;103,15;103,68;104,14;;;;;;;;;;;
2018-03-25;;99,79;99,88;100,04;100,21;100,29;100,37;100,47;100,54;100,62;100,65;;105,11;105,87;107,13;108,22;109,24;110,17;111,68;112,70;113,94;114,63;;100,87;101,03;101,69;102,03;102,46;102,61;102,89;103,15;103,68;104,14;;;;;;;;;;;
2018-03-26;;99,85;99,99;100,25;100,53;100,67;100,81;101,01;101,14;101,30;101,37;;105,26;106,05;107,43;108,63;109,73;110,74;112,33;113,34;114,62;115,31;;101,03;101,26;102,00;102,37;102,86;103,04;103,41;103,75;104,25;104,72;;;;;;;;;;;
2018-03-27;;100,13;100,24;100,44;100,64;100,75;100,85;100,99;101,07;101,18;101,23;;105,22;106,04;107,40;108,59;109,69;110,66;112,28;113,38;114,70;115,43;;100,98;101,18;101,94;102,43;102,92;103,13;103,49;103,80;104,40;104,91;;;;;;;;;;;
2018-03-28;;100,17;100,28;100,48;100,69;100,79;100,89;101,04;101,12;101,23;101,29;;105,35;106,13;107,47;108,62;109,68;110,65;112,20;113,25;114,54;115,24;;101,10;101,30;102,01;102,45;102,92;103,12;103,47;103,77;104,36;104,82;;;;;;;;;;;
2018-03-29;;100,31;100,48;100,82;101,18;101,37;101,55;101,82;101,99;102,21;102,32;;105,64;106,47;107,95;109,26;110,41;111,47;113,15;114,25;115,63;116,37;;101,38;101,66;102,49;103,02;103,57;103,83;104,29;104,67;105,31;105,81;;;;;;;;;;;
2018-03-30;;100,30;100,48;100,82;101,18;101,37;101,55;101,82;101,99;102,21;102,32;;105,64;106,47;107,95;109,26;110,41;111,47;113,15;114,25;115,63;116,37;;101,38;101,65;102,49;103,02;103,57;103,83;104,29;104,67;105,31;105,80;;;;;;;;;;;
2018-03-31;;100,30;100,48;100,82;101,18;101,36;101,55;101,82;101,99;102,21;102,32;;105,64;106,47;107,95;109,26;110,41;111,47;113,15;114,25;115,63;116,37;;101,38;101,65;102,48;103,02;103,57;103,83;104,29;104,67;105,30;105,80;;;;;;;;;;;
2018-04-01;;100,30;100,48;100,82;101,17;101,36;101,55;101,81;101,99;102,21;102,31;;105,64;106,47;107,95;109,26;110,41;111,47;113,15;114,25;115,63;116,37;;101,38;101,65;102,48;103,02;103,57;103,83;104,29;104,67;105,30;105,80;;;;;;;;;;;
2018-04-02;;100,13;100,23;100,41;100,60;100,70;100,79;100,92;101,00;101,10;101,14;;105,28;106,08;107,43;108,59;109,66;110,61;112,20;113,29;114,60;115,33;;101,04;101,22;101,97;102,45;102,93;103,14;103,49;103,78;104,40;104,89;;;;;;;;;;;
2018-04-03;;100,28;100,41;100,68;100,95;101,09;101,23;101,43;101,55;101,71;101,79;;105,54;106,36;107,78;109,02;110,15;111,16;112,81;113,90;115,25;115,98;;101,29;101,53;102,32;102,82;103,34;103,57;103,98;104,32;104,93;105,43;;;;;;;;;;;
2018-04-04;;100,34;100,50;100,81;101,14;101,31;101,48;101,72;101,87;102,07;102,17;;105,62;106,40;107,88;109,15;110,28;111,32;112,93;113,97;115,26;115,95;;101,37;101,65;102,44;102,94;103,47;103,69;104,13;104,50;105,05;105,49;;;;;;;;;;;
2018-04-05;;100,41;100,66;101,14;101,66;101,94;102,21;102,60;102,86;103,20;103,37;;105,64;106,52;108,18;109,67;110,91;112,07;113,88;115,06;116,56;117,36;;101,38;101,73;102,71;103,38;104,03;104,37;104,97;105,45;106,19;106,72;;;;;;;;;;;
2018-04-06;;100,33;100,49;100,80;101,12;101,29;101,45;101,68;101,83;102,02;102,11;;105,58;106,39;107,84;109,10;110,22;111,24;112,88;114,01;115,39;116,16;;101,32;101,56;102,37;102,89;103,43;103,68;104,11;104,46;105,14;105,65;;;;;;;;;;;
2018-04-07;;100,33;100,49;100,80;101,12;101,28;101,45;101,68;101,83;102,02;102,11;;105,57;106,39;107,84;109,10;110,22;111,23;112,88;114,01;115,39;116,16;;101,32;101,56;102,37;102,89;103,43;103,68;104,11;104,46;105,14;105,65;;;;;;;;;;;
2018-04-08;;100,33;100,49;100,80;101,12;101,28;101,44;101,68;101,83;102,02;102,11;;105,57;106,39;107,83;109,10;110,22;111,23;112,88;114,01;115,39;116,16;;101,32;101,56;102,37;102,89;103,42;103,68;104,11;104,45;105,14;105,65;;;;;;;;;;;
2018-04-09;;100,34;100,50;100,81;101,13;101,30;101,46;101,69;101,84;102,03;102,12;;105,56;106,36;107,81;109,07;110,18;111,20;112,84;113,96;115,34;116,10;;101,30;101,53;102,34;102,87;103,40;103,66;104,09;104,43;105,12;105,62;;;;;;;;;;;
2018-04-10;;100,34;100,50;100,80;101,13;101,29;101,46;101,69;101,84;102,03;102,12;;105,56;106,36;107,81;109,07;110,18;111,20;112,84;113,96;115,34;116,10;;101,30;101,53;102,34;102,86;103,40;103,66;104,08;104,43;105,12;105,62;;;;;;;;;;;
2018-04-11;;100,34;100,50;100,80;101,12;101,29;101,46;101,69;101,84;102,03;102,12;;105,55;106,36;107,81;109,07;110,18;111,20;112,84;113,96;115,33;116,10;;101,29;101,53;102,34;102,86;103,40;103,66;104,08;104,43;105,12;105,62;;;;;;;;;;;
2018-04-12;;100,40;100,63;101,09;101,58;101,84;102,09;102,46;102,71;103,02;103,17;;105,73;106,62;108,24;109,70;110,92;112,06;113,86;115,07;116,60;117,41;;101,46;101,79;102,74;103,36;103,99;104,33;104,89;105,35;106,13;106,68;;;;;;;;;;;
2018-04-13;;100,40;100,63;101,07;101,53;101,78;102,02;102,37;102,60;102,90;103,05;;105,73;106,59;108,18;109,59;110,78;111,90;113,65;114,83;116,33;117,13;;101,45;101,77;102,68;103,28;103,89;104,22;104,76;105,19;105,96;106,49;;;;;;;;;;;
2018-04-14;;100,40;100,63;101,06;101,53;101,78;102,02;102,37;102,60;102,90;103,05;;105,73;106,59;108,17;109,59;110,78;111,90;113,65;114,83;116,32;117,13;;101,45;101,77;102,68;103,28;103,89;104,22;104,76;105,19;105,96;106,49;;;;;;;;;;;
2018-04-15;;100,40;100,63;101,06;101,53;101,78;102,02;102,37;102,60;102,90;103,04;;105,73;106,59;108,17;109,59;110,78;111,89;113,65;114,83;116,32;117,13;;101,45;101,76;102,68;103,28;103,89;104,22;104,76;105,18;105,96;106,49;;;;;;;;;;;
2018-04-16;;100,26;100,51;101,00;101,51;101,79;102,06;102,46;102,72;103,06;103,22;;105,79;106,62;108,22;109,64;110,83;111,95;113,67;114,81;116,27;117,04;;101,51;101,84;102,74;103,34;103,96;104,28;104,83;105,26;106,00;106,50;;;;;;;;;;;
2018-04-17;;100,26;100,51;100,99;101,51;101,79;102,06;102,46;102,72;103,06;103,22;;105,79;106,62;108,22;109,64;110,82;111,95;113,67;114,81;116,27;117,04;;101,50;101,84;102,74;103,34;103,95;104,27;104,82;105,26;106,00;106,50;;;;;;;;;;;
2018-04-18;;100,50;100,79;101,38;102,00;102,34;102,67;103,16;103,48;103,90;104,11;;106,05;106,93;108,65;110,18;111,43;112,62;114,42;115,63;117,17;117,96;;101,75;102,14;103,13;103,83;104,51;104,88;105,52;106,02;106,84;107,35;;;;;;;;;;;
2018-04-19;;100,09;100,39;100,98;101,62;101,96;102,30;102,79;103,12;103,55;103,75;;105,73;106,66;108,39;109,95;111,23;112,44;114,32;115,59;117,20;118,05;;101,43;101,82;102,86;103,61;104,30;104,70;105,36;105,87;106,75;107,32;;;;;;;;;;;
2018-04-20;;100,11;100,41;101,00;101,63;101,97;102,30;102,80;103,12;103,55;103,75;;105,68;106,59;108,30;109,85;111,11;112,30;114,15;115,40;116,98;117,81;;101,38;101,76;102,78;103,52;104,21;104,60;105,25;105,75;106,62;107,17;;;;;;;;;;;
2018-04-21;;100,11;100,40;100,99;101,63;101,97;102,30;102,80;103,12;103,54;103,75;;105,68;106,59;108,30;109,85;111,11;112,30;114,14;115,40;116,98;117,81;;101,38;101,76;102,78;103,52;104,20;104,60;105,25;105,75;106,62;107,17;;;;;;;;;;;
2018-04-22;;100,10;100,40;100,99;101,63;101,97;102,30;102,80;103,12;103,54;103,75;;105,68;106,58;108,30;109,84;111,10;112,30;114,14;115,39;116,97;117,81;;101,38;101,76;102,78;103,52;104,20;104,60;105,25;105,75;106,62;107,17;;;;;;;;;;;
2018-04-23;;100,06;100,38;101,01;101,70;102,07;102,43;102,97;103,33;103,79;104,02;;105,64;106,55;108,31;109,90;111,18;112,40;114,27;115,53;117,14;117,98;;101,33;101,74;102,78;103,55;104,26;104,67;105,36;105,89;106,78;107,33;;;;;;;;;;;
2018-04-24;;99,91;100,20;100,77;101,38;101,71;102,04;102,51;102,83;103,24;103,44;;105,47;106,36;108,04;109,54;110,78;111,94;113,75;114,99;116,56;117,39;;101,17;101,53;102,52;103,26;103,93;104,33;104,95;105,42;106,32;106,86;;;;;;;;;;;
2018-04-25;;99,83;100,13;100,73;101,37;101,71;102,05;102,55;102,88;103,31;103,52;;105,42;106,28;107,99;109,51;110,74;111,91;113,69;114,90;116,42;117,21;;101,12;101,50;102,49;103,25;103,92;104,30;104,94;105,43;106,27;106,77;;;;;;;;;;;
2018-04-26;;100,13;100,49;101,20;101,97;102,38;102,79;103,40;103,80;104,32;104,58;;105,90;106,81;108,63;110,27;111,57;112,82;114,70;115,96;117,57;118,40;;101,56;102,00;103,08;103,91;104,64;105,09;105,82;106,37;107,29;107,82;;;;;;;;;;;
2018-04-27;;100,30;100,66;101,39;102,18;102,60;103,02;103,64;104,05;104,58;104,85;;106,02;106,96;108,81;110,49;111,82;113,09;115,03;116,33;117,99;118,86;;101,66;102,11;103,23;104,11;104,86;105,32;106,09;106,66;107,62;108,19;;;;;;;;;;;
2018-04-28;;100,30;100,66;101,39;102,17;102,60;103,02;103,64;104,05;104,58;104,85;;106,02;106,96;108,80;110,48;111,82;113,09;115,03;116,33;117,99;118,86;;101,66;102,11;103,23;104,11;104,86;105,32;106,08;106,66;107,61;108,18;;;;;;;;;;;
2018-04-29;;100,29;100,66;101,39;102,17;102,60;103,01;103,64;104,04;104,58;104,85;;106,02;106,96;108,80;110,48;111,81;113,08;115,02;116,33;117,99;118,86;;101,66;102,10;103,22;104,11;104,86;105,32;106,08;106,66;107,61;108,18;;;;;;;;;;;
2018-04-30;;100,28;100,63;101,31;102,06;102,45;102,85;103,43;103,82;104,32;104,57;;105,86;106,81;108,61;110,26;111,58;112,83;114,77;116,08;117,76;118,64;;101,51;101,93;103,04;103,90;104,64;105,10;105,84;106,39;107,37;107,96;;;;;;;;;;;
2018-05-01;;100,21;100,60;101,38;102,22;102,67;103,12;103,79;104,23;104,81;105,10;;105,89;106,89;108,80;110,57;111,95;113,27;115,31;116,69;118,43;119,35;;101,54;102,01;103,22;104,17;104,97;105,47;106,29;106,91;107,92;108,55;;;;;;;;;;;
2018-05-02;;100,26;100,65;101,41;102,24;102,68;103,13;103,78;104,21;104,78;105,07;;105,97;106,95;108,83;110,55;111,91;113,20;115,20;116,57;118,30;119,20;;101,59;102,04;103,21;104,13;104,90;105,40;106,19;106,78;107,81;108,42;;;;;;;;;;;
2018-05-03;;100,33;100,70;101,42;102,21;102,63;103,05;103,67;104,08;104,61;104,88;;106,09;107,01;108,82;110,52;111,83;113,09;115,03;116,36;118,00;118,85;;101,67;102,12;103,24;104,10;104,85;105,33;106,06;106,61;107,58;108,16;;;;;;;;;;;
2018-05-04;;100,45;100,87;101,71;102,63;103,12;103,61;104,33;104,81;105,45;105,76;;106,15;107,09;109,03;110,79;112,16;113,49;115,56;116,96;118,66;119,52;;101,66;102,16;103,36;104,35;105,16;105,68;106,52;107,11;108,15;108,74;;;;;;;;;;;
2018-05-05;;100,45;100,87;101,71;102,62;103,12;103,61;104,33;104,81;105,45;105,76;;106,15;107,09;109,02;110,79;112,16;113,49;115,55;116,96;118,66;119,51;;101,66;102,16;103,36;104,35;105,15;105,68;106,52;107,11;108,15;108,74;;;;;;;;;;;
2018-05-06;;100,45;100,87;101,71;102,62;103,12;103,60;104,33;104,81;105,45;105,76;;106,15;107,09;109,02;110,79;112,15;113,49;115,55;116,96;118,66;119,51;;101,66;102,16;103,36;104,35;105,15;105,68;106,52;107,11;108,15;108,74;;;;;;;;;;;
2018-05-07;;100,55;101,00;101,88;102,85;103,37;103,89;104,67;105,18;105,85;106,19;;106,34;107,30;109,27;111,06;112,45;113,79;115,88;117,32;119,03;119,88;;101,84;102,35;103,58;104,60;105,42;105,96;106,81;107,43;108,48;109,07;;;;;;;;;;;
2018-05-08;;100,46;100,93;101,88;102,92;103,47;104,03;104,86;105,41;106,14;106,50;;106,13;107,16;109,22;111,14;112,60;114,01;116,22;117,71;119,56;120,50;;101,65;102,21;103,52;104,64;105,52;106,12;107,08;107,76;108,93;109,59;;;;;;;;;;;
2018-05-09;;100,48;101,00;102,03;103,17;103,78;104,40;105,31;105,92;106,73;107,13;;106,33;107,38;109,53;111,47;112,97;114,42;116,69;118,25;120,13;121,08;;101,79;102,36;103,75;104,94;105,86;106,48;107,49;108,22;109,43;110,09;;;;;;;;;;;
2018-05-10;;100,63;101,17;102,24;103,41;104,05;104,68;105,63;106,26;107,10;107,51;;106,41;107,50;109,70;111,70;113,25;114,72;117,05;118,66;120,57;121,56;;101,87;102,45;103,89;105,14;106,10;106,75;107,80;108,57;109,83;110,51;;;;;;;;;;;
2018-05-11;;100,63;101,16;102,22;103,38;104,01;104,63;105,57;106,19;107,01;107,42;;106,39;107,48;109,68;111,70;113,24;114,72;117,05;118,64;120,57;121,56;;101,90;102,49;103,93;105,18;106,14;106,79;107,85;108,61;109,86;110,55;;;;;;;;;;;
2018-05-12;;100,63;101,16;102,22;103,38;104,01;104,63;105,57;106,19;107,01;107,42;;106,39;107,48;109,67;111,69;113,24;114,72;117,04;118,64;120,57;121,56;;101,90;102,49;103,93;105,18;106,13;106,79;107,84;108,61;109,86;110,55;;;;;;;;;;;
2018-05-13;;100,63;101,16;102,22;103,38;104,00;104,63;105,56;106,18;107,01;107,42;;106,39;107,48;109,67;111,69;113,24;114,72;117,04;118,64;120,57;121,56;;101,90;102,49;103,93;105,18;106,13;106,79;107,84;108,61;109,86;110,55;;;;;;;;;;;
2018-05-14;;100,52;101,05;102,12;103,29;103,93;104,56;105,51;106,14;106,97;107,39;;106,21;107,31;109,52;111,58;113,14;114,64;116,98;118,59;120,55;121,55;;101,73;102,34;103,81;105,08;106,05;106,73;107,81;108,59;109,86;110,56;;;;;;;;;;;
2018-05-15;;100,30;100,86;101,97;103,19;103,85;104,51;105,49;106,15;107,01;107,45;;105,99;107,08;109,33;111,41;112,97;114,49;116,86;118,49;120,44;121,40;;101,49;102,12;103,62;104,92;105,91;106,61;107,71;108,49;109,76;110,44;;;;;;;;;;;
2018-05-16;;100,31;100,92;102,12;103,44;104,16;104,88;105,96;106,67;107,62;108,10;;106,08;107,22;109,54;111,69;113,33;114,89;117,35;119,04;121,08;122,13;;101,57;102,23;103,79;105,18;106,21;106,95;108,13;108,97;110,34;111,08;;;;;;;;;;;
2018-05-17;;100,22;100,84;102,06;103,41;104,14;104,87;105,97;106,70;107,67;108,16;;105,87;107,00;109,35;111,53;113,15;114,75;117,23;118,94;121,00;122,03;;101,35;102,02;103,61;105,04;106,08;106,84;108,05;108,89;110,27;111,00;;;;;;;;;;;
2018-05-18;;100,36;100,96;102,17;103,50;104,22;104,94;106,02;106,74;107,70;108,18;;105,98;107,05;109,34;111,48;113,06;114,64;117,09;118,75;120,78;121,78;;101,42;102,09;103,63;105,00;106,01;106,77;107,94;108,74;110,09;110,82;;;;;;;;;;;
2018-05-19;;100,36;100,96;102,17;103,50;104,22;104,94;106,02;106,74;107,70;108,17;;105,97;107,05;109,34;111,48;113,06;114,64;117,09;118,75;120,78;121,78;;101,42;102,09;103,63;105,00;106,01;106,77;107,94;108,74;110,09;110,82;;;;;;;;;;;
2018-05-20;;100,35;100,96;102,17;103,50;104,22;104,94;106,02;106,74;107,70;108,17;;105,97;107,05;109,34;111,48;113,06;114,64;117,09;118,74;120,78;121,78;;101,42;102,09;103,62;104,99;106,01;106,77;107,94;108,74;110,09;110,82;;;;;;;;;;;
2018-05-21;;100,44;101,09;102,37;103,78;104,55;105,32;106,47;107,24;108,26;108,77;;105,92;107,03;109,38;111,55;113,17;114,78;117,31;119,01;121,09;122,14;;101,36;102,04;103,64;105,08;106,13;106,92;108,14;108,99;110,39;111,16;;;;;;;;;;;
2018-05-22;;100,38;101,01;102,27;103,65;104,40;105,16;106,28;107,03;108,03;108,53;;105,92;107,04;109,39;111,56;113,18;114,79;117,30;119,00;121,10;122,16;;101,39;102,06;103,65;105,08;106,12;106,91;108,13;108,98;110,38;111,14;;;;;;;;;;;
2018-05-23;;100,59;101,22;102,49;103,88;104,64;105,40;106,53;107,29;108,29;108,80;;106,03;107,11;109,47;111,65;113,27;114,86;117,40;119,11;121,13;122,16;;101,45;102,13;103,73;105,17;106,23;107,00;108,22;109,07;110,44;111,19;;;;;;;;;;;
2018-05-24;;100,68;101,28;102,49;103,81;104,54;105,26;106,34;107,05;108,01;108,48;;106,14;107,21;109,51;111,62;113,22;114,77;117,23;118,91;120,86;121,87;;101,58;102,23;103,79;105,17;106,19;106,93;108,09;108,91;110,22;110,94;;;;;;;;;;;
2018-05-25;;100,86;101,47;102,69;104,03;104,76;105,49;106,58;107,31;108,27;108,75;;106,06;107,18;109,53;111,70;113,35;114,91;117,43;119,15;121,15;122,23;;101,53;102,19;103,80;105,23;106,29;107,04;108,25;109,11;110,47;111,24;;;;;;;;;;;
2018-05-26;;100,86;101,47;102,69;104,03;104,76;105,49;106,58;107,30;108,27;108,75;;106,06;107,18;109,53;111,70;113,35;114,91;117,43;119,14;121,15;122,23;;101,53;102,19;103,80;105,23;106,29;107,04;108,25;109,11;110,46;111,24;;;;;;;;;;;
2018-05-27;;100,86;101,47;102,69;104,03;104,76;105,49;106,58;107,30;108,27;108,75;;106,06;107,17;109,52;111,70;113,35;114,91;117,43;119,14;121,15;122,22;;101,53;102,19;103,80;105,23;106,29;107,04;108,25;109,11;110,46;111,24;;;;;;;;;;;
2018-05-28;;100,85;101,47;102,70;104,06;104,80;105,54;106,65;107,39;108,37;108,86;;105,97;107,08;109,43;111,61;113,26;114,84;117,38;119,09;121,13;122,25;;101,44;102,10;103,71;105,15;106,21;106,98;108,21;109,08;110,46;111,27;;;;;;;;;;;
2018-05-29;;101,02;101,60;102,75;104,01;104,69;105,37;106,39;107,07;107,97;108,42;;105,41;106,47;108,67;110,78;112,37;113,88;116,36;117,97;119,96;121,10;;100,92;101,55;103,06;104,40;105,41;106,14;107,31;108,12;109,46;110,31;;;;;;;;;;;
2018-05-30;;100,93;101,53;102,73;104,05;104,77;105,48;106,56;107,27;108,22;108,69;;105,46;106,48;108,75;110,80;112,38;113,90;116,41;118,06;119,98;121,05;;100,90;101,52;103,07;104,45;105,46;106,20;107,38;108,19;109,48;110,27;;;;;;;;;;;
2018-05-31;;100,87;101,42;102,53;103,74;104,39;105,05;106,03;106,68;107,54;107,97;;105,70;106,71;108,89;110,89;112,43;113,89;116,29;117,88;119,74;120,75;;101,16;101,76;103,23;104,51;105,48;106,17;107,26;108,02;109,25;109,98;;;;;;;;;;;
2018-06-01;;100,89;101,50;102,71;104,05;104,77;105,50;106,58;107,30;108,26;108,74;;105,87;106,96;109,31;111,41;113,05;114,59;117,10;118,82;120,75;121,82;;101,30;101,94;103,54;104,96;106,00;106,73;107,92;108,78;110,10;110,86;;;;;;;;;;;
2018-06-02;;100,89;101,50;102,71;104,05;104,77;105,50;106,58;107,30;108,26;108,74;;105,87;106,96;109,31;111,41;113,05;114,59;117,10;118,82;120,75;121,82;;101,30;101,93;103,54;104,95;106,00;106,73;107,92;108,78;110,10;110,86;;;;;;;;;;;
2018-06-03;;100,89;101,50;102,71;104,05;104,77;105,50;106,58;107,30;108,26;108,74;;105,87;106,96;109,31;111,41;113,05;114,58;117,10;118,81;120,75;121,82;;101,30;101,93;103,53;104,95;106,00;106,73;107,92;108,77;110,10;110,85;;;;;;;;;;;
2018-06-04;;100,85;101,48;102,74;104,12;104,87;105,62;106,74;107,49;108,48;108,98;;106,13;107,24;109,60;111,75;113,40;114,95;117,49;119,21;121,18;122,25;;101,55;102,21;103,83;105,27;106,33;107,08;108,28;109,15;110,50;111,27;;;;;;;;;;;
2018-06-05;;100,78;101,42;102,70;104,10;104,87;105,63;106,78;107,54;108,56;109,06;;106,10;107,21;109,57;111,73;113,38;114,93;117,48;119,21;121,17;122,26;;101,53;102,18;103,80;105,24;106,30;107,05;108,27;109,14;110,49;111,28;;;;;;;;;;;
2018-06-06;;100,44;101,09;102,38;103,81;104,59;105,37;106,53;107,31;108,34;108,86;;105,52;106,63;109,00;111,15;112,81;114,38;116,95;118,69;120,69;121,80;;100,97;101,62;103,26;104,72;105,79;106,56;107,80;108,69;110,07;110,87;;;;;;;;;;;
2018-06-07;;100,41;101,04;102,30;103,68;104,43;105,18;106,30;107,05;108,05;108,55;;105,32;106,42;108,77;110,92;112,57;114,13;116,69;118,41;120,40;121,50;;100,79;101,44;103,06;104,51;105,57;106,34;107,57;108,45;109,82;110,61;;;;;;;;;;;
2018-06-08;;100,59;101,24;102,55;103,98;104,76;105,55;106,72;107,50;108,54;109,06;;105,40;106,48;108,85;111,02;112,67;114,25;116,85;118,59;120,57;121,65;;100,81;101,49;103,12;104,60;105,67;106,46;107,72;108,59;109,97;110,77;;;;;;;;;;;
2018-06-09;;100,59;101,24;102,54;103,98;104,76;105,55;106,72;107,50;108,54;109,06;;105,40;106,47;108,84;111,02;112,67;114,25;116,85;118,59;120,57;121,65;;100,81;101,49;103,12;104,59;105,67;106,46;107,72;108,59;109,97;110,77;;;;;;;;;;;
2018-06-10;;100,59;101,24;102,54;103,98;104,76;105,54;106,72;107,50;108,54;109,06;;105,40;106,47;108,84;111,02;112,67;114,25;116,85;118,59;120,57;121,65;;100,81;101,49;103,11;104,59;105,67;106,46;107,71;108,59;109,97;110,77;;;;;;;;;;;
2018-06-11;;100,58;101,22;102,52;103,94;104,72;105,49;106,66;107,43;108,46;108,97;;105,49;106,60;108,99;111,16;112,83;114,40;116,99;118,74;120,72;121,79;;100,92;101,59;103,23;104,71;105,79;106,57;107,82;108,71;110,09;110,86;;;;;;;;;;;
2018-06-12;;100,47;101,14;102,47;103,94;104,74;105,54;106,74;107,54;108,60;109,13;;105,61;106,74;109,17;111,37;113,07;114,67;117,29;119,08;121,10;122,19;;101,02;101,70;103,38;104,90;106,00;106,80;108,08;108,99;110,41;111,20;;;;;;;;;;;
2018-06-13;;100,62;101,28;102,59;104,03;104,81;105,59;106,77;107,55;108,60;109,12;;105,60;106,70;109,12;111,33;112,99;114,59;117,20;118,96;120,96;122,00;;100,99;101,69;103,34;104,84;105,94;106,72;107,99;108,88;110,27;111,02;;;;;;;;;;;
2018-06-14;;100,96;101,66;103,06;104,61;105,46;106,30;107,57;108,42;109,55;110,11;;106,09;107,22;109,76;112,04;113,77;115,44;118,14;119,99;122,06;123,12;;101,43;102,16;103,89;105,51;106,66;107,49;108,84;109,78;111,24;112,01;;;;;;;;;;;
2018-06-15;;101,05;101,75;103,14;104,68;105,51;106,35;107,61;108,45;109,56;110,12;;106,50;107,57;110,04;112,26;113,94;115,56;118,21;120,01;121,97;122,95;;101,77;102,49;104,17;105,72;106,83;107,63;108,92;109,81;111,19;111,92;;;;;;;;;;;
2018-06-16;;101,05;101,75;103,14;104,67;105,51;106,35;107,61;108,44;109,56;110,12;;106,49;107,57;110,04;112,26;113,94;115,56;118,21;120,01;121,97;122,95;;101,77;102,49;104,17;105,72;106,83;107,63;108,92;109,81;111,19;111,91;;;;;;;;;;;
2018-06-17;;101,05;101,75;103,14;104,67;105,51;106,35;107,60;108,44;109,56;110,12;;106,49;107,57;110,04;112,26;113,94;115,56;118,20;120,01;121,96;122,95;;101,77;102,49;104,17;105,72;106,83;107,63;108,91;109,81;111,19;111,91;;;;;;;;;;;
2018-06-18;;101,01;101,68;103,03;104,51;105,32;106,12;107,33;108,14;109,22;109,76;;106,37;107,44;109,89;112,06;113,73;115,31;117,92;119,72;121,61;122,57;;101,65;102,34;104,01;105,53;106,63;107,40;108,64;109,52;110,86;111,56;;;;;;;;;;;
2018-06-19;;101,07;101,73;103,04;104,48;105,26;106,04;107,22;108,00;109,04;109,56;;106,58;107,56;109,94;111,99;113,59;115,12;117,65;119,39;121,15;122,03;;101,80;102,46;104,04;105,48;106,53;107,25;108,42;109,23;110,48;111,10;;;;;;;;;;;
2018-06-20;;100,98;101,65;102,99;104,47;105,27;106,07;107,28;108,08;109,15;109,68;;106,46;107,47;109,90;112,00;113,63;115,19;117,76;119,54;121,34;122,24;;101,70;102,38;104,02;105,50;106,57;107,33;108,53;109,38;110,66;111,31;;;;;;;;;;;
2018-06-21;;100,88;101,51;102,78;104,16;104,92;105,67;106,80;107,55;108,55;109,05;;106,21;107,17;109,48;111,50;113,06;114,56;117,03;118,72;120,46;121,34;;101,47;102,12;103,67;105,05;106,06;106,77;107,90;108,68;109,90;110,53;;;;;;;;;;;
2018-06-22;;100,89;101,53;102,81;104,22;104,99;105,75;106,90;107,66;108,68;109,19;;106,31;107,27;109,59;111,58;113,14;114,66;117,15;118,83;120,63;121,52;;101,58;102,21;103,77;105,16;106,17;106,89;108,04;108,82;110,06;110,70;;;;;;;;;;;
2018-06-23;;100,89;101,53;102,81;104,22;104,98;105,75;106,90;107,66;108,68;109,19;;106,31;107,27;109,59;111,58;113,14;114,66;117,15;118,83;120,63;121,52;;101,58;102,21;103,77;105,16;106,17;106,89;108,04;108,82;110,05;110,70;;;;;;;;;;;
2018-06-24;;100,89;101,53;102,81;104,22;104,98;105,75;106,90;107,66;108,68;109,18;;106,31;107,27;109,59;111,58;113,14;114,66;117,14;118,83;120,63;121,52;;101,58;102,21;103,77;105,16;106,16;106,89;108,04;108,81;110,05;110,69;;;;;;;;;;;
2018-06-25;;100,65;101,19;102,28;103,48;104,12;104,77;105,73;106,37;107,22;107,64;;105,93;106,80;108,91;110,71;112,14;113,53;115,82;117,35;118,97;119,79;;101,24;101,79;103,17;104,35;105,25;105,86;106,83;107,49;108,58;109,16;;;;;;;;;;;
2018-06-26;;100,65;101,22;102,34;103,58;104,25;104,92;105,91;106,57;107,45;107,89;;105,80;106,68;108,82;110,65;112,11;113,52;115,84;117,41;119,04;119,88;;101,10;101,67;103,08;104,30;105,21;105,85;106,85;107,54;108,64;109,24;;;;;;;;;;;
2018-06-27;;100,81;101,36;102,47;103,68;104,34;104,99;105,97;106,62;107,48;107,90;;105,85;106,70;108,86;110,69;112,12;113,55;115,87;117,43;119,05;119,83;;101,13;101,71;103,13;104,36;105,27;105,92;106,92;107,58;108,66;109,22;;;;;;;;;;;
2018-06-28;;100,84;101,42;102,56;103,82;104,51;105,19;106,21;106,88;107,78;108,23;;106,09;106,94;109,11;110,94;112,38;113,80;116,13;117,71;119,29;120,06;;101,33;101,91;103,35;104,59;105,51;106,15;107,15;107,82;108,90;109,45;;;;;;;;;;;
2018-06-29;;100,81;101,36;102,46;103,67;104,32;104,97;105,94;106,59;107,45;107,87;;106,21;107,08;109,24;111,03;112,47;113,87;116,16;117,72;119,33;120,11;;101,50;102,05;103,46;104,67;105,57;106,19;107,16;107,83;108,90;109,44;;;;;;;;;;;
2018-06-30;;100,81;101,36;102,46;103,67;104,32;104,97;105,94;106,59;107,44;107,87;;106,21;107,08;109,24;111,03;112,47;113,87;116,16;117,72;119,33;120,11;;101,49;102,05;103,46;104,67;105,56;106,18;107,16;107,83;108,90;109,43;;;;;;;;;;;
2018-07-01;;100,81;101,36;102,46;103,67;104,32;104,97;105,94;106,59;107,44;107,87;;106,21;107,08;109,24;111,03;112,46;113,87;116,16;117,72;119,33;120,10;;101,49;102,05;103,46;104,66;105,56;106,18;107,16;107,83;108,90;109,43;;;;;;;;;;;
2018-07-02;;100,86;101,43;102,55;103,78;104,45;105,11;106,11;106,77;107,64;108,08;;106,34;107,23;109,44;111,20;112,67;114,05;116,35;117,97;119,49;120,25;;101,58;102,12;103,58;104,81;105,73;106,32;107,30;107,99;109,03;109,53;;;;;;;;;;;
2018-07-03;;100,86;101,42;102,55;103,78;104,45;105,11;106,11;106,77;107,64;108,08;;106,34;107,22;109,44;111,20;112,67;114,05;116,35;117,96;119,49;120,25;;101,59;102,13;103,59;104,82;105,74;106,33;107,31;108,00;109,04;109,54;;;;;;;;;;;
2018-07-04;;100,73;101,28;102,38;103,59;104,24;104,89;105,87;106,51;107,37;107,79;;106,29;107,16;109,35;111,08;112,52;113,91;116,17;117,75;119,31;120,06;;101,56;102,09;103,51;104,72;105,61;106,20;107,16;107,83;108,86;109,36;;;;;;;;;;;
2018-07-05;;100,93;101,49;102,60;103,81;104,46;105,12;106,10;106,74;107,60;108,03;;106,27;107,13;109,34;111,02;112,46;113,86;116,13;117,72;119,29;120,04;;101,53;102,04;103,48;104,70;105,58;106,18;107,15;107,82;108,85;109,34;;;;;;;;;;;
2018-07-06;;101,04;101,61;102,75;104,00;104,67;105,35;106,36;107,03;107,92;108,36;;106,36;107,21;109,44;111,15;112,60;114,02;116,33;117,93;119,51;120,25;;101,60;102,13;103,60;104,85;105,74;106,37;107,36;108,04;109,08;109,57;;;;;;;;;;;
2018-07-07;;101,03;101,61;102,75;103,99;104,67;105,35;106,36;107,03;107,92;108,36;;106,35;107,21;109,44;111,15;112,60;114,02;116,33;117,93;119,51;120,24;;101,60;102,13;103,60;104,85;105,74;106,37;107,36;108,04;109,08;109,57;;;;;;;;;;;
2018-07-08;;101,03;101,61;102,75;103,99;104,67;105,35;106,36;107,03;107,92;108,36;;106,35;107,20;109,44;111,15;112,60;114,02;116,32;117,93;119,51;120,24;;101,60;102,13;103,60;104,84;105,74;106,36;107,36;108,04;109,08;109,57;;;;;;;;;;;
2018-07-09;;101,11;101,72;102,94;104,29;105,02;105,74;106,83;107,56;108,52;109,00;;106,57;107,48;109,79;111,59;113,11;114,58;116,98;118,64;120,32;121,12;;101,83;102,39;103,94;105,27;106,22;106,89;107,96;108,70;109,82;110,36;;;;;;;;;;;
2018-07-10;;101,17;101,81;103,10;104,52;105,29;106,06;107,22;107,99;109,01;109,52;;106,64;107,59;109,97;111,84;113,41;114,92;117,39;119,11;120,84;121,69;;101,90;102,49;104,09;105,49;106,48;107,18;108,32;109,10;110,28;110,85;;;;;;;;;;;
2018-07-11;;101,09;101,69;102,88;104,19;104,90;105,61;106,67;107,37;108,31;108,77;;106,39;107,28;109,58;111,34;112,85;114,29;116,67;118,33;119,94;120,71;;101,65;102,20;103,72;105,03;105,97;106,62;107,66;108,39;109,47;109,98;;;;;;;;;;;
2018-07-12;;101,24;101,88;103,18;104,60;105,37;106,14;107,30;108,07;109,09;109,60;;106,73;107,66;110,04;111,84;113,40;114,88;117,34;119,06;120,73;121,54;;101,95;102,52;104,11;105,50;106,47;107,15;108,26;109,04;110,18;110,72;;;;;;;;;;;
2018-07-13;;101,37;102,03;103,35;104,79;105,58;106,37;107,55;108,33;109,38;109,90;;106,80;107,77;110,20;112,12;113,72;115,24;117,75;119,52;121,23;122,08;;102,05;102,65;104,30;105,75;106,77;107,48;108,63;109,45;110,63;111,20;;;;;;;;;;;
2018-07-14;;101,37;102,03;103,34;104,79;105,58;106,37;107,55;108,33;109,38;109,90;;106,79;107,76;110,20;112,12;113,72;115,24;117,75;119,52;121,23;122,08;;102,05;102,65;104,30;105,75;106,77;107,47;108,63;109,45;110,63;111,20;;;;;;;;;;;
2018-07-15;;101,37;102,03;103,34;104,79;105,58;106,37;107,55;108,33;109,38;109,90;;106,79;107,76;110,20;112,12;113,72;115,23;117,75;119,51;121,23;122,07;;102,04;102,65;104,30;105,74;106,77;107,47;108,63;109,45;110,63;111,20;;;;;;;;;;;
2018-07-16;;101,23;101,87;103,15;104,56;105,32;106,08;107,23;107,99;109,00;109,51;;106,70;107,61;109,98;111,81;113,36;114,84;117,30;119,00;120,67;121,47;;101,95;102,53;104,10;105,48;106,46;107,14;108,25;109,01;110,14;110,68;;;;;;;;;;;
2018-07-17;;101,33;102,00;103,32;104,78;105,57;106,36;107,55;108,34;109,39;109,92;;106,94;107,89;110,30;112,19;113,78;115,28;117,78;119,53;121,22;122,04;;102,16;102,77;104,36;105,79;106,80;107,49;108,63;109,43;110,59;111,15;;;;;;;;;;;
2018-07-18;;101,38;102,07;103,46;104,98;105,81;106,64;107,89;108,72;109,82;110,37;;106,99;107,93;110,40;112,35;113,95;115,50;118,06;119,84;121,57;122,40;;102,19;102,82;104,46;105,95;106,99;107,72;108,91;109,72;110,92;111,50;;;;;;;;;;;
2018-07-19;;101,45;102,13;103,49;104,98;105,80;106,61;107,83;108,65;109,73;110,27;;106,99;107,93;110,38;112,32;113,91;115,45;118,00;119,77;121,48;122,31;;102,18;102,81;104,44;105,92;106,95;107,67;108,85;109,66;110,85;111,42;;;;;;;;;;;
2018-07-20;;101,18;101,84;103,15;104,59;105,38;106,17;107,34;108,13;109,17;109,69;;106,56;107,51;109,92;111,87;113,45;114,98;117,49;119,23;120,96;121,80;;101,81;102,44;104,06;105,51;106,53;107,25;108,41;109,21;110,39;110,98;;;;;;;;;;;
2018-07-21;;101,18;101,83;103,15;104,59;105,38;106,17;107,34;108,13;109,17;109,69;;106,56;107,51;109,92;111,87;113,45;114,98;117,49;119,23;120,96;121,80;;101,81;102,44;104,06;105,51;106,53;107,25;108,41;109,21;110,39;110,98;;;;;;;;;;;
2018-07-22;;101,18;101,83;103,15;104,59;105,38;106,16;107,34;108,13;109,17;109,69;;106,56;107,50;109,92;111,87;113,45;114,97;117,49;119,23;120,96;121,80;;101,81;102,43;104,06;105,51;106,53;107,24;108,41;109,21;110,39;110,97;;;;;;;;;;;
2018-07-23;;100,95;101,62;102,97;104,46;105,27;106,08;107,29;108,10;109,17;109,71;;106,54;107,48;109,89;111,83;113,41;114,94;117,46;119,20;120,94;121,78;;101,78;102,41;104,01;105,46;106,48;107,20;108,37;109,16;110,36;110,95;;;;;;;;;;;
2018-07-24;;100,94;101,62;102,97;104,46;105,27;106,07;107,29;108,10;109,17;109,71;;106,56;107,52;109,95;111,91;113,50;115,06;117,61;119,36;121,15;122,01;;101,80;102,43;104,06;105,53;106,56;107,30;108,50;109,30;110,53;111,13;;;;;;;;;;;
2018-07-25;;101,18;101,92;103,40;105,04;105,93;106,82;108,17;109,06;110,26;110,85;;106,87;107,90;110,46;112,57;114,27;115,88;118,56;120,43;122,27;123,20;;102,09;102,78;104,52;106,12;107,24;108,03;109,33;110,23;111,55;112,21;;;;;;;;;;;
2018-07-26;;101,13;101,88;103,38;105,04;105,95;106,86;108,22;109,13;110,35;110,96;;106,79;107,83;110,40;112,56;114,26;115,91;118,61;120,48;122,39;123,35;;102,03;102,74;104,49;106,11;107,24;108,05;109,38;110,29;111,64;112,33;;;;;;;;;;;
2018-07-27;;101,11;101,85;103,33;104,96;105,85;106,75;108,09;108,98;110,18;110,77;;106,71;107,76;110,32;112,50;114,20;115,85;118,55;120,40;122,36;123,34;;101,98;102,70;104,45;106,06;107,19;108,01;109,34;110,25;111,63;112,33;;;;;;;;;;;
2018-07-28;;101,11;101,84;103,33;104,96;105,85;106,75;108,09;108,98;110,17;110,77;;106,71;107,76;110,31;112,50;114,20;115,85;118,55;120,40;122,36;123,34;;101,98;102,70;104,45;106,06;107,19;108,01;109,34;110,25;111,63;112,33;;;;;;;;;;;
2018-07-29;;101,10;101,84;103,33;104,96;105,85;106,74;108,09;108,98;110,17;110,77;;106,71;107,76;110,31;112,50;114,20;115,85;118,55;120,40;122,36;123,33;;101,98;102,70;104,45;106,06;107,18;108,01;109,34;110,25;111,62;112,33;;;;;;;;;;;
2018-07-30;;100,86;101,57;102,97;104,51;105,35;106,20;107,46;108,30;109,42;109,98;;106,28;107,31;109,81;111,93;113,59;115,22;117,85;119,65;121,58;122,53;;101,60;102,29;103,99;105,54;106,63;107,43;108,71;109,59;110,91;111,60;;;;;;;;;;;
2018-07-31;;101,02;101,73;103,15;104,71;105,56;106,41;107,69;108,54;109,68;110,24;;106,52;107,56;110,08;112,14;113,80;115,43;118,06;119,89;121,81;122,74;;101,81;102,47;104,19;105,75;106,83;107,63;108,92;109,80;111,13;111,79;;;;;;;;;;;
2018-08-01;;100,83;101,55;103,00;104,59;105,46;106,33;107,64;108,51;109,67;110,25;;106,34;107,37;109,91;112,03;113,70;115,35;118,02;119,85;121,80;122,75;;101,63;102,32;104,05;105,64;106,74;107,56;108,87;109,76;111,12;111,80;;;;;;;;;;;
2018-08-02;;100,75;101,50;103,02;104,69;105,60;106,52;107,89;108,81;110,03;110,64;;106,33;107,32;109,86;111,96;113,63;115,26;117,95;119,79;121,66;122,58;;101,55;102,24;103,96;105,56;106,67;107,47;108,78;109,67;110,99;111,67;;;;;;;;;;;
2018-08-03;;101,09;101,86;103,40;105,09;106,02;106,95;108,35;109,28;110,53;111,15;;106,58;107,61;110,21;112,35;114,06;115,72;118,47;120,36;122,28;123,23;;101,79;102,50;104,26;105,91;107,05;107,88;109,24;110,16;111,53;112,23;;;;;;;;;;;
2018-08-04;;101,09;101,86;103,39;105,09;106,02;106,95;108,35;109,28;110,53;111,15;;106,58;107,61;110,21;112,35;114,06;115,72;118,47;120,36;122,28;123,23;;101,78;102,49;104,25;105,91;107,05;107,88;109,23;110,16;111,53;112,22;;;;;;;;;;;
2018-08-05;;101,09;101,85;103,39;105,09;106,02;106,95;108,35;109,28;110,53;111,15;;106,58;107,61;110,20;112,35;114,06;115,72;118,47;120,36;122,27;123,23;;101,78;102,49;104,25;105,91;107,05;107,87;109,23;110,16;111,53;112,22;;;;;;;;;;;
2018-08-06;;101,23;102,01;103,58;105,32;106,26;107,21;108,64;109,59;110,86;111,50;;106,80;107,83;110,46;112,59;114,32;115,98;118,76;120,67;122,56;123,51;;101,97;102,68;104,48;106,16;107,31;108,15;109,52;110,46;111,83;112,50;;;;;;;;;;;
2018-08-07;;101,23;102,01;103,58;105,31;106,26;107,21;108,64;109,59;110,86;111,50;;106,81;107,85;110,50;112,64;114,38;116,05;118,84;120,76;122,68;123,64;;101,99;102,70;104,52;106,21;107,37;108,21;109,60;110,54;111,93;112,61;;;;;;;;;;;
2018-08-08;;101,15;101,94;103,52;105,26;106,22;107,17;108,61;109,57;110,85;111,49;;106,71;107,75;110,39;112,56;114,30;115,98;118,77;120,69;122,62;123,57;;101,89;102,62;104,44;106,13;107,30;108,16;109,54;110,49;111,89;112,58;;;;;;;;;;;
2018-08-09;;101,28;102,08;103,67;105,44;106,40;107,37;108,82;109,79;111,09;111,74;;106,83;107,89;110,54;112,72;114,47;116,15;118,96;120,88;122,83;123,80;;102,00;102,73;104,57;106,27;107,44;108,30;109,70;110,66;112,07;112,77;;;;;;;;;;;
2018-08-10;;101,45;102,24;103,84;105,60;106,56;107,52;108,97;109,94;111,24;111,89;;106,93;107,96;110,59;112,76;114,50;116,15;118,94;120,87;122,73;123,68;;102,05;102,77;104,60;106,29;107,45;108,30;109,67;110,61;112,00;112,69;;;;;;;;;;;
2018-08-11;;101,45;102,24;103,84;105,60;106,56;107,52;108,97;109,94;111,24;111,88;;106,93;107,96;110,59;112,76;114,50;116,15;118,94;120,86;122,73;123,68;;102,05;102,77;104,60;106,29;107,45;108,29;109,67;110,61;112,00;112,69;;;;;;;;;;;
2018-08-12;;101,45;102,24;103,84;105,60;106,56;107,52;108,97;109,94;111,23;111,88;;106,93;107,96;110,59;112,76;114,49;116,15;118,94;120,86;122,73;123,68;;102,05;102,77;104,60;106,28;107,45;108,29;109,67;110,61;111,99;112,68;;;;;;;;;;;
2018-08-13;;101,31;102,08;103,63;105,34;106,27;107,21;108,61;109,55;110,80;111,43;;106,60;107,58;110,19;112,24;113,94;115,57;118,32;120,21;122,02;122,92;;101,69;102,37;104,17;105,82;106,95;107,77;109,10;110,02;111,35;111,99;;;;;;;;;;;
2018-08-14;;101,40;102,21;103,86;105,67;106,66;107,66;109,16;110,16;111,50;112,17;;106,88;107,86;110,51;112,66;114,38;116,05;118,87;120,81;122,63;123,53;;101,92;102,66;104,50;106,21;107,38;108,24;109,63;110,56;111,93;112,59;;;;;;;;;;;
2018-08-15;;101,42;102,21;103,80;105,56;106,52;107,48;108,92;109,89;111,18;111,82;;106,81;107,74;110,35;112,47;114,15;115,81;118,60;120,50;122,30;123,17;;101,84;102,57;104,38;106,06;107,20;108,06;109,43;110,32;111,66;112,32;;;;;;;;;;;
2018-08-16;;101,40;102,19;103,78;105,54;106,50;107,46;108,91;109,88;111,17;111,81;;106,75;107,67;110,26;112,29;113,96;115,58;118,34;120,23;121,95;122,78;;101,78;102,48;104,28;105,93;107,05;107,88;109,21;110,09;111,38;111,98;;;;;;;;;;;
2018-08-17;;101,45;102,25;103,86;105,63;106,60;107,58;109,04;110,02;111,32;111,98;;106,81;107,72;110,32;112,38;114,04;115,66;118,43;120,32;122,03;122,87;;101,84;102,55;104,34;106,00;107,13;107,96;109,30;110,18;111,46;112,08;;;;;;;;;;;
2018-08-18;;101,45;102,25;103,85;105,63;106,60;107,58;109,04;110,02;111,32;111,98;;106,81;107,72;110,31;112,37;114,04;115,66;118,43;120,32;122,03;122,87;;101,84;102,54;104,34;106,00;107,13;107,96;109,30;110,18;111,46;112,08;;;;;;;;;;;
2018-08-19;;101,44;102,25;103,85;105,63;106,60;107,57;109,04;110,02;111,32;111,98;;106,81;107,72;110,31;112,37;114,04;115,66;118,43;120,32;122,03;122,86;;101,83;102,54;104,34;106,00;107,13;107,96;109,29;110,18;111,46;112,07;;;;;;;;;;;
2018-08-20;;101,46;102,27;103,90;105,70;106,69;107,68;109,16;110,15;111,48;112,14;;106,93;107,88;110,51;112,59;114,29;115,93;118,72;120,65;122,40;123,26;;101,97;102,68;104,51;106,20;107,34;108,19;109,55;110,46;111,78;112,40;;;;;;;;;;;
2018-08-21;;101,46;102,27;103,90;105,70;106,69;107,67;109,16;110,15;111,48;112,14;;106,93;107,88;110,51;112,59;114,29;115,93;118,72;120,64;122,40;123,26;;101,97;102,68;104,52;106,20;107,35;108,19;109,55;110,46;111,78;112,40;;;;;;;;;;;
2018-08-22;;101,46;102,27;103,90;105,70;106,69;107,67;109,16;110,15;111,48;112,14;;106,93;107,88;110,51;112,59;114,29;115,93;118,72;120,64;122,40;123,26;;101,97;102,68;104,51;106,20;107,35;108,19;109,55;110,46;111,78;112,40;;;;;;;;;;;
2018-08-23;;101,38;102,14;103,65;105,31;106,22;107,14;108,50;109,42;110,63;111,24;;106,65;107,59;110,17;112,15;113,81;115,41;118,12;119,99;121,73;122,59;;101,74;102,41;104,13;105,74;106,84;107,62;108,91;109,79;111,08;111,68;;;;;;;;;;;
2018-08-24;;101,38;102,14;103,66;105,33;106,25;107,16;108,54;109,46;110,68;111,30;;106,67;107,61;110,19;112,18;113,85;115,45;118,17;120,04;121,79;122,64;;101,76;102,43;104,17;105,79;106,89;107,67;108,98;109,86;111,13;111,74;;;;;;;;;;;
2018-08-25;;101,38;102,14;103,66;105,33;106,25;107,16;108,54;109,46;110,68;111,29;;106,67;107,61;110,19;112,18;113,85;115,45;118,17;120,04;121,78;122,64;;101,76;102,43;104,17;105,78;106,89;107,67;108,97;109,85;111,13;111,73;;;;;;;;;;;
2018-08-26;;101,38;102,14;103,66;105,33;106,25;107,16;108,54;109,46;110,68;111,29;;106,67;107,61;110,19;112,18;113,84;115,45;118,16;120,04;121,78;122,64;;101,76;102,43;104,17;105,78;106,89;107,67;108,97;109,85;111,13;111,73;;;;;;;;;;;
2018-08-27;;101,23;102,02;103,62;105,39;106,36;107,33;108,78;109,76;111,06;111,71;;106,43;107,44;110,10;112,21;113,94;115,59;118,39;120,33;122,15;123,07;;101,56;102,27;104,09;105,79;106,95;107,78;109,16;110,11;111,46;112,12;;;;;;;;;;;
2018-08-28;;101,23;102,01;103,58;105,31;106,26;107,21;108,63;109,59;110,86;111,50;;106,46;107,45;110,08;112,15;113,86;115,51;118,29;120,19;122,04;122,96;;101,60;102,29;104,08;105,75;106,89;107,72;109,08;110,01;111,35;112,01;;;;;;;;;;;
2018-08-29;;101,25;102,06;103,69;105,49;106,47;107,46;108,94;109,93;111,26;111,92;;106,53;107,55;110,25;112,38;114,14;115,83;118,67;120,64;122,52;123,45;;101,64;102,36;104,22;105,97;107,15;108,01;109,43;110,40;111,79;112,46;;;;;;;;;;;
2018-08-30;;101,30;102,10;103,72;105,51;106,48;107,46;108,93;109,92;111,23;111,89;;106,61;107,59;110,25;112,35;114,07;115,74;118,55;120,48;122,31;123,20;;101,69;102,41;104,23;105,94;107,10;107,95;109,34;110,27;111,63;112,27;;;;;;;;;;;
2018-08-31;;101,29;102,09;103,69;105,45;106,42;107,39;108,84;109,82;111,12;111,77;;106,44;107,42;110,09;112,22;113,95;115,61;118,43;120,38;122,17;123,06;;101,52;102,25;104,07;105,80;106,97;107,81;109,20;110,14;111,49;112,13;;;;;;;;;;;
2018-09-01;;101,29;102,08;103,68;105,45;106,42;107,39;108,84;109,82;111,12;111,77;;106,44;107,42;110,09;112,22;113,95;115,61;118,43;120,38;122,17;123,06;;101,52;102,25;104,07;105,79;106,97;107,81;109,20;110,14;111,49;112,13;;;;;;;;;;;
2018-09-02;;101,28;102,08;103,68;105,45;106,42;107,39;108,84;109,81;111,11;111,76;;106,44;107,42;110,09;112,22;113,95;115,61;118,43;120,38;122,17;123,06;;101,52;102,25;104,07;105,79;106,97;107,81;109,20;110,14;111,49;112,13;;;;;;;;;;;
2018-09-03;;101,16;101,96;103,57;105,35;106,33;107,30;108,77;109,75;111,06;111,72;;106,46;107,42;110,09;112,18;113,89;115,54;118,35;120,29;122,06;122,92;;101,52;102,24;104,05;105,77;106,93;107,76;109,14;110,06;111,39;112,01;;;;;;;;;;;
2018-09-04;;101,26;102,06;103,68;105,46;106,44;107,42;108,89;109,87;111,19;111,84;;106,69;107,63;110,29;112,36;114,07;115,69;118,49;120,44;122,14;122,97;;101,70;102,41;104,22;105,93;107,08;107,90;109,25;110,17;111,47;112,07;;;;;;;;;;;
2018-09-05;;101,05;101,80;103,31;104,97;105,88;106,79;108,15;109,06;110,28;110,89;;106,49;107,32;109,86;111,75;113,35;114,89;117,55;119,40;120,93;121,64;;101,47;102,13;103,81;105,38;106,45;107,18;108,41;109,23;110,39;110,89;;;;;;;;;;;
2018-09-06;;101,10;101,82;103,28;104,89;105,76;106,64;107,96;108,83;110,00;110,59;;106,60;107,41;109,89;111,72;113,29;114,79;117,39;119,20;120,66;121,33;;101,59;102,23;103,84;105,35;106,39;107,08;108,25;109,03;110,13;110,60;;;;;;;;;;;
2018-09-07;;100,94;101,68;103,16;104,79;105,68;106,58;107,91;108,81;110,00;110,59;;106,43;107,29;109,83;111,71;113,32;114,84;117,48;119,34;120,84;121,55;;101,45;102,10;103,76;105,32;106,39;107,10;108,31;109,13;110,27;110,76;;;;;;;;;;;
2018-09-08;;100,94;101,68;103,16;104,79;105,68;106,57;107,91;108,81;110,00;110,59;;106,43;107,28;109,83;111,71;113,32;114,84;117,48;119,33;120,84;121,55;;101,45;102,10;103,76;105,32;106,39;107,10;108,31;109,13;110,27;110,76;;;;;;;;;;;
2018-09-09;;100,94;101,68;103,16;104,79;105,68;106,57;107,91;108,80;109,99;110,59;;106,43;107,28;109,82;111,71;113,32;114,84;117,48;119,33;120,84;121,55;;101,45;102,10;103,76;105,32;106,39;107,09;108,30;109,13;110,26;110,76;;;;;;;;;;;
2018-09-10;;100,98;101,72;103,21;104,86;105,75;106,65;108,00;108,90;110,10;110,70;;106,57;107,38;109,90;111,75;113,32;114,85;117,48;119,31;120,80;121,46;;101,54;102,19;103,81;105,35;106,40;107,10;108,30;109,10;110,21;110,68;;;;;;;;;;;
2018-09-11;;100,90;101,67;103,21;104,90;105,83;106,76;108,16;109,09;110,34;110,96;;106,59;107,41;109,97;111,87;113,47;115,02;117,69;119,56;121,06;121,71;;101,54;102,22;103,88;105,47;106,55;107,27;108,50;109,32;110,46;110,92;;;;;;;;;;;
2018-09-12;;100,94;101,70;103,23;104,92;105,84;106,76;108,15;109,08;110,31;110,93;;106,62;107,43;109,98;111,84;113,42;114,98;117,62;119,47;120,98;121,63;;101,57;102,23;103,88;105,45;106,51;107,22;108,45;109,24;110,38;110,84;;;;;;;;;;;
2018-09-13;;100,93;101,70;103,24;104,93;105,86;106,79;108,18;109,11;110,35;110,97;;106,59;107,42;109,98;111,86;113,46;115,02;117,69;119,55;121,08;121,75;;101,57;102,24;103,90;105,48;106,56;107,29;108,52;109,34;110,49;110,96;;;;;;;;;;;
2018-09-14;;100,87;101,65;103,22;104,95;105,89;106,84;108,27;109,22;110,48;111,12;;106,46;107,35;109,95;111,93;113,57;115,17;117,89;119,79;121,41;122,16;;101,49;102,18;103,90;105,53;106,64;107,41;108,70;109,56;110,78;111,32;;;;;;;;;;;
2018-09-15;;100,87;101,65;103,22;104,95;105,89;106,84;108,26;109,21;110,48;111,12;;106,46;107,35;109,94;111,92;113,57;115,16;117,89;119,78;121,41;122,15;;101,49;102,18;103,89;105,53;106,64;107,41;108,70;109,56;110,78;111,32;;;;;;;;;;;
2018-09-16;;100,87;101,65;103,22;104,95;105,89;106,84;108,26;109,21;110,48;111,12;;106,46;107,34;109,94;111,92;113,57;115,16;117,89;119,78;121,40;122,15;;101,49;102,18;103,89;105,53;106,64;107,41;108,70;109,56;110,78;111,32;;;;;;;;;;;
2018-09-17;;100,84;101,60;103,12;104,79;105,71;106,63;108,00;108,92;110,15;110,76;;106,51;107,32;109,85;111,75;113,33;114,89;117,54;119,36;120,92;121,59;;101,51;102,18;103,83;105,40;106,46;107,20;108,43;109,22;110,36;110,85;;;;;;;;;;;
2018-09-18;;100,75;101,54;103,11;104,86;105,81;106,76;108,19;109,15;110,43;111,07;;106,52;107,37;109,95;111,96;113,58;115,18;117,89;119,77;121,38;122,07;;101,52;102,24;103,94;105,57;106,67;107,45;108,73;109,56;110,76;111,28;;;;;;;;;;;
2018-09-19;;100,70;101,52;103,17;104,98;105,98;106,97;108,47;109,48;110,81;111,49;;106,43;107,34;110,00;112,17;113,85;115,51;118,31;120,25;121,94;122,70;;101,45;102,23;104,02;105,74;106,91;107,75;109,11;110,01;111,29;111,87;;;;;;;;;;;
2018-09-20;;100,76;101,58;103,24;105,08;106,09;107,09;108,61;109,62;110,98;111,66;;106,56;107,46;110,13;112,26;113,93;115,61;118,41;120,34;122,08;122,85;;101,58;102,34;104,11;105,83;106,99;107,82;109,19;110,08;111,38;111,95;;;;;;;;;;;
2018-09-21;;100,83;101,66;103,33;105,17;106,18;107,19;108,71;109,73;111,09;111,78;;106,67;107,62;110,30;112,48;114,19;115,88;118,70;120,65;122,44;123,26;;101,72;102,49;104,29;106,03;107,21;108,05;109,45;110,37;111,70;112,32;;;;;;;;;;;
2018-09-22;;100,83;101,66;103,32;105,17;106,18;107,19;108,71;109,73;111,09;111,77;;106,67;107,62;110,30;112,48;114,19;115,88;118,70;120,65;122,44;123,26;;101,72;102,49;104,29;106,03;107,20;108,05;109,45;110,36;111,70;112,31;;;;;;;;;;;
2018-09-23;;100,82;101,65;103,32;105,17;106,18;107,19;108,71;109,73;111,09;111,77;;106,67;107,62;110,30;112,48;114,19;115,88;118,70;120,65;122,44;123,26;;101,72;102,48;104,28;106,03;107,20;108,05;109,45;110,36;111,70;112,31;;;;;;;;;;;
2018-09-24;;100,62;101,43;103,05;104,84;105,82;106,80;108,28;109,26;110,58;111,24;;106,30;107,21;109,83;111,97;113,64;115,31;118,09;120,00;121,75;122,53;;101,37;102,14;103,88;105,57;106,73;107,56;108,92;109,80;111,10;111,69;;;;;;;;;;;
2018-09-25;;100,55;101,37;103,00;104,80;105,79;106,78;108,27;109,26;110,59;111,26;;106,29;107,21;109,86;112,04;113,71;115,41;118,21;120,12;121,91;122,69;;101,36;102,14;103,90;105,63;106,79;107,64;109,02;109,91;111,23;111,82;;;;;;;;;;;
2018-09-26;;100,72;101,54;103,18;104,99;105,98;106,98;108,47;109,47;110,81;111,48;;106,39;107,33;110,00;112,24;113,94;115,65;118,47;120,40;122,23;123,04;;101,48;102,28;104,07;105,81;106,99;107,86;109,26;110,17;111,52;112,14;;;;;;;;;;;
2018-09-27;;100,81;101,66;103,35;105,23;106,25;107,28;108,83;109,87;111,25;111,95;;106,45;107,45;110,22;112,50;114,26;116,01;118,92;120,93;122,83;123,68;;101,55;102,36;104,22;106,05;107,28;108,17;109,65;110,62;112,03;112,68;;;;;;;;;;;
2018-09-28;;100,84;101,70;103,43;105,34;106,39;107,45;109,03;110,09;111,51;112,22;;106,38;107,36;110,10;112,42;114,18;115,92;118,86;120,86;122,73;123,60;;101,46;102,29;104,16;106,00;107,24;108,15;109,64;110,61;112,02;112,69;;;;;;;;;;;
2018-09-29;;100,83;101,70;103,43;105,34;106,39;107,44;109,03;110,09;111,51;112,22;;106,37;107,36;110,10;112,42;114,18;115,92;118,86;120,86;122,73;123,59;;101,46;102,29;104,16;106,00;107,24;108,15;109,64;110,61;112,02;112,69;;;;;;;;;;;
2018-09-30;;100,83;101,70;103,43;105,34;106,39;107,44;109,03;110,09;111,51;112,22;;106,37;107,36;110,10;112,42;114,17;115,92;118,85;120,86;122,73;123,59;;101,46;102,29;104,16;105,99;107,24;108,15;109,63;110,60;112,02;112,69;;;;;;;;;;;
2018-10-01;;100,80;101,69;103,49;105,48;106,57;107,67;109,32;110,42;111,90;112,64;;106,23;107,24;110,05;112,43;114,23;116,01;119,02;121,07;122,98;123,89;;101,31;102,16;104,09;105,99;107,27;108,21;109,75;110,77;112,22;112,93;;;;;;;;;;;
2018-10-02;;100,89;101,78;103,56;105,54;106,62;107,71;109,35;110,45;111,92;112,65;;106,36;107,33;110,08;112,44;114,21;115,98;118,96;120,98;122,84;123,72;;101,40;102,26;104,11;105,98;107,24;108,16;109,68;110,66;112,09;112,78;;;;;;;;;;;
2018-10-03;;100,67;101,58;103,41;105,43;106,54;107,65;109,33;110,46;111,97;112,72;;106,36;107,33;110,12;112,44;114,21;115,97;118,96;120,99;122,84;123,71;;101,40;102,24;104,12;105,99;107,25;108,17;109,68;110,67;112,09;112,76;;;;;;;;;;;
2018-10-04;;100,34;101,23;103,01;104,99;106,07;107,16;108,80;109,90;111,37;112,11;;106,05;106,94;109,66;111,93;113,63;115,37;118,29;120,27;122,04;122,82;;101,06;101,89;103,71;105,53;106,75;107,64;109,11;110,03;111,39;112,01;;;;;;;;;;;
2018-10-05;;100,09;100,96;102,69;104,62;105,67;106,73;108,32;109,38;110,81;111,52;;105,75;106,62;109,29;111,51;113,19;114,90;117,78;119,72;121,46;122,23;;100,77;101,59;103,37;105,14;106,34;107,21;108,64;109,54;110,87;111,48;;;;;;;;;;;
2018-10-06;;100,09;100,96;102,69;104,61;105,67;106,72;108,32;109,38;110,80;111,52;;105,75;106,62;109,29;111,51;113,19;114,90;117,78;119,72;121,46;122,23;;100,77;101,59;103,36;105,14;106,34;107,21;108,64;109,54;110,87;111,48;;;;;;;;;;;
2018-10-07;;100,09;100,96;102,69;104,61;105,67;106,72;108,31;109,38;110,80;111,52;;105,74;106,62;109,28;111,51;113,19;114,90;117,77;119,72;121,46;122,22;;100,77;101,59;103,36;105,14;106,34;107,21;108,64;109,54;110,87;111,48;;;;;;;;;;;
2018-10-08;;99,94;100,81;102,56;104,49;105,55;106,61;108,22;109,29;110,73;111,44;;105,56;106,41;109,06;111,31;112,98;114,67;117,56;119,50;121,18;121,93;;100,57;101,41;103,16;104,94;106,15;107,01;108,43;109,32;110,63;111,24;;;;;;;;;;;
2018-10-09;;100,12;100,97;102,68;104,57;105,61;106,65;108,22;109,27;110,67;111,38;;105,74;106,58;109,21;111,36;113,01;114,67;117,52;119,44;121,09;121,83;;100,73;101,52;103,24;104,97;106,15;106,98;108,37;109,24;110,52;111,10;;;;;;;;;;;
2018-10-10;;99,69;100,40;101,81;103,37;104,21;105,06;106,33;107,18;108,30;108,87;;105,16;105,90;108,20;110,15;111,61;113,12;115,66;117,34;118,85;119,51;;100,26;100,96;102,43;103,85;104,87;105,58;106,73;107,42;108,53;109,05;;;;;;;;;;;
2018-10-11;;99,35;99,93;101,11;102,39;103,08;103,78;104,81;105,49;106,40;106,86;;104,87;105,46;107,50;109,09;110,37;111,70;113,95;115,43;116,69;117,21;;99,99;100,55;101,76;102,89;103,73;104,27;105,17;105,69;106,56;106,96;;;;;;;;;;;
2018-10-12;;99,44;100,07;101,33;102,71;103,46;104,21;105,33;106,07;107,05;107,55;;104,90;105,58;107,75;109,45;110,84;112,21;114,58;116,17;117,47;118,08;;100,03;100,62;101,95;103,21;104,13;104,71;105,70;106,31;107,26;107,71;;;;;;;;;;;
2018-10-13;;99,44;100,07;101,33;102,71;103,46;104,21;105,32;106,07;107,05;107,54;;104,90;105,58;107,75;109,45;110,84;112,20;114,58;116,16;117,47;118,08;;100,03;100,62;101,95;103,21;104,13;104,71;105,69;106,31;107,26;107,71;;;;;;;;;;;
2018-10-14;;99,44;100,07;101,33;102,71;103,46;104,21;105,32;106,07;107,05;107,54;;104,90;105,58;107,74;109,45;110,83;112,20;114,58;116,16;117,47;118,07;;100,03;100,62;101,95;103,21;104,12;104,70;105,69;106,31;107,26;107,71;;;;;;;;;;;
2018-10-15;;99,37;99,97;101,17;102,47;103,18;103,88;104,94;105,63;106,56;107,02;;104,82;105,47;107,58;109,18;110,52;111,86;114,15;115,69;116,97;117,55;;99,97;100,52;101,78;102,97;103,84;104,38;105,31;105,89;106,79;107,21;;;;;;;;;;;
2018-10-16;;99,81;100,50;101,86;103,36;104,18;105,00;106,22;107,03;108,11;108,65;;105,32;106,04;108,36;110,10;111,56;113,00;115,47;117,15;118,53;119,15;;100,40;101,01;102,43;103,81;104,78;105,40;106,47;107,16;108,16;108,62;;;;;;;;;;;
2018-10-17;;99,81;100,51;101,92;103,46;104,30;105,14;106,40;107,23;108,34;108,90;;105,42;106,15;108,48;110,33;111,80;113,26;115,78;117,48;118,88;119,52;;100,50;101,15;102,60;104,01;105,01;105,66;106,77;107,47;108,51;109,00;;;;;;;;;;;
2018-10-18;;99,67;100,33;101,65;103,09;103,87;104,66;105,83;106,61;107,64;108,16;;105,26;105,94;108,13;109,85;111,24;112,64;115,05;116,65;118,00;118,61;;100,35;100,96;102,31;103,60;104,53;105,13;106,15;106,78;107,76;108,22;;;;;;;;;;;
2018-10-19;;99,61;100,27;101,58;103,01;103,80;104,58;105,74;106,52;107,55;108,06;;105,15;105,83;108,05;109,77;111,17;112,56;114,97;116,59;117,92;118,53;;100,25;100,84;102,22;103,52;104,45;105,06;106,08;106,71;107,68;108,13;;;;;;;;;;;
2018-10-20;;99,61;100,26;101,58;103,01;103,80;104,58;105,74;106,52;107,55;108,06;;105,15;105,83;108,05;109,77;111,17;112,56;114,97;116,59;117,91;118,52;;100,25;100,84;102,22;103,52;104,45;105,06;106,08;106,71;107,68;108,13;;;;;;;;;;;
2018-10-21;;99,61;100,26;101,57;103,01;103,79;104,57;105,74;106,52;107,55;108,06;;105,15;105,83;108,05;109,76;111,17;112,56;114,97;116,58;117,91;118,52;;100,24;100,84;102,22;103,52;104,45;105,06;106,08;106,71;107,68;108,13;;;;;;;;;;;
2018-10-22;;99,59;100,24;101,53;102,94;103,71;104,47;105,62;106,38;107,39;107,89;;105,31;106,02;108,21;109,92;111,33;112,70;115,08;116,69;118,01;118,65;;100,43;101,01;102,37;103,63;104,56;105,14;106,14;106,78;107,75;108,21;;;;;;;;;;;
2018-10-23;;99,55;100,15;101,34;102,64;103,35;104,05;105,10;105,80;106,72;107,18;;105,12;105,75;107,84;109,37;110,70;111,98;114,24;115,78;116,92;117,47;;100,21;100,73;101,98;103,14;103,99;104,49;105,37;105,94;106,76;107,16;;;;;;;;;;;
2018-10-24;;99,33;99,84;100,85;101,94;102,53;103,12;103,99;104,57;105,33;105,71;;104,91;105,48;107,35;108,76;109,97;111,16;113,24;114,61;115,71;116,26;;100,08;100,53;101,62;102,58;103,32;103,75;104,50;104,95;105,69;106,09;;;;;;;;;;;
2018-10-25;;99,45;100,01;101,13;102,34;103,00;103,66;104,63;105,28;106,13;106,56;;105,12;105,71;107,76;109,15;110,44;111,67;113,86;115,35;116,44;116,98;;100,21;100,66;101,85;102,94;103,73;104,17;104,99;105,52;106,28;106,64;;;;;;;;;;;
2018-10-26;;99,61;100,10;101,07;102,12;102,69;103,26;104,10;104,65;105,38;105,74;;105,04;105,58;107,47;108,79;109,99;111,15;113,20;114,58;115,60;116,08;;100,17;100,59;101,66;102,60;103,33;103,71;104,42;104,86;105,54;105,87;;;;;;;;;;;
2018-10-27;;99,61;100,10;101,07;102,12;102,69;103,26;104,09;104,65;105,37;105,73;;105,04;105,58;107,47;108,79;109,99;111,15;113,20;114,58;115,60;116,08;;100,17;100,59;101,65;102,60;103,33;103,71;104,42;104,86;105,54;105,87;;;;;;;;;;;
2018-10-28;;99,60;100,09;101,07;102,12;102,69;103,26;104,09;104,64;105,37;105,73;;105,04;105,58;107,47;108,79;109,99;111,15;113,20;114,58;115,60;116,08;;100,17;100,59;101,65;102,60;103,33;103,71;104,42;104,86;105,54;105,87;;;;;;;;;;;
2018-10-29;;99,60;100,09;101,07;102,12;102,69;103,25;104,09;104,64;105,37;105,73;;105,07;105,61;107,53;108,87;110,08;111,27;113,34;114,74;115,80;116,30;;100,19;100,62;101,70;102,68;103,41;103,81;104,55;105,00;105,71;106,05;;;;;;;;;;;
2018-10-30;;99,44;99,99;101,07;102,24;102,88;103,51;104,46;105,08;105,90;106,31;;105,21;105,75;107,73;109,08;110,31;111,53;113,65;115,09;116,15;116,64;;100,28;100,73;101,88;102,90;103,66;104,10;104,87;105,34;106,08;106,40;;;;;;;;;;;
2018-10-31;;99,69;100,31;101,55;102,90;103,63;104,36;105,45;106,17;107,13;107,61;;105,46;106,12;108,28;109,87;111,23;112,57;114,88;116,45;117,71;118,29;;100,53;101,06;102,37;103,59;104,46;105,00;105,94;106,53;107,43;107,85;;;;;;;;;;;
2018-11-01;;99,75;100,39;101,67;103,07;103,83;104,58;105,72;106,47;107,46;107,96;;105,40;106,11;108,34;109,94;111,36;112,70;115,06;116,68;117,95;118,57;;100,48;101,01;102,40;103,67;104,57;105,12;106,10;106,74;107,66;108,08;;;;;;;;;;;
2018-11-02;;99,55;100,19;101,48;102,89;103,66;104,42;105,56;106,32;107,32;107,82;;105,38;106,17;108,43;110,16;111,63;113,00;115,40;117,05;118,44;119,17;;100,54;101,09;102,54;103,85;104,79;105,38;106,40;107,10;108,10;108,61;;;;;;;;;;;
2018-11-03;;99,55;100,19;101,48;102,89;103,66;104,42;105,56;106,32;107,32;107,82;;105,38;106,17;108,43;110,16;111,63;113,00;115,40;117,04;118,44;119,17;;100,54;101,09;102,54;103,85;104,79;105,38;106,40;107,09;108,10;108,61;;;;;;;;;;;
2018-11-04;;99,55;100,19;101,48;102,89;103,66;104,42;105,56;106,32;107,32;107,82;;105,37;106,17;108,43;110,16;111,63;113,00;115,40;117,04;118,43;119,16;;100,53;101,09;102,54;103,85;104,79;105,38;106,40;107,09;108,09;108,60;;;;;;;;;;;
2018-11-05;;99,59;100,24;101,53;102,94;103,71;104,48;105,62;106,38;107,38;107,88;;105,57;106,33;108,57;110,20;111,64;112,99;115,36;116,99;118,32;119,01;;100,68;101,21;102,61;103,89;104,80;105,35;106,34;107,01;107,98;108,44;;;;;;;;;;;
2018-11-06;;99,46;100,13;101,47;102,94;103,73;104,53;105,72;106,51;107,56;108,08;;105,48;106,26;108,57;110,29;111,78;113,17;115,61;117,29;118,66;119,36;;100,60;101,16;102,63;103,98;104,94;105,54;106,58;107,29;108,30;108,78;;;;;;;;;;;
2018-11-07;;99,78;100,51;101,96;103,55;104,42;105,29;106,58;107,45;108,60;109,17;;105,79;106,60;109,02;110,77;112,32;113,76;116,30;118,06;119,48;120,19;;100,85;101,43;102,99;104,44;105,44;106,09;107,21;107,98;109,04;109,53;;;;;;;;;;;
2018-11-08;;99,73;100,48;101,97;103,62;104,51;105,41;106,75;107,64;108,83;109,43;;105,67;106,48;108,92;110,76;112,32;113,80;116,40;118,18;119,65;120,38;;100,72;101,35;102,95;104,44;105,47;106,16;107,33;108,12;109,23;109,75;;;;;;;;;;;
2018-11-09;;99,83;100,56;102,01;103,60;104,47;105,34;106,64;107,50;108,65;109,22;;105,73;106,49;108,88;110,66;112,17;113,63;116,17;117,90;119,31;119,99;;100,75;101,37;102,91;104,35;105,35;106,02;107,14;107,87;108,93;109,42;;;;;;;;;;;
2018-11-10;;99,83;100,56;102,01;103,60;104,47;105,34;106,63;107,50;108,65;109,22;;105,73;106,49;108,88;110,66;112,17;113,62;116,16;117,90;119,31;119,99;;100,75;101,37;102,91;104,35;105,35;106,01;107,14;107,87;108,93;109,42;;;;;;;;;;;
2018-11-11;;99,83;100,56;102,01;103,60;104,47;105,33;106,63;107,50;108,65;109,22;;105,72;106,49;108,88;110,66;112,17;113,62;116,16;117,90;119,31;119,99;;100,75;101,36;102,91;104,35;105,35;106,01;107,14;107,87;108,93;109,42;;;;;;;;;;;
2018-11-12;;99,70;100,38;101,75;103,24;104,06;104,87;106,08;106,89;107,96;108,50;;105,61;106,35;108,62;110,37;111,83;113,22;115,67;117,33;118,67;119,34;;100,67;101,27;102,75;104,09;105,05;105,68;106,72;107,41;108,40;108,89;;;;;;;;;;;
2018-11-13;;99,72;100,38;101,70;103,15;103,93;104,72;105,89;106,67;107,70;108,21;;105,52;106,23;108,50;110,15;111,58;112,97;115,38;117,02;118,36;119,00;;100,57;101,13;102,58;103,90;104,82;105,43;106,46;107,12;108,09;108,53;;;;;;;;;;;
2018-11-14;;99,63;100,25;101,49;102,85;103,59;104,32;105,42;106,14;107,10;107,58;;105,29;105,99;108,18;109,78;111,17;112,51;114,85;116,43;117,74;118,38;;100,38;100,91;102,28;103,52;104,41;104,97;105,93;106,56;107,49;107,94;;;;;;;;;;;
2018-11-15;;99,59;100,24;101,54;102,97;103,74;104,52;105,67;106,44;107,46;107,96;;105,41;106,15;108,38;110,03;111,47;112,80;115,19;116,82;118,10;118,77;;100,49;101,03;102,46;103,74;104,66;105,23;106,22;106,89;107,84;108,31;;;;;;;;;;;
2018-11-16;;99,70;100,32;101,56;102,91;103,65;104,38;105,47;106,19;107,15;107,62;;105,23;105,99;108,20;109,82;111,27;112,58;114,95;116,57;117,86;118,55;;100,34;100,86;102,28;103,54;104,45;105,01;105,98;106,65;107,60;108,07;;;;;;;;;;;
2018-11-17;;99,70;100,32;101,56;102,91;103,65;104,38;105,47;106,19;107,15;107,62;;105,23;105,98;108,20;109,82;111,26;112,58;114,95;116,57;117,86;118,55;;100,34;100,86;102,28;103,54;104,45;105,01;105,98;106,65;107,60;108,07;;;;;;;;;;;
2018-11-18;;99,70;100,32;101,56;102,91;103,64;104,37;105,47;106,19;107,15;107,62;;105,23;105,98;108,20;109,82;111,26;112,58;114,95;116,57;117,86;118,55;;100,34;100,86;102,28;103,54;104,45;105,00;105,98;106,65;107,60;108,07;;;;;;;;;;;
2018-11-19;;99,49;100,03;101,10;102,26;102,89;103,52;104,44;105,06;105,87;106,27;;104,80;105,51;107,56;109,10;110,45;111,70;113,92;115,42;116,66;117,34;;99,99;100,46;101,74;102,85;103,69;104,18;105,04;105,63;106,51;106,97;;;;;;;;;;;
2018-11-20;;99,27;99,75;100,70;101,73;102,29;102,84;103,65;104,19;104,89;105,24;;104,60;105,22;107,11;108,51;109,75;110,90;112,96;114,34;115,44;116,04;;99,79;100,21;101,35;102,31;103,05;103,46;104,19;104,68;105,42;105,83;;;;;;;;;;;
2018-11-21;;99,22;99,73;100,74;101,85;102,44;103,03;103,91;104,48;105,25;105,62;;104,63;105,30;107,29;108,75;110,05;111,25;113,38;114,82;116,00;116,65;;99,82;100,25;101,48;102,52;103,30;103,75;104,54;105,09;105,89;106,33;;;;;;;;;;;
2018-11-22;;99,21;99,71;100,71;101,80;102,38;102,96;103,82;104,39;105,14;105,51;;104,65;105,28;107,24;108,68;109,95;111,13;113,23;114,65;115,76;116,38;;99,83;100,25;101,46;102,47;103,24;103,67;104,44;104,95;105,71;106,14;;;;;;;;;;;
2018-11-23;;99,45;99,95;100,94;102,02;102,60;103,17;104,03;104,59;105,33;105,70;;104,75;105,36;107,26;108,69;109,93;111,10;113,18;114,56;115,68;116,32;;99,92;100,33;101,51;102,49;103,24;103,67;104,42;104,91;105,66;106,12;;;;;;;;;;;
2018-11-24;;99,45;99,95;100,94;102,02;102,60;103,17;104,02;104,59;105,33;105,69;;104,75;105,36;107,26;108,69;109,93;111,10;113,18;114,56;115,68;116,32;;99,92;100,33;101,51;102,49;103,24;103,67;104,42;104,90;105,66;106,11;;;;;;;;;;;
2018-11-25;;99,44;99,95;100,94;102,01;102,59;103,17;104,02;104,58;105,33;105,69;;104,75;105,36;107,26;108,69;109,93;111,10;113,18;114,55;115,68;116,32;;99,92;100,33;101,51;102,49;103,24;103,67;104,42;104,90;105,66;106,11;;;;;;;;;;;
2018-11-26;;99,61;100,17;101,29;102,52;103,18;103,84;104,82;105,46;106,32;106,74;;105,10;105,78;107,86;109,38;110,72;111,97;114,19;115,70;116,91;117,57;;100,21;100,68;101,99;103,12;103,95;104,45;105,31;105,89;106,74;107,20;;;;;;;;;;;
2018-11-27;;99,69;100,28;101,45;102,73;103,42;104,11;105,14;105,82;106,72;107,16;;105,20;105,93;108,08;109,69;111,09;112,37;114,66;116,22;117,47;118,18;;100,31;100,81;102,19;103,39;104,26;104,79;105,71;106,34;107,24;107,74;;;;;;;;;;;
2018-11-28;;99,87;100,54;101,87;103,34;104,13;104,93;106,11;106,90;107,94;108,46;;105,45;106,23;108,55;110,29;111,80;113,14;115,61;117,30;118,59;119,33;;100,49;101,05;102,57;103,94;104,91;105,50;106,54;107,27;108,26;108,78;;;;;;;;;;;
2018-11-29;;99,74;100,38;101,65;103,03;103,78;104,53;105,64;106,38;107,36;107,85;;105,55;106,32;108,56;110,26;111,72;113,03;115,40;117,03;118,30;119,03;;100,64;101,17;102,63;103,91;104,84;105,39;106,37;107,05;107,99;108,50;;;;;;;;;;;
2018-11-30;;100,04;100,71;102,06;103,53;104,34;105,14;106,33;107,12;108,17;108,70;;105,65;106,45;108,81;110,62;112,15;113,50;115,99;117,72;119,00;119,74;;100,70;101,28;102,83;104,23;105,23;105,81;106,87;107,62;108,60;109,12;;;;;;;;;;;
2018-12-01;;100,03;100,71;102,06;103,53;104,33;105,13;106,33;107,12;108,17;108,70;;105,65;106,45;108,81;110,62;112,15;113,50;115,99;117,72;118,99;119,74;;100,70;101,28;102,83;104,23;105,23;105,81;106,87;107,62;108,60;109,12;;;;;;;;;;;
2018-12-02;;100,03;100,71;102,06;103,53;104,33;105,13;106,33;107,12;108,17;108,69;;105,65;106,45;108,81;110,62;112,15;113,50;115,99;117,71;118,99;119,73;;100,70;101,28;102,82;104,23;105,23;105,81;106,87;107,62;108,60;109,12;;;;;;;;;;;
2018-12-03;;100,32;101,04;102,48;104,05;104,91;105,77;107,05;107,90;109,03;109,60;;105,86;106,75;109,24;111,19;112,82;114,24;116,85;118,67;120,07;120,88;;100,93;101,57;103,26;104,78;105,86;106,52;107,68;108,52;109,61;110,18;;;;;;;;;;;
2018-12-04;;100,16;100,74;101,90;103,15;103,84;104,51;105,52;106,18;107,06;107,50;;105,73;106,53;108,73;110,41;111,86;113,14;115,45;117,05;118,32;119,06;;100,89;101,40;102,85;104,08;104,98;105,52;106,44;107,12;108,04;108,53;;;;;;;;;;;
2018-12-05;;99,96;100,53;101,67;102,91;103,58;104,25;105,24;105,90;106,76;107,19;;105,68;106,43;108,59;110,21;111,63;112,85;115,12;116,70;117,85;118,54;;100,81;101,30;102,70;103,88;104,77;105,25;106,13;106,77;107,61;108,07;;;;;;;;;;;
2018-12-06;;99,88;100,38;101,38;102,47;103,05;103,63;104,49;105,05;105,79;106,16;;105,42;106,05;108,05;109,46;110,77;111,85;113,95;115,43;116,31;116,87;;100,53;100,94;102,20;103,22;104,00;104,38;105,09;105,63;106,27;106,63;;;;;;;;;;;
2018-12-07;;99,73;100,17;101,02;101,95;102,44;102,93;103,65;104,12;104,74;105,04;;105,06;105,68;107,54;108,90;110,13;111,17;113,15;114,52;115,42;115,97;;100,27;100,65;101,80;102,69;103,42;103,76;104,38;104,85;105,46;105,82;;;;;;;;;;;
2018-12-08;;99,73;100,16;101,02;101,94;102,44;102,93;103,65;104,12;104,73;105,04;;105,06;105,68;107,54;108,90;110,13;111,17;113,15;114,52;115,41;115,97;;100,26;100,65;101,80;102,69;103,41;103,76;104,38;104,85;105,46;105,82;;;;;;;;;;;
2018-12-09;;99,73;100,16;101,02;101,94;102,44;102,93;103,65;104,12;104,73;105,04;;105,05;105,68;107,54;108,89;110,13;111,17;113,14;114,52;115,41;115,96;;100,26;100,65;101,80;102,69;103,41;103,75;104,38;104,85;105,46;105,81;;;;;;;;;;;
2018-12-10;;99,77;100,17;100,96;101,81;102,27;102,72;103,37;103,80;104,37;104,64;;105,11;105,68;107,50;108,73;109,93;110,91;112,83;114,18;114,94;115,44;;100,28;100,62;101,70;102,53;103,22;103,49;104,05;104,49;105,01;105,30;;;;;;;;;;;
2018-12-11;;99,91;100,34;101,18;102,09;102,57;103,05;103,76;104,22;104,82;105,12;;105,34;105,94;107,83;109,06;110,29;111,32;113,28;114,67;115,52;116,06;;100,50;100,84;101,97;102,86;103,56;103,87;104,48;104,95;105,53;105,84;;;;;;;;;;;
2018-12-12;;99,94;100,41;101,33;102,33;102,86;103,39;104,17;104,69;105,36;105,69;;105,32;106,00;107,99;109,40;110,70;111,82;113,89;115,35;116,35;116,93;;100,51;100,92;102,16;103,17;103,94;104,33;105,04;105,58;106,26;106,63;;;;;;;;;;;
2018-12-13;;99,81;100,29;101,24;102,27;102,82;103,36;104,17;104,70;105,39;105,74;;105,40;106,10;108,10;109,53;110,85;111,97;114,05;115,52;116,52;117,14;;100,61;101,01;102,28;103,29;104,07;104,47;105,19;105,74;106,43;106,82;;;;;;;;;;;
2018-12-14;;99,74;100,16;100,98;101,85;102,32;102,79;103,47;103,91;104,49;104,78;;105,40;106,02;107,87;109,15;110,37;111,42;113,37;114,72;115,67;116,22;;100,62;100,96;102,09;102,95;103,64;103,98;104,59;105,04;105,66;105,99;;;;;;;;;;;
2018-12-15;;99,74;100,16;100,97;101,85;102,32;102,78;103,47;103,91;104,49;104,78;;105,40;106,02;107,87;109,15;110,37;111,42;113,36;114,72;115,66;116,22;;100,61;100,96;102,09;102,95;103,64;103,98;104,59;105,04;105,65;105,99;;;;;;;;;;;
2018-12-16;;99,74;100,16;100,97;101,85;102,32;102,78;103,46;103,91;104,49;104,78;;105,40;106,02;107,87;109,15;110,37;111,42;113,36;114,71;115,66;116,21;;100,61;100,96;102,09;102,95;103,64;103,97;104,59;105,04;105,65;105,99;;;;;;;;;;;
2018-12-17;;99,58;99,90;100,52;101,18;101,53;101,88;102,38;102,70;103,12;103,32;;104,96;105,52;107,17;108,34;109,45;110,39;112,15;113,36;114,18;114,68;;100,26;100,56;101,54;102,21;102,81;103,07;103,53;103,88;104,37;104,67;;;;;;;;;;;
2018-12-18;;99,62;99,91;100,47;101,07;101,38;101,68;102,12;102,41;102,77;102,95;;104,90;105,44;107,03;108,10;109,18;110,07;111,76;112,94;113,70;114,19;;100,20;100,45;101,36;101,97;102,54;102,73;103,14;103,46;103,90;104,18;;;;;;;;;;;
2018-12-19;;99,56;99,77;100,18;100,60;100,82;101,03;101,32;101,51;101,75;101,86;;104,77;105,27;106,73;107,68;108,67;109,50;111,06;112,14;112,86;113,32;;100,12;100,31;101,12;101,59;102,07;102,22;102,52;102,77;103,14;103,38;;;;;;;;;;;
2018-12-20;;99,31;99,45;99,71;99,96;100,09;100,21;100,37;100,46;100,58;100,63;;104,64;105,07;106,38;107,14;108,04;108,76;110,15;111,12;111,71;112,11;;100,03;100,13;100,79;101,08;101,47;101,51;101,67;101,83;102,07;102,27;;;;;;;;;;;
2018-12-21;;99,04;99,11;99,24;99,35;99,39;99,43;99,47;99,48;99,49;99,48;;104,23;104,65;105,82;106,47;107,31;107,97;109,24;110,11;110,71;111,15;;99,70;99,73;100,27;100,44;100,76;100,74;100,82;100,93;101,13;101,34;;;;;;;;;;;
2018-12-22;;99,04;99,11;99,24;99,34;99,39;99,43;99,47;99,48;99,48;99,48;;104,22;104,64;105,81;106,47;107,31;107,97;109,24;110,11;110,71;111,15;;99,70;99,73;100,27;100,44;100,76;100,74;100,82;100,93;101,13;101,34;;;;;;;;;;;
2018-12-23;;99,04;99,11;99,24;99,34;99,39;99,43;99,46;99,48;99,48;99,48;;104,22;104,64;105,81;106,47;107,31;107,97;109,24;110,11;110,70;111,15;;99,69;99,73;100,27;100,44;100,76;100,74;100,82;100,93;101,13;101,34;;;;;;;;;;;
2018-12-24;;98,92;98,89;98,82;98,72;98,65;98,57;98,44;98,34;98,19;98,11;;103,92;104,28;105,26;105,82;106,55;107,15;108,26;108,99;109,56;109,95;;99,47;99,46;99,85;99,85;100,07;100,01;99,97;99,97;100,10;100,29;;;;;;;;;;;
2018-12-25;;98,92;98,89;98,82;98,72;98,65;98,57;98,44;98,33;98,19;98,10;;103,92;104,28;105,26;105,82;106,54;107,15;108,26;108,99;109,55;109,95;;99,47;99,45;99,85;99,85;100,07;100,01;99,97;99,97;100,10;100,29;;;;;;;;;;;
2018-12-26;;99,16;99,28;99,50;99,70;99,80;99,89;100,01;100,08;100,15;100,18;;104,50;104,92;106,23;106,82;107,71;108,40;109,75;110,71;111,26;111,67;;99,88;99,90;100,55;100,81;101,16;101,16;101,29;101,45;101,65;101,82;;;;;;;;;;;
2018-12-27;;99,28;99,43;99,72;100,00;100,14;100,28;100,46;100,57;100,70;100,76;;104,63;105,04;106,33;107,08;107,99;108,66;110,06;111,04;111,52;111,93;;99,98;100,07;100,73;101,02;101,42;101,44;101,58;101,74;101,95;102,14;;;;;;;;;;;
2018-12-28;;99,57;99,71;99,99;100,26;100,40;100,52;100,69;100,80;100,92;100,97;;104,70;105,13;106,43;107,17;108,08;108,80;110,21;111,18;111,76;112,21;;100,06;100,14;100,82;101,13;101,51;101,56;101,73;101,90;102,15;102,37;;;;;;;;;;;
2018-12-29;;99,57;99,71;99,99;100,26;100,40;100,52;100,69;100,79;100,92;100,97;;104,70;105,13;106,43;107,17;108,08;108,79;110,21;111,17;111,76;112,21;;100,06;100,14;100,82;101,13;101,51;101,56;101,73;101,90;102,15;102,37;;;;;;;;;;;
2018-12-30;;99,56;99,71;99,99;100,26;100,39;100,52;100,69;100,79;100,91;100,97;;104,70;105,12;106,43;107,17;108,08;108,79;110,20;111,17;111,76;112,21;;100,06;100,14;100,82;101,12;101,51;101,56;101,73;101,90;102,15;102,37;;;;;;;;;;;
2018-12-31;;99,59;99,77;100,12;100,48;100,66;100,83;101,07;101,22;101,41;101,49;;104,69;105,18;106,59;107,45;108,42;109,19;110,70;111,75;112,40;112,88;;100,05;100,18;100,95;101,37;101,82;101,91;102,16;102,40;102,71;102,96;;;;;;;;;;;
2019-01-01;;99,59;99,77;100,12;100,48;100,66;100,83;101,07;101,22;101,40;101,49;;104,69;105,18;106,59;107,44;108,42;109,19;110,70;111,75;112,40;112,88;;100,05;100,18;100,95;101,37;101,82;101,91;102,16;102,39;102,71;102,96;;;;;;;;;;;
2019-01-02;;99,96;100,16;100,53;100,92;101,11;101,30;101,56;101,73;101,93;102,02;;105,03;105,49;106,93;107,81;108,79;109,56;111,10;112,16;112,78;113,25;;100,33;100,48;101,24;101,68;102,14;102,22;102,48;102,72;103,02;103,28;;;;;;;;;;;
2019-01-03;;99,74;99,84;100,02;100,19;100,27;100,34;100,43;100,48;100,52;100,54;;104,48;104,87;106,08;106,89;107,74;108,44;109,80;110,70;111,27;111,71;;99,88;99,99;100,58;100,83;101,20;101,23;101,36;101,48;101,70;101,95;;;;;;;;;;;
2019-01-04;;99,86;100,11;100,59;101,08;101,34;101,59;101,94;102,16;102,44;102,58;;104,71;105,21;106,76;107,70;108,74;109,60;111,23;112,36;113,11;113,63;;100,04;100,21;101,10;101,65;102,16;102,33;102,69;102,98;103,37;103,66;;;;;;;;;;;
2019-01-05;;99,86;100,11;100,58;101,08;101,34;101,58;101,94;102,16;102,44;102,58;;104,71;105,21;106,76;107,70;108,74;109,60;111,23;112,35;113,11;113,63;;100,04;100,21;101,10;101,65;102,16;102,32;102,69;102,98;103,37;103,66;;;;;;;;;;;
2019-01-06;;99,86;100,11;100,58;101,08;101,34;101,58;101,94;102,16;102,44;102,58;;104,70;105,21;106,76;107,70;108,74;109,60;111,23;112,35;113,11;113,63;;100,04;100,21;101,10;101,65;102,16;102,32;102,69;102,98;103,37;103,65;;;;;;;;;;;
2019-01-07;;99,82;100,08;100,60;101,14;101,42;101,70;102,08;102,33;102,65;102,80;;104,76;105,30;106,87;107,92;108,99;109,88;111,56;112,70;113,50;114,07;;100,13;100,34;101,25;101,84;102,39;102,58;102,98;103,30;103,74;104,08;;;;;;;;;;;
2019-01-08;;99,86;100,19;100,83;101,50;101,85;102,20;102,70;103,02;103,44;103,64;;104,83;105,41;107,09;108,23;109,36;110,31;112,10;113,32;114,19;114,77;;100,16;100,43;101,44;102,15;102,75;103,01;103,50;103,87;104,37;104,73;;;;;;;;;;;
2019-01-09;;99,94;100,27;100,93;101,61;101,98;102,33;102,84;103,18;103,60;103,81;;104,96;105,58;107,29;108,51;109,67;110,65;112,46;113,70;114,64;115,25;;100,32;100,62;101,66;102,39;103,02;103,30;103,82;104,22;104,77;105,15;;;;;;;;;;;
2019-01-10;;100,10;100,44;101,10;101,81;102,18;102,54;103,07;103,40;103,84;104,05;;105,14;105,77;107,52;108,71;109,89;110,87;112,69;113,96;114,90;115,52;;100,48;100,76;101,84;102,59;103,22;103,51;104,04;104,45;105,01;105,38;;;;;;;;;;;
2019-01-11;;100,23;100,58;101,27;102,01;102,40;102,78;103,33;103,68;104,14;104,37;;105,19;105,85;107,61;108,87;110,07;111,07;112,93;114,21;115,18;115,83;;100,54;100,84;101,95;102,73;103,39;103,69;104,25;104,69;105,27;105,67;;;;;;;;;;;
2019-01-12;;100,23;100,58;101,27;102,01;102,39;102,77;103,33;103,68;104,14;104,37;;105,19;105,85;107,61;108,87;110,07;111,07;112,93;114,21;115,18;115,83;;100,54;100,84;101,95;102,73;103,39;103,69;104,25;104,68;105,27;105,67;;;;;;;;;;;
2019-01-13;;100,22;100,58;101,27;102,01;102,39;102,77;103,32;103,68;104,14;104,36;;105,19;105,85;107,61;108,87;110,07;111,07;112,93;114,21;115,18;115,83;;100,54;100,84;101,95;102,73;103,38;103,69;104,25;104,68;105,27;105,67;;;;;;;;;;;
2019-01-14;;100,07;100,41;101,08;101,78;102,15;102,52;103,04;103,38;103,82;104,03;;105,26;105,88;107,57;108,78;109,93;110,89;112,69;113,92;114,83;115,44;;100,60;100,88;101,93;102,65;103,27;103,54;104,04;104,43;104,96;105,34;;;;;;;;;;;
2019-01-15;;100,36;100,74;101,49;102,30;102,72;103,14;103,75;104,14;104,65;104,90;;105,48;106,15;107,95;109,27;110,50;111,51;113,42;114,73;115,70;116,37;;100,81;101,13;102,29;103,11;103,79;104,12;104,71;105,17;105,77;106,20;;;;;;;;;;;
2019-01-16;;100,45;100,86;101,67;102,54;103,00;103,45;104,11;104,54;105,10;105,38;;105,65;106,36;108,23;109,58;110,86;111,90;113,86;115,22;116,23;116,93;;100,97;101,31;102,53;103,41;104,12;104,47;105,10;105,61;106,24;106,69;;;;;;;;;;;
2019-01-17;;100,33;100,78;101,67;102,62;103,13;103,63;104,36;104,84;105,47;105,78;;105,71;106,41;108,33;109,72;111,02;112,08;114,10;115,50;116,51;117,20;;100,99;101,34;102,60;103,54;104,28;104,65;105,32;105,85;106,50;106,94;;;;;;;;;;;
2019-01-18;;100,60;101,12;102,14;103,24;103,84;104,42;105,28;105,85;106,59;106,96;;105,94;106,73;108,83;110,37;111,78;112,95;115,13;116,65;117,81;118,59;;101,22;101,63;103,04;104,15;104,98;105,43;106,25;106,88;107,66;108,17;;;;;;;;;;;
2019-01-19;;100,60;101,12;102,14;103,24;103,84;104,42;105,28;105,85;106,59;106,96;;105,94;106,73;108,83;110,37;111,78;112,95;115,13;116,64;117,81;118,59;;101,21;101,63;103,04;104,15;104,98;105,43;106,25;106,88;107,66;108,16;;;;;;;;;;;
2019-01-20;;100,60;101,12;102,14;103,24;103,83;104,42;105,28;105,85;106,59;106,95;;105,94;106,73;108,83;110,37;111,78;112,94;115,12;116,64;117,81;118,59;;101,21;101,63;103,04;104,14;104,98;105,43;106,25;106,87;107,66;108,16;;;;;;;;;;;
2019-01-21;;100,50;101,02;102,06;103,18;103,78;104,37;105,24;105,82;106,57;106,94;;105,93;106,73;108,82;110,37;111,78;112,95;115,14;116,65;117,82;118,60;;101,21;101,64;103,03;104,14;104,98;105,43;106,25;106,88;107,67;108,18;;;;;;;;;;;
2019-01-22;;100,62;101,08;101,99;102,96;103,48;103,99;104,74;105,23;105,88;106,19;;105,80;106,52;108,48;109,92;111,24;112,35;114,41;115,83;116,92;117,64;;101,09;101,47;102,76;103,73;104,50;104,90;105,62;106,16;106,86;107,33;;;;;;;;;;;
2019-01-23;;100,63;101,08;101,97;102,93;103,44;103,94;104,68;105,16;105,78;106,09;;105,89;106,62;108,58;109,98;111,30;112,39;114,44;115,85;116,93;117,66;;101,20;101,55;102,82;103,79;104,54;104,92;105,62;106,16;106,85;107,32;;;;;;;;;;;
2019-01-24;;100,86;101,33;102,23;103,21;103,73;104,24;104,99;105,48;106,13;106,44;;106,24;107,01;108,99;110,43;111,78;112,88;114,95;116,39;117,48;118,23;;101,55;101,92;103,22;104,20;104,98;105,36;106,08;106,64;107,35;107,83;;;;;;;;;;;
2019-01-25;;100,90;101,39;102,36;103,41;103,97;104,52;105,33;105,86;106,56;106,90;;106,21;107,00;109,06;110,58;111,97;113,11;115,24;116,73;117,87;118,63;;101,52;101,92;103,29;104,36;105,17;105,60;106,37;106,98;107,72;108,21;;;;;;;;;;;
2019-01-26;;100,90;101,39;102,36;103,41;103,97;104,52;105,33;105,86;106,56;106,90;;106,21;107,00;109,06;110,58;111,97;113,11;115,24;116,73;117,86;118,63;;101,52;101,91;103,29;104,36;105,17;105,60;106,37;106,97;107,72;108,21;;;;;;;;;;;
2019-01-27;;100,89;101,39;102,36;103,41;103,96;104,52;105,33;105,86;106,56;106,90;;106,21;107,00;109,06;110,58;111,97;113,11;115,24;116,72;117,86;118,63;;101,51;101,91;103,29;104,36;105,17;105,59;106,37;106,97;107,72;108,21;;;;;;;;;;;
2019-01-28;;100,63;101,08;101,97;102,92;103,42;103,92;104,65;105,13;105,75;106,06;;106,10;106,85;108,78;110,19;111,52;112,59;114,60;116,00;117,08;117,84;;101,43;101,78;103,05;103,99;104,73;105,10;105,78;106,32;107,01;107,49;;;;;;;;;;;
2019-01-29;;100,74;101,20;102,09;103,04;103,55;104,05;104,78;105,26;105,89;106,19;;106,18;106,95;108,91;110,35;111,69;112,79;114,83;116,24;117,37;118,15;;101,51;101,87;103,14;104,11;104,86;105,24;105,95;106,51;107,23;107,73;;;;;;;;;;;
2019-01-30;;100,96;101,46;102,45;103,50;104,07;104,63;105,45;105,99;106,70;107,04;;106,39;107,17;109,23;110,69;112,08;113,22;115,35;116,83;117,98;118,76;;101,66;102,03;103,40;104,45;105,25;105,67;106,44;107,04;107,79;108,29;;;;;;;;;;;
2019-01-31;;101,40;101,90;102,90;103,98;104,55;105,12;105,96;106,51;107,22;107,58;;106,69;107,50;109,59;111,12;112,53;113,69;115,86;117,37;118,54;119,34;;101,97;102,37;103,76;104,85;105,68;106,11;106,91;107,54;108,31;108,83;;;;;;;;;;;
2019-02-01;;101,28;101,80;102,82;103,93;104,52;105,11;105,97;106,53;107,27;107,64;;106,55;107,40;109,51;111,05;112,50;113,67;115,88;117,41;118,64;119,49;;101,86;102,25;103,67;104,78;105,62;106,07;106,90;107,56;108,38;108,92;;;;;;;;;;;
2019-02-02;;101,28;101,80;102,82;103,93;104,52;105,10;105,97;106,53;107,27;107,64;;106,55;107,40;109,51;111,05;112,50;113,67;115,87;117,41;118,63;119,49;;101,86;102,25;103,66;104,78;105,62;106,07;106,90;107,56;108,38;108,92;;;;;;;;;;;
2019-02-03;;101,28;101,80;102,82;103,93;104,52;105,10;105,97;106,53;107,27;107,64;;106,55;107,39;109,51;111,05;112,50;113,67;115,87;117,41;118,63;119,49;;101,85;102,25;103,66;104,78;105,62;106,06;106,90;107,55;108,37;108,92;;;;;;;;;;;
2019-02-04;;101,31;101,87;102,98;104,18;104,83;105,47;106,41;107,03;107,85;108,25;;106,56;107,42;109,61;111,22;112,71;113,93;116,21;117,80;119,06;119,93;;101,84;102,28;103,76;104,95;105,84;106,33;107,22;107,92;108,79;109,35;;;;;;;;;;;
2019-02-05;;101,51;102,10;103,28;104,56;105,25;105,94;106,95;107,61;108,49;108,92;;106,69;107,58;109,85;111,53;113,07;114,35;116,71;118,35;119,71;120,62;;101,97;102,43;103,99;105,27;106,19;106,74;107,72;108,46;109,40;110,00;;;;;;;;;;;
2019-02-06;;101,57;102,18;103,37;104,66;105,35;106,04;107,06;107,74;108,62;109,06;;106,77;107,67;109,94;111,63;113,17;114,46;116,83;118,48;119,85;120,77;;102,05;102,52;104,07;105,36;106,29;106,84;107,82;108,56;109,51;110,12;;;;;;;;;;;
2019-02-07;;101,54;102,09;103,18;104,36;105,00;105,62;106,55;107,16;107,96;108,35;;106,67;107,51;109,65;111,23;112,69;113,90;116,16;117,72;118,98;119,86;;101,95;102,36;103,84;105,00;105,86;106,36;107,24;107,91;108,77;109,35;;;;;;;;;;;
2019-02-08;;101,61;102,16;103,23;104,40;105,02;105,64;106,55;107,15;107,94;108,32;;106,63;107,45;109,58;111,06;112,52;113,69;115,93;117,48;118,68;119,57;;101,89;102,26;103,73;104,86;105,71;106,18;107,03;107,70;108,52;109,09;;;;;;;;;;;
2019-02-09;;101,61;102,15;103,23;104,40;105,02;105,64;106,55;107,15;107,94;108,32;;106,63;107,45;109,57;111,06;112,52;113,69;115,93;117,47;118,68;119,57;;101,89;102,26;103,73;104,86;105,71;106,18;107,03;107,70;108,52;109,09;;;;;;;;;;;
2019-02-10;;101,61;102,15;103,23;104,39;105,02;105,64;106,55;107,15;107,93;108,32;;106,63;107,45;109,57;111,06;112,52;113,69;115,93;117,47;118,68;119,57;;101,89;102,26;103,73;104,86;105,70;106,17;107,03;107,70;108,52;109,09;;;;;;;;;;;
2019-02-11;;101,64;102,21;103,36;104,60;105,26;105,92;106,90;107,54;108,38;108,80;;106,59;107,46;109,70;111,27;112,78;114,01;116,33;117,95;119,23;120,14;;101,85;102,26;103,82;105,05;105,94;106,46;107,39;108,12;109,00;109,58;;;;;;;;;;;
2019-02-12;;101,71;102,34;103,59;104,95;105,68;106,41;107,49;108,20;109,14;109,60;;106,86;107,76;110,07;111,75;113,32;114,60;117,02;118,70;120,03;120,96;;102,08;102,54;104,16;105,48;106,43;106,99;107,99;108,76;109,71;110,33;;;;;;;;;;;
2019-02-13;;101,72;102,38;103,68;105,10;105,86;106,62;107,75;108,49;109,47;109,96;;107,02;107,93;110,29;112,04;113,63;114,96;117,43;119,14;120,52;121,46;;102,23;102,72;104,40;105,77;106,75;107,35;108,40;109,19;110,18;110,81;;;;;;;;;;;
2019-02-14;;101,83;102,48;103,76;105,16;105,91;106,66;107,77;108,50;109,47;109,95;;107,03;107,93;110,27;112,02;113,59;114,91;117,36;119,06;120,42;121,35;;102,25;102,74;104,39;105,75;106,72;107,32;108,35;109,13;110,10;110,73;;;;;;;;;;;
2019-02-15;;101,98;102,68;104,08;105,60;106,42;107,24;108,45;109,26;110,32;110,85;;107,27;108,16;110,61;112,38;113,98;115,37;117,91;119,67;121,08;121,97;;102,40;102,93;104,65;106,11;107,12;107,76;108,87;109,68;110,69;111,29;;;;;;;;;;;
2019-02-16;;101,98;102,68;104,08;105,60;106,42;107,23;108,45;109,26;110,32;110,85;;107,27;108,16;110,61;112,38;113,98;115,37;117,91;119,67;121,08;121,97;;102,40;102,93;104,65;106,11;107,12;107,76;108,87;109,68;110,69;111,29;;;;;;;;;;;
2019-02-17;;101,98;102,68;104,07;105,59;106,42;107,23;108,45;109,25;110,32;110,84;;107,27;108,15;110,61;112,37;113,98;115,37;117,91;119,67;121,08;121,97;;102,40;102,93;104,65;106,11;107,11;107,76;108,87;109,68;110,69;111,29;;;;;;;;;;;
2019-02-18;;101,83;102,53;103,92;105,44;106,26;107,07;108,29;109,09;110,16;110,68;;107,27;108,18;110,63;112,45;114,06;115,46;118,00;119,76;121,21;122,13;;102,43;102,97;104,70;106,16;107,17;107,83;108,94;109,76;110,80;111,43;;;;;;;;;;;
2019-02-19;;102,03;102,71;104,07;105,55;106,35;107,15;108,33;109,11;110,15;110,66;;107,31;108,20;110,63;112,44;114,04;115,42;117,95;119,69;121,13;122,04;;102,46;103,00;104,71;106,15;107,16;107,80;108,91;109,71;110,73;111,35;;;;;;;;;;;
2019-02-20;;102,06;102,76;104,15;105,67;106,50;107,31;108,53;109,34;110,40;110,93;;107,31;108,25;110,71;112,56;114,20;115,61;118,18;119,94;121,45;122,42;;102,50;103,05;104,79;106,27;107,30;107,97;109,11;109,94;111,02;111,68;;;;;;;;;;;
2019-02-21;;101,87;102,56;103,94;105,43;106,24;107,05;108,25;109,04;110,09;110,60;;107,14;108,08;110,51;112,37;114,00;115,40;117,95;119,70;121,21;122,19;;102,34;102,88;104,62;106,08;107,10;107,76;108,90;109,73;110,80;111,47;;;;;;;;;;;
2019-02-22;;102,07;102,79;104,22;105,77;106,61;107,45;108,70;109,52;110,61;111,16;;107,32;108,30;110,79;112,67;114,34;115,76;118,36;120,16;121,69;122,71;;102,51;103,06;104,86;106,37;107,41;108,10;109,27;110,14;111,24;111,93;;;;;;;;;;;
2019-02-23;;102,07;102,79;104,21;105,77;106,61;107,45;108,70;109,52;110,61;111,15;;107,32;108,29;110,79;112,67;114,34;115,76;118,36;120,16;121,69;122,71;;102,51;103,06;104,86;106,36;107,41;108,10;109,27;110,14;111,24;111,93;;;;;;;;;;;
2019-02-24;;102,07;102,79;104,21;105,77;106,61;107,45;108,69;109,52;110,61;111,15;;107,32;108,29;110,79;112,67;114,34;115,76;118,36;120,16;121,69;122,70;;102,51;103,06;104,86;106,36;107,41;108,10;109,27;110,13;111,24;111,93;;;;;;;;;;;
2019-02-25;;102,07;102,80;104,23;105,80;106,65;107,50;108,76;109,59;110,70;111,24;;107,31;108,33;110,87;112,83;114,53;115,97;118,61;120,45;122,02;123,05;;102,53;103,10;104,95;106,51;107,59;108,29;109,50;110,40;111,53;112,24;;;;;;;;;;;
2019-02-26;;102,12;102,84;104,26;105,82;106,67;107,51;108,76;109,59;110,68;111,22;;107,42;108,39;110,89;112,79;114,46;115,89;118,50;120,29;121,85;122,85;;102,61;103,17;104,96;106,48;107,53;108,22;109,40;110,26;111,37;112,05;;;;;;;;;;;
2019-02-27;;102,12;102,83;104,26;105,82;106,67;107,51;108,76;109,59;110,68;111,22;;107,41;108,37;110,87;112,76;114,42;115,85;118,45;120,24;121,78;122,77;;102,61;103,16;104,95;106,46;107,50;108,19;109,36;110,22;111,31;112,00;;;;;;;;;;;
2019-02-28;;101,77;102,47;103,87;105,39;106,22;107,04;108,26;109,07;110,13;110,66;;107,08;108,02;110,49;112,30;113,94;115,36;117,92;119,68;121,22;122,20;;102,29;102,82;104,58;106,05;107,07;107,75;108,90;109,73;110,81;111,47;;;;;;;;;;;
2019-03-01;;101,73;102,47;103,94;105,54;106,42;107,28;108,57;109,43;110,56;111,13;;107,22;108,18;110,71;112,56;114,23;115,68;118,29;120,10;121,66;122,63;;102,40;102,95;104,76;106,29;107,34;108,04;109,23;110,10;111,21;111,87;;;;;;;;;;;
2019-03-02;;101,73;102,47;103,94;105,54;106,41;107,28;108,57;109,43;110,56;111,12;;107,22;108,18;110,71;112,56;114,23;115,68;118,29;120,10;121,66;122,63;;102,40;102,95;104,76;106,29;107,34;108,04;109,23;110,10;111,21;111,86;;;;;;;;;;;
2019-03-03;;101,73;102,46;103,94;105,54;106,41;107,28;108,57;109,43;110,56;111,12;;107,22;108,18;110,71;112,56;114,22;115,68;118,29;120,10;121,66;122,63;;102,40;102,95;104,76;106,29;107,34;108,04;109,23;110,10;111,21;111,86;;;;;;;;;;;
2019-03-04;;101,88;102,63;104,11;105,74;106,61;107,49;108,79;109,66;110,80;111,37;;107,26;108,25;110,83;112,78;114,49;115,97;118,63;120,48;122,09;123,09;;102,45;103,03;104,90;106,49;107,57;108,31;109,54;110,45;111,60;112,29;;;;;;;;;;;
2019-03-05;;101,91;102,66;104,14;105,76;106,63;107,51;108,81;109,67;110,81;111,38;;107,40;108,38;110,93;112,84;114,53;116,00;118,65;120,48;122,08;123,06;;102,57;103,14;104,98;106,54;107,61;108,33;109,55;110,43;111,58;112,25;;;;;;;;;;;
2019-03-06;;102,00;102,72;104,13;105,67;106,51;107,34;108,58;109,39;110,48;111,01;;107,46;108,43;110,94;112,82;114,48;115,92;118,50;120,30;121,86;122,82;;102,64;103,19;105,00;106,52;107,56;108,25;109,42;110,28;111,38;112,02;;;;;;;;;;;
2019-03-07;;102,06;102,77;104,17;105,69;106,52;107,34;108,56;109,36;110,43;110,96;;107,74;108,71;111,20;113,04;114,69;116,10;118,65;120,43;121,95;122,90;;102,92;103,46;105,26;106,73;107,76;108,44;109,57;110,42;111,49;112,12;;;;;;;;;;;
2019-03-08;;102,18;102,85;104,17;105,61;106,39;107,16;108,30;109,06;110,06;110,55;;107,69;108,59;111,04;112,77;114,37;115,75;118,23;119,97;121,42;122,34;;102,84;103,33;105,07;106,49;107,47;108,11;109,19;109,99;110,99;111,59;;;;;;;;;;;
2019-03-09;;102,18;102,85;104,17;105,61;106,39;107,16;108,30;109,06;110,06;110,55;;107,69;108,59;111,04;112,77;114,37;115,74;118,23;119,97;121,42;122,34;;102,83;103,33;105,07;106,49;107,47;108,11;109,19;109,98;110,99;111,59;;;;;;;;;;;
2019-03-10;;102,18;102,85;104,17;105,61;106,38;107,16;108,30;109,06;110,06;110,55;;107,69;108,59;111,03;112,77;114,37;115,74;118,23;119,96;121,42;122,33;;102,83;103,33;105,07;106,49;107,47;108,10;109,19;109,98;110,99;111,59;;;;;;;;;;;
2019-03-11;;102,36;103,09;104,55;106,15;107,01;107,87;109,16;110,00;111,13;111,68;;107,84;108,78;111,32;113,15;114,81;116,23;118,83;120,65;122,13;123,07;;102,96;103,49;105,32;106,85;107,89;108,57;109,73;110,59;111,65;112,28;;;;;;;;;;;
2019-03-12;;102,44;103,16;104,60;106,18;107,03;107,88;109,14;109,98;111,08;111,63;;107,95;108,92;111,44;113,30;114,98;116,40;119,01;120,82;122,34;123,32;;103,09;103,64;105,45;106,97;108,02;108,70;109,87;110,74;111,83;112,49;;;;;;;;;;;
2019-03-13;;102,46;103,21;104,69;106,31;107,18;108,06;109,36;110,22;111,36;111,93;;107,98;108,95;111,52;113,36;115,06;116,51;119,15;120,99;122,54;123,52;;103,10;103,65;105,48;107,03;108,09;108,79;109,99;110,87;111,99;112,64;;;;;;;;;;;
2019-03-14;;102,41;103,16;104,65;106,28;107,17;108,05;109,36;110,22;111,37;111,94;;108,13;109,11;111,71;113,54;115,24;116,71;119,35;121,21;122,78;123,74;;103,24;103,79;105,64;107,21;108,27;108,97;110,18;111,07;112,19;112,82;;;;;;;;;;;
2019-03-15;;102,58;103,35;104,88;106,55;107,46;108,37;109,72;110,61;111,79;112,38;;108,20;109,20;111,85;113,76;115,49;117,00;119,70;121,58;123,23;124,24;;103,32;103,89;105,77;107,40;108,49;109,22;110,48;111,40;112,58;113,25;;;;;;;;;;;
2019-03-16;;102,58;103,35;104,88;106,55;107,46;108,36;109,71;110,61;111,79;112,38;;108,20;109,20;111,85;113,75;115,49;117,00;119,70;121,58;123,23;124,23;;103,32;103,89;105,77;107,39;108,48;109,22;110,48;111,40;112,58;113,25;;;;;;;;;;;
2019-03-17;;102,58;103,34;104,88;106,55;107,46;108,36;109,71;110,61;111,79;112,38;;108,20;109,20;111,85;113,75;115,48;117,00;119,70;121,58;123,23;124,23;;103,31;103,88;105,77;107,39;108,48;109,22;110,48;111,40;112,58;113,25;;;;;;;;;;;
2019-03-18;;102,67;103,46;105,02;106,73;107,66;108,58;109,96;110,87;112,09;112,69;;108,38;109,42;112,10;114,06;115,82;117,35;120,09;122,00;123,68;124,73;;103,51;104,09;106,01;107,67;108,78;109,54;110,83;111,78;112,99;113,68;;;;;;;;;;;
2019-03-19;;102,67;103,45;105,02;106,73;107,66;108,58;109,96;110,87;112,09;112,69;;108,40;109,45;112,14;114,12;115,89;117,44;120,19;122,11;123,83;124,89;;103,53;104,12;106,05;107,73;108,85;109,62;110,93;111,88;113,11;113,82;;;;;;;;;;;
2019-03-20;;102,77;103,52;105,02;106,65;107,54;108,42;109,73;110,60;111,75;112,33;;108,24;109,27;111,90;113,83;115,56;117,07;119,77;121,65;123,31;124,35;;103,39;103,96;105,83;107,45;108,54;109,27;110,53;111,45;112,64;113,34;;;;;;;;;;;
2019-03-21;;103,00;103,78;105,34;107,04;107,96;108,88;110,26;111,16;112,37;112,97;;108,65;109,66;112,35;114,30;116,05;117,58;120,32;122,23;123,86;124,85;;103,75;104,34;106,25;107,91;109,03;109,77;111,05;111,99;113,16;113,83;;;;;;;;;;;
2019-03-22;;103,24;103,95;105,38;106,93;107,77;108,60;109,84;110,66;111,75;112,29;;108,66;109,63;112,16;114,10;115,78;117,23;119,85;121,66;123,21;124,20;;103,79;104,36;106,18;107,71;108,78;109,47;110,65;111,52;112,62;113,30;;;;;;;;;;;
2019-03-23;;103,24;103,95;105,38;106,93;107,77;108,60;109,84;110,66;111,75;112,29;;108,66;109,63;112,16;114,10;115,78;117,23;119,85;121,66;123,21;124,20;;103,79;104,36;106,18;107,71;108,78;109,47;110,65;111,52;112,62;113,30;;;;;;;;;;;
2019-03-24;;103,24;103,95;105,37;106,93;107,77;108,60;109,84;110,66;111,75;112,28;;108,66;109,63;112,16;114,10;115,78;117,22;119,85;121,66;123,21;124,20;;103,79;104,36;106,18;107,71;108,78;109,47;110,65;111,52;112,62;113,30;;;;;;;;;;;
2019-03-25;;103,23;103,95;105,37;106,92;107,76;108,60;109,84;110,66;111,74;112,28;;108,64;109,61;112,12;114,05;115,72;117,15;119,76;121,57;123,09;124,07;;103,77;104,34;106,14;107,66;108,72;109,40;110,57;111,43;112,52;113,19;;;;;;;;;;;
2019-03-26;;103,33;104,07;105,53;107,12;107,99;108,84;110,12;110,97;112,09;112,64;;108,52;109,46;112,05;113,98;115,67;117,14;119,81;121,66;123,19;124,14;;103,61;104,19;106,05;107,64;108,72;109,43;110,65;111,52;112,62;113,27;;;;;;;;;;;
2019-03-27;;103,38;104,10;105,55;107,13;107,98;108,83;110,10;110,94;112,04;112,59;;108,84;109,75;112,27;114,17;115,81;117,26;119,88;121,67;123,19;124,16;;103,92;104,48;106,27;107,79;108,84;109,52;110,70;111,53;112,61;113,29;;;;;;;;;;;
2019-03-28;;103,53;104,26;105,72;107,31;108,17;109,03;110,31;111,15;112,27;112,82;;108,77;109,71;112,27;114,14;115,82;117,27;119,91;121,74;123,26;124,25;;103,84;104,39;106,23;107,78;108,84;109,53;110,73;111,60;112,68;113,36;;;;;;;;;;;
2019-03-29;;103,57;104,35;105,89;107,58;108,50;109,41;110,77;111,67;112,86;113,46;;108,87;109,84;112,49;114,44;116,17;117,67;120,40;122,29;123,88;124,90;;103,93;104,51;106,43;108,07;109,18;109,92;111,19;112,11;113,26;113,96;;;;;;;;;;;
2019-03-30;;103,57;104,34;105,89;107,58;108,50;109,41;110,77;111,67;112,86;113,46;;108,87;109,84;112,49;114,43;116,17;117,67;120,40;122,29;123,88;124,90;;103,93;104,51;106,43;108,07;109,18;109,92;111,19;112,11;113,26;113,96;;;;;;;;;;;
2019-03-31;;103,57;104,34;105,89;107,58;108,49;109,41;110,77;111,67;112,86;113,46;;108,86;109,84;112,49;114,43;116,17;117,67;120,40;122,29;123,88;124,90;;103,93;104,51;106,43;108,07;109,18;109,92;111,19;112,11;113,26;113,96;;;;;;;;;;;
2019-04-01;;103,46;104,31;106,01;107,87;108,89;109,90;111,41;112,41;113,75;114,41;;108,84;109,90;112,73;114,86;116,71;118,31;121,22;123,24;124,98;126,07;;103,91;104,57;106,66;108,48;109,69;110,53;111,95;112,98;114,26;115,02;;;;;;;;;;;
2019-04-02;;103,59;104,45;106,17;108,06;109,08;110,11;111,64;112,66;114,01;114,68;;109,11;110,20;113,04;115,18;117,05;118,66;121,59;123,62;125,40;126,54;;104,17;104,83;106,92;108,75;109,97;110,82;112,25;113,30;114,62;115,41;;;;;;;;;;;
2019-04-03;;103,44;104,32;106,07;108,00;109,05;110,10;111,67;112,72;114,10;114,80;;108,89;110,02;112,90;115,10;117,00;118,67;121,65;123,71;125,60;126,78;;103,98;104,66;106,81;108,69;109,93;110,83;112,33;113,41;114,80;115,62;;;;;;;;;;;
2019-04-04;;103,50;104,39;106,16;108,11;109,17;110,23;111,82;112,87;114,27;114,97;;109,03;110,14;113,02;115,20;117,09;118,75;121,72;123,78;125,62;126,78;;104,09;104,77;106,91;108,79;110,02;110,91;112,39;113,46;114,82;115,63;;;;;;;;;;;
2019-04-05;;103,55;104,45;106,26;108,24;109,32;110,40;112,01;113,09;114,52;115,23;;109,14;110,29;113,22;115,46;117,39;119,07;122,09;124,19;126,07;127,25;;104,20;104,89;107,06;108,99;110,26;111,15;112,67;113,78;115,18;116,00;;;;;;;;;;;
2019-04-06;;103,55;104,45;106,25;108,24;109,32;110,40;112,01;113,09;114,51;115,23;;109,14;110,29;113,22;115,45;117,39;119,07;122,09;124,19;126,07;127,25;;104,20;104,89;107,06;108,99;110,25;111,15;112,67;113,78;115,18;116,00;;;;;;;;;;;
2019-04-07;;103,55;104,45;106,25;108,24;109,32;110,39;112,01;113,08;114,51;115,23;;109,14;110,28;113,22;115,45;117,39;119,07;122,09;124,19;126,06;127,25;;104,20;104,89;107,06;108,99;110,25;111,14;112,67;113,77;115,17;116,00;;;;;;;;;;;
2019-04-08;;103,51;104,40;106,19;108,14;109,21;110,28;111,87;112,93;114,34;115,04;;109,15;110,29;113,20;115,41;117,33;119,00;121,99;124,07;125,94;127,12;;104,22;104,89;107,04;108,95;110,20;111,08;112,58;113,68;115,06;115,87;;;;;;;;;;;
2019-04-09;;103,50;104,36;106,08;107,96;108,98;110,01;111,54;112,55;113,90;114,57;;109,01;110,15;113,03;115,23;117,14;118,76;121,71;123,77;125,60;126,78;;104,11;104,77;106,90;108,76;110,00;110,85;112,31;113,40;114,75;115,56;;;;;;;;;;;
2019-04-10;;103,69;104,57;106,32;108,24;109,28;110,33;111,89;112,93;114,31;114,99;;109,31;110,46;113,35;115,52;117,45;119,08;122,04;124,10;125,95;127,15;;104,39;105,04;107,18;109,05;110,29;111,14;112,61;113,70;115,07;115,90;;;;;;;;;;;
2019-04-11;;103,56;104,43;106,16;108,06;109,09;110,12;111,67;112,69;114,05;114,73;;109,28;110,39;113,26;115,38;117,27;118,89;121,82;123,87;125,68;126,85;;104,34;104,97;107,07;108,91;110,13;110,96;112,41;113,47;114,81;115,60;;;;;;;;;;;
2019-04-12;;103,38;104,26;106,04;107,98;109,05;110,10;111,69;112,74;114,15;114,84;;108,99;110,14;113,08;115,22;117,15;118,80;121,78;123,88;125,72;126,89;;104,06;104,70;106,88;108,78;110,03;110,90;112,39;113,49;114,86;115,64;;;;;;;;;;;
2019-04-13;;103,37;104,26;106,04;107,98;109,04;110,10;111,69;112,74;114,14;114,84;;108,99;110,14;113,07;115,22;117,15;118,80;121,78;123,88;125,72;126,89;;104,05;104,70;106,88;108,78;110,03;110,90;112,39;113,49;114,86;115,64;;;;;;;;;;;
2019-04-14;;103,37;104,26;106,03;107,98;109,04;110,10;111,69;112,74;114,14;114,84;;108,99;110,13;113,07;115,22;117,15;118,80;121,78;123,88;125,72;126,88;;104,05;104,70;106,88;108,78;110,03;110,89;112,39;113,49;114,86;115,64;;;;;;;;;;;
2019-04-15;;103,39;104,28;106,07;108,04;109,11;110,18;111,78;112,84;114,26;114,96;;109,05;110,18;113,09;115,27;117,19;118,86;121,85;123,93;125,81;126,97;;104,11;104,78;106,93;108,83;110,07;110,96;112,46;113,55;114,94;115,74;;;;;;;;;;;
2019-04-16;;103,33;104,24;106,06;108,05;109,14;110,23;111,86;112,94;114,38;115,10;;109,02;110,18;113,12;115,33;117,27;118,97;121,99;124,09;126,01;127,22;;104,10;104,77;106,95;108,88;110,14;111,05;112,58;113,70;115,13;115,96;;;;;;;;;;;
2019-04-17;;103,23;104,14;105,95;107,94;109,03;110,11;111,74;112,82;114,25;114,97;;108,91;110,08;113,01;115,24;117,19;118,89;121,91;124,01;125,96;127,19;;104,01;104,69;106,86;108,79;110,05;110,96;112,50;113,62;115,06;115,91;;;;;;;;;;;
2019-04-18;;103,51;104,43;106,28;108,32;109,43;110,54;112,21;113,32;114,79;115,53;;109,25;110,44;113,41;115,65;117,62;119,33;122,39;124,52;126,48;127,70;;104,31;105,00;107,20;109,16;110,45;111,36;112,93;114,07;115,53;116,36;;;;;;;;;;;
2019-04-19;;103,50;104,43;106,28;108,32;109,43;110,54;112,21;113,31;114,79;115,53;;109,25;110,43;113,41;115,65;117,62;119,33;122,39;124,52;126,48;127,70;;104,31;105,00;107,20;109,16;110,45;111,36;112,92;114,07;115,52;116,36;;;;;;;;;;;
2019-04-20;;103,50;104,43;106,28;108,32;109,43;110,54;112,21;113,31;114,79;115,52;;109,25;110,43;113,41;115,65;117,62;119,33;122,39;124,52;126,48;127,69;;104,31;105,00;107,20;109,16;110,44;111,36;112,92;114,06;115,52;116,36;;;;;;;;;;;
2019-04-21;;103,50;104,43;106,28;108,32;109,43;110,54;112,20;113,31;114,79;115,52;;109,25;110,43;113,41;115,65;117,61;119,33;122,39;124,52;126,47;127,69;;104,30;105,00;107,20;109,16;110,44;111,36;112,92;114,06;115,52;116,36;;;;;;;;;;;
2019-04-22;;103,28;104,21;106,09;108,14;109,27;110,39;112,07;113,19;114,68;115,43;;109,15;110,32;113,31;115,55;117,52;119,23;122,30;124,43;126,37;127,57;;104,20;104,90;107,11;109,08;110,37;111,29;112,85;113,99;115,43;116,26;;;;;;;;;;;
2019-04-23;;103,56;104,54;106,51;108,67;109,85;111,03;112,81;113,99;115,56;116,35;;109,29;110,50;113,59;115,93;117,96;119,74;122,92;125,14;127,16;128,40;;104,31;105,05;107,35;109,43;110,78;111,76;113,42;114,62;116,16;117,02;;;;;;;;;;;
2019-04-24;;103,78;104,74;106,66;108,78;109,93;111,09;112,82;113,97;115,51;116,28;;109,55;110,72;113,75;116,01;118,00;119,73;122,85;125,02;126,96;128,17;;104,55;105,26;107,51;109,52;110,83;111,77;113,37;114,53;116,00;116,84;;;;;;;;;;;
2019-04-25;;103,77;104,76;106,73;108,90;110,08;111,27;113,05;114,23;115,82;116,61;;109,49;110,66;113,71;116,04;118,05;119,81;122,98;125,17;127,13;128,36;;104,46;105,20;107,47;109,53;110,87;111,84;113,48;114,65;116,16;117,02;;;;;;;;;;;
2019-04-26;;103,94;104,93;106,91;109,09;110,28;111,48;113,27;114,47;116,06;116,86;;109,66;110,82;113,90;116,22;118,23;120,00;123,17;125,38;127,33;128,55;;104,62;105,35;107,65;109,72;111,06;112,03;113,68;114,86;116,35;117,21;;;;;;;;;;;
2019-04-27;;103,94;104,92;106,91;109,09;110,28;111,48;113,27;114,46;116,06;116,85;;109,66;110,82;113,90;116,22;118,23;120,00;123,17;125,38;127,33;128,55;;104,62;105,35;107,65;109,72;111,06;112,03;113,68;114,86;116,35;117,20;;;;;;;;;;;
2019-04-28;;103,93;104,92;106,90;109,09;110,28;111,48;113,27;114,46;116,06;116,85;;109,66;110,82;113,90;116,22;118,23;119,99;123,17;125,38;127,33;128,55;;104,61;105,35;107,65;109,72;111,06;112,03;113,68;114,86;116,35;117,20;;;;;;;;;;;
2019-04-29;;103,88;104,87;106,86;109,05;110,25;111,45;113,24;114,44;116,04;116,84;;109,64;110,82;113,92;116,25;118,28;120,06;123,25;125,48;127,46;128,69;;104,60;105,34;107,65;109,75;111,10;112,08;113,74;114,94;116,46;117,32;;;;;;;;;;;
2019-04-30;;103,90;104,88;106,84;108,99;110,17;111,35;113,12;114,30;115,87;116,66;;109,72;110,89;113,97;116,28;118,28;120,06;123,22;125,43;127,38;128,57;;104,68;105,42;107,70;109,77;111,10;112,07;113,70;114,88;116,37;117,20;;;;;;;;;;;
2019-05-01;;103,70;104,64;106,54;108,64;109,78;110,92;112,63;113,77;115,28;116,04;;109,45;110,60;113,62;115,90;117,87;119,62;122,72;124,88;126,82;128,00;;104,45;105,17;107,41;109,42;110,73;111,68;113,27;114,41;115,87;116,69;;;;;;;;;;;
2019-05-02;;103,72;104,68;106,59;108,70;109,84;110,99;112,72;113,86;115,39;116,15;;109,48;110,63;113,66;115,95;117,93;119,66;122,77;124,94;126,86;128,06;;104,48;105,20;107,45;109,47;110,78;111,72;113,32;114,47;115,92;116,76;;;;;;;;;;;
2019-05-03;;103,85;104,84;106,82;109,01;110,21;111,40;113,20;114,39;115,99;116,79;;109,72;110,89;113,98;116,31;118,33;120,10;123,28;125,50;127,46;128,68;;104,68;105,42;107,73;109,81;111,15;112,13;113,78;114,97;116,47;117,32;;;;;;;;;;;
2019-05-04;;103,85;104,84;106,82;109,01;110,21;111,40;113,20;114,39;115,99;116,79;;109,72;110,89;113,98;116,31;118,33;120,10;123,28;125,49;127,46;128,68;;104,68;105,42;107,73;109,81;111,15;112,13;113,78;114,96;116,46;117,32;;;;;;;;;;;
2019-05-05;;103,85;104,84;106,82;109,01;110,20;111,40;113,19;114,39;115,99;116,79;;109,71;110,89;113,98;116,31;118,33;120,10;123,28;125,49;127,46;128,68;;104,68;105,42;107,72;109,81;111,15;112,13;113,78;114,96;116,46;117,32;;;;;;;;;;;
2019-05-06;;103,85;104,81;106,73;108,85;110,00;111,16;112,89;114,04;115,58;116,35;;109,62;110,73;113,75;116,03;117,98;119,74;122,86;125,02;126,94;128,08;;104,57;105,30;107,51;109,54;110,85;111,79;113,40;114,52;115,97;116,78;;;;;;;;;;;
2019-05-07;;103,65;104,54;106,31;108,25;109,31;110,37;111,95;113,00;114,39;115,09;;109,42;110,44;113,27;115,38;117,22;118,83;121,75;123,77;125,47;126,52;;104,40;105,06;107,14;108,97;110,18;111,02;112,44;113,45;114,72;115,45;;;;;;;;;;;
2019-05-08;;103,55;104,42;106,17;108,08;109,13;110,17;111,72;112,75;114,13;114,81;;109,43;110,44;113,24;115,25;117,06;118,65;121,52;123,51;125,20;126,26;;104,41;105,03;107,06;108,84;110,01;110,82;112,20;113,19;114,44;115,16;;;;;;;;;;;
2019-05-09;;103,45;104,28;105,94;107,75;108,74;109,72;111,19;112,16;113,45;114,10;;109,10;110,04;112,80;114,72;116,47;118,05;120,87;122,81;124,45;125,43;;104,06;104,66;106,65;108,39;109,52;110,30;111,65;112,58;113,77;114,44;;;;;;;;;;;
2019-05-10;;103,57;104,40;106,07;107,89;108,88;109,87;111,34;112,32;113,62;114,27;;109,08;110,02;112,76;114,67;116,43;117,97;120,77;122,72;124,29;125,26;;104,03;104,62;106,61;108,33;109,46;110,23;111,55;112,49;113,65;114,31;;;;;;;;;;;
2019-05-11;;103,57;104,40;106,07;107,89;108,88;109,87;111,34;112,32;113,62;114,27;;109,07;110,02;112,76;114,67;116,43;117,96;120,77;122,72;124,29;125,26;;104,03;104,62;106,61;108,33;109,46;110,23;111,55;112,49;113,64;114,31;;;;;;;;;;;
2019-05-12;;103,57;104,40;106,07;107,89;108,88;109,87;111,34;112,32;113,62;114,27;;109,07;110,02;112,76;114,67;116,42;117,96;120,77;122,72;124,29;125,26;;104,03;104,62;106,61;108,33;109,46;110,23;111,55;112,49;113,64;114,30;;;;;;;;;;;
2019-05-13;;103,44;104,17;105,62;107,19;108,05;108,89;110,15;110,98;112,08;112,63;;108,79;109,63;112,14;113,88;115,48;116,90;119,48;121,25;122,68;123,56;;103,80;104,32;106,11;107,61;108,61;109,29;110,43;111,22;112,22;112,82;;;;;;;;;;;
2019-05-14;;103,40;104,19;105,75;107,45;108,37;109,29;110,66;111,57;112,77;113,36;;109,06;109,92;112,51;114,26;115,91;117,38;120,03;121,85;123,34;124,26;;104,03;104,55;106,39;107,96;108,99;109,69;110,89;111,72;112,78;113,40;;;;;;;;;;;
2019-05-15;;103,63;104,45;106,06;107,83;108,80;109,75;111,18;112,13;113,38;114,01;;109,13;110,00;112,67;114,51;116,19;117,70;120,43;122,30;123,83;124,76;;104,08;104,64;106,55;108,20;109,27;110,01;111,27;112,14;113,23;113,87;;;;;;;;;;;
2019-05-16;;103,90;104,76;106,47;108,35;109,37;110,39;111,90;112,91;114,25;114,92;;109,43;110,30;113,07;114,91;116,63;118,20;121,02;122,95;124,53;125,45;;104,31;104,90;106,88;108,62;109,73;110,52;111,85;112,75;113,89;114,52;;;;;;;;;;;
2019-05-17;;103,90;104,74;106,43;108,28;109,28;110,28;111,77;112,77;114,08;114,74;;109,47;110,30;113,01;114,86;116,53;118,09;120,86;122,75;124,29;125,18;;104,34;104,93;106,87;108,56;109,65;110,42;111,73;112,58;113,68;114,30;;;;;;;;;;;
2019-05-18;;103,89;104,74;106,43;108,27;109,28;110,28;111,77;112,77;114,08;114,74;;109,47;110,30;113,01;114,86;116,53;118,09;120,86;122,75;124,29;125,18;;104,34;104,93;106,87;108,56;109,65;110,42;111,73;112,58;113,68;114,30;;;;;;;;;;;
2019-05-19;;103,89;104,74;106,43;108,27;109,28;110,28;111,77;112,76;114,08;114,73;;109,47;110,30;113,01;114,86;116,53;118,09;120,86;122,75;124,29;125,18;;104,34;104,93;106,87;108,56;109,65;110,42;111,72;112,58;113,68;114,30;;;;;;;;;;;
2019-05-20;;103,55;104,38;106,02;107,82;108,79;109,77;111,22;112,18;113,45;114,09;;109,10;109,92;112,57;114,40;116,04;117,56;120,28;122,13;123,62;124,48;;104,02;104,59;106,53;108,17;109,24;110,00;111,26;112,09;113,15;113,76;;;;;;;;;;;
2019-05-21;;103,56;104,41;106,11;107,98;108,99;110,00;111,51;112,51;113,84;114,51;;109,15;109,99;112,71;114,53;116,21;117,75;120,51;122,41;123,91;124,78;;104,05;104,63;106,61;108,30;109,39;110,16;111,45;112,32;113,40;114,00;;;;;;;;;;;
2019-05-22;;103,67;104,51;106,20;108,05;109,05;110,05;111,55;112,54;113,86;114,51;;109,22;110,07;112,80;114,65;116,34;117,89;120,66;122,57;124,10;124,98;;104,13;104,71;106,71;108,42;109,52;110,31;111,61;112,48;113,57;114,18;;;;;;;;;;;
2019-05-23;;103,71;104,48;106,03;107,72;108,63;109,54;110,90;111,79;112,98;113,57;;109,04;109,81;112,39;114,13;115,72;117,18;119,81;121,61;122,99;123,82;;103,96;104,50;106,37;107,94;108,96;109,67;110,85;111,63;112,60;113,18;;;;;;;;;;;
2019-05-24;;103,73;104,50;106,03;107,70;108,60;109,50;110,84;111,73;112,90;113,48;;109,13;109,90;112,47;114,20;115,78;117,24;119,86;121,65;123,04;123,84;;104,05;104,59;106,45;108,00;109,01;109,72;110,90;111,66;112,63;113,18;;;;;;;;;;;
2019-05-25;;103,73;104,50;106,03;107,70;108,60;109,50;110,84;111,73;112,90;113,48;;109,13;109,90;112,47;114,20;115,78;117,24;119,86;121,64;123,04;123,84;;104,05;104,59;106,45;108,00;109,01;109,72;110,89;111,66;112,63;113,18;;;;;;;;;;;
2019-05-26;;103,73;104,50;106,03;107,70;108,60;109,50;110,84;111,73;112,90;113,48;;109,13;109,90;112,47;114,20;115,78;117,24;119,86;121,64;123,04;123,84;;104,05;104,59;106,45;108,00;109,01;109,72;110,89;111,66;112,62;113,18;;;;;;;;;;;
2019-05-27;;103,80;104,57;106,12;107,81;108,72;109,63;110,98;111,88;113,06;113,65;;109,18;109,95;112,53;114,28;115,86;117,33;119,95;121,75;123,15;123,97;;104,10;104,64;106,50;108,06;109,08;109,79;110,97;111,74;112,72;113,29;;;;;;;;;;;
2019-05-28;;103,83;104,58;106,07;107,70;108,57;109,45;110,75;111,61;112,75;113,31;;109,13;109,90;112,43;114,17;115,73;117,19;119,78;121,53;122,95;123,77;;104,08;104,61;106,45;107,97;108,97;109,68;110,83;111,58;112,56;113,13;;;;;;;;;;;
2019-05-29;;103,81;104,52;105,93;107,46;108,29;109,12;110,34;111,15;112,21;112,74;;109,18;109,92;112,37;114,03;115,56;116,94;119,44;121,15;122,45;123,24;;104,13;104,63;106,40;107,83;108,79;109,44;110,51;111,22;112,11;112,65;;;;;;;;;;;
2019-05-30;;103,91;104,63;106,06;107,62;108,46;109,30;110,54;111,35;112,44;112,97;;109,20;109,98;112,48;114,16;115,72;117,11;119,65;121,40;122,73;123,56;;104,17;104,66;106,45;107,91;108,89;109,54;110,64;111,39;112,31;112,87;;;;;;;;;;;
2019-05-31;;104,02;104,66;105,94;107,33;108,08;108,81;109,91;110,63;111,57;112,04;;109,14;109,90;112,27;113,86;115,36;116,68;119,09;120,75;122,02;122,85;;104,15;104,60;106,28;107,62;108,53;109,12;110,12;110,81;111,66;112,21;;;;;;;;;;;
2019-06-01;;104,02;104,66;105,94;107,33;108,07;108,81;109,91;110,63;111,57;112,04;;109,13;109,90;112,26;113,86;115,36;116,67;119,09;120,74;122,02;122,85;;104,15;104,59;106,28;107,62;108,53;109,12;110,12;110,81;111,66;112,21;;;;;;;;;;;
2019-06-02;;104,01;104,66;105,94;107,33;108,07;108,81;109,90;110,62;111,57;112,04;;109,13;109,90;112,26;113,85;115,36;116,67;119,09;120,74;122,02;122,85;;104,15;104,59;106,28;107,62;108,53;109,12;110,11;110,81;111,66;112,21;;;;;;;;;;;
2019-06-03;;104,10;104,71;105,91;107,20;107,90;108,59;109,60;110,27;111,15;111,58;;109,15;109,93;112,26;113,79;115,28;116,57;118,93;120,56;121,84;122,68;;104,21;104,61;106,25;107,54;108,43;108,97;109,93;110,61;111,44;111,99;;;;;;;;;;;
2019-06-04;;104,24;104,92;106,27;107,73;108,52;109,30;110,45;111,22;112,22;112,72;;109,55;110,33;112,80;114,37;115,91;117,26;119,73;121,45;122,74;123,56;;104,52;104,96;106,70;108,11;109,04;109,63;110,68;111,40;112,27;112,80;;;;;;;;;;;
2019-06-05;;104,40;105,11;106,51;108,04;108,87;109,69;110,90;111,71;112,76;113,29;;109,75;110,52;113,02;114,68;116,24;117,63;120,15;121,89;123,22;124,03;;104,70;105,19;106,96;108,42;109,39;110,02;111,10;111,84;112,73;113,28;;;;;;;;;;;
2019-06-06;;104,47;105,19;106,62;108,17;109,01;109,84;111,08;111,89;112,97;113,50;;109,88;110,63;113,14;114,78;116,33;117,71;120,24;121,98;123,27;124,08;;104,80;105,28;107,06;108,53;109,49;110,11;111,19;111,93;112,80;113,34;;;;;;;;;;;
2019-06-07;;104,77;105,51;106,98;108,58;109,44;110,30;111,58;112,43;113,54;114,09;;110,29;111,05;113,62;115,28;116,85;118,26;120,83;122,61;123,92;124,71;;105,18;105,67;107,50;109,01;110,00;110,64;111,75;112,50;113,39;113,91;;;;;;;;;;;
2019-06-08;;104,76;105,50;106,98;108,58;109,44;110,30;111,58;112,42;113,54;114,09;;110,29;111,05;113,62;115,28;116,85;118,26;120,83;122,61;123,92;124,71;;105,18;105,66;107,50;109,01;109,99;110,64;111,75;112,50;113,39;113,91;;;;;;;;;;;
2019-06-09;;104,76;105,50;106,97;108,58;109,44;110,30;111,58;112,42;113,54;114,09;;110,29;111,04;113,62;115,28;116,85;118,26;120,83;122,61;123,92;124,71;;105,18;105,66;107,50;109,01;109,99;110,64;111,75;112,50;113,38;113,91;;;;;;;;;;;
2019-06-10;;104,69;105,47;107,03;108,72;109,64;110,55;111,91;112,81;114,00;114,59;;110,19;111,02;113,68;115,47;117,12;118,58;121,25;123,11;124,51;125,38;;105,10;105,64;107,55;109,16;110,21;110,90;112,10;112,93;113,91;114,49;;;;;;;;;;;
2019-06-11;;104,75;105,54;107,11;108,83;109,76;110,69;112,07;112,98;114,19;114,79;;110,33;111,20;113,89;115,74;117,41;118,91;121,61;123,48;124,96;125,88;;105,27;105,82;107,77;109,42;110,48;111,21;112,45;113,30;114,33;114,95;;;;;;;;;;;
2019-06-12;;104,74;105,51;107,05;108,73;109,63;110,53;111,88;112,76;113,94;114,52;;110,18;111,02;113,66;115,45;117,09;118,56;121,22;123,06;124,50;125,41;;105,12;105,65;107,56;109,15;110,19;110,89;112,10;112,92;113,91;114,53;;;;;;;;;;;
2019-06-13;;104,90;105,69;107,29;109,02;109,96;110,90;112,30;113,22;114,44;115,05;;110,34;111,19;113,89;115,70;117,38;118,86;121,58;123,46;124,91;125,82;;105,24;105,78;107,74;109,39;110,46;111,17;112,41;113,27;114,28;114,89;;;;;;;;;;;
2019-06-14;;104,99;105,79;107,39;109,14;110,08;111,03;112,43;113,36;114,59;115,20;;110,49;111,32;114,01;115,83;117,49;118,96;121,67;123,54;124,94;125,84;;105,38;105,92;107,86;109,51;110,57;111,28;112,51;113,34;114,32;114,94;;;;;;;;;;;
2019-06-15;;104,99;105,79;107,39;109,14;110,08;111,02;112,43;113,36;114,59;115,20;;110,49;111,32;114,01;115,82;117,49;118,96;121,67;123,54;124,94;125,84;;105,37;105,91;107,86;109,51;110,57;111,28;112,50;113,34;114,32;114,94;;;;;;;;;;;
2019-06-16;;104,98;105,79;107,39;109,13;110,08;111,02;112,43;113,36;114,59;115,20;;110,49;111,31;114,00;115,82;117,49;118,96;121,67;123,54;124,94;125,84;;105,37;105,91;107,86;109,51;110,57;111,28;112,50;113,34;114,32;114,94;;;;;;;;;;;
2019-06-17;;104,96;105,77;107,37;109,11;110,06;111,00;112,40;113,33;114,56;115,17;;110,47;111,29;113,98;115,77;117,43;118,90;121,60;123,48;124,86;125,74;;105,34;105,87;107,82;109,46;110,52;111,22;112,44;113,27;114,25;114,84;;;;;;;;;;;
2019-06-18;;105,45;106,31;108,02;109,90;110,92;111,93;113,44;114,45;115,78;116,44;;111,50;112,40;115,25;117,12;118,88;120,42;123,22;125,21;126,68;127,57;;106,32;106,89;108,97;110,73;111,85;112,60;113,91;114,83;115,87;116,46;;;;;;;;;;;
2019-06-19;;105,55;106,42;108,15;110,05;111,08;112,10;113,64;114,65;116,00;116,68;;111,38;112,33;115,21;117,19;118,99;120,56;123,43;125,45;126,99;127,93;;106,24;106,85;108,98;110,79;111,96;112,76;114,12;115,08;116,19;116,82;;;;;;;;;;;
2019-06-20;;105,81;106,69;108,43;110,35;111,39;112,43;113,98;115,00;116,37;117,04;;111,73;112,71;115,62;117,64;119,46;121,06;123,95;126,00;127,57;128,53;;106,61;107,24;109,40;111,23;112,42;113,24;114,61;115,60;116,73;117,37;;;;;;;;;;;
2019-06-21;;105,54;106,40;108,11;109,99;111,00;112,02;113,53;114,54;115,87;116,53;;111,45;112,42;115,30;117,24;119,05;120,62;123,47;125,49;127,05;127,99;;106,35;106,94;109,07;110,86;112,02;112,81;114,16;115,12;116,24;116,86;;;;;;;;;;;
2019-06-22;;105,54;106,40;108,11;109,98;111,00;112,02;113,53;114,54;115,87;116,53;;111,45;112,42;115,30;117,24;119,05;120,62;123,47;125,49;127,05;127,99;;106,34;106,94;109,06;110,86;112,02;112,81;114,16;115,12;116,24;116,86;;;;;;;;;;;
2019-06-23;;105,54;106,39;108,11;109,98;111,00;112,02;113,53;114,53;115,87;116,53;;111,45;112,42;115,29;117,24;119,05;120,61;123,47;125,49;127,04;127,99;;106,34;106,94;109,06;110,86;112,02;112,81;114,15;115,12;116,24;116,86;;;;;;;;;;;
2019-06-24;;105,60;106,42;108,05;109,83;110,80;111,76;113,19;114,14;115,39;116,02;;111,48;112,42;115,22;117,09;118,84;120,37;123,14;125,10;126,61;127,53;;106,39;106,95;109,01;110,73;111,84;112,60;113,88;114,79;115,85;116,45;;;;;;;;;;;
2019-06-25;;105,59;106,38;107,93;109,63;110,54;111,46;112,81;113,71;114,90;115,49;;111,44;112,32;115,01;116,82;118,51;119,99;122,66;124,54;126,00;126,89;;106,36;106,89;108,87;110,49;111,54;112,26;113,47;114,32;115,31;115,90;;;;;;;;;;;
2019-06-26;;105,39;106,17;107,73;109,42;110,34;111,25;112,60;113,50;114,69;115,27;;111,33;112,23;114,92;116,70;118,38;119,84;122,51;124,39;125,83;126,73;;106,26;106,78;108,76;110,36;111,41;112,12;113,31;114,16;115,15;115,74;;;;;;;;;;;
2019-06-27;;105,53;106,33;107,93;109,67;110,62;111,56;112,96;113,88;115,11;115,72;;111,41;112,34;115,07;116,93;118,65;120,14;122,86;124,77;126,24;127,18;;106,34;106,88;108,92;110,57;111,66;112,40;113,63;114,52;115,55;116,17;;;;;;;;;;;
2019-06-28;;105,64;106,46;108,09;109,88;110,84;111,81;113,24;114,19;115,45;116,07;;111,58;112,51;115,29;117,15;118,89;120,41;123,16;125,10;126,61;127,54;;106,49;107,04;109,09;110,79;111,89;112,63;113,90;114,81;115,85;116,47;;;;;;;;;;;
2019-06-29;;105,64;106,46;108,09;109,88;110,84;111,81;113,24;114,19;115,45;116,07;;111,58;112,51;115,29;117,15;118,89;120,41;123,16;125,10;126,61;127,54;;106,49;107,04;109,09;110,79;111,89;112,63;113,90;114,80;115,85;116,47;;;;;;;;;;;
2019-06-30;;105,64;106,46;108,09;109,87;110,84;111,80;113,24;114,19;115,45;116,07;;111,58;112,50;115,28;117,15;118,89;120,41;123,16;125,10;126,60;127,54;;106,48;107,04;109,09;110,78;111,88;112,63;113,90;114,80;115,85;116,47;;;;;;;;;;;
2019-07-01;;105,92;106,80;108,55;110,48;111,52;112,56;114,12;115,15;116,52;117,20;;112,08;113,07;115,98;118,03;119,86;121,44;124,33;126,37;127,96;128,95;;106,96;107,58;109,74;111,58;112,76;113,57;114,94;115,93;117,06;117,73;;;;;;;;;;;
2019-07-02;;106,14;107,05;108,85;110,83;111,90;112,97;114,57;115,63;117,05;117,75;;112,23;113,24;116,20;118,31;120,17;121,79;124,73;126,81;128,43;129,43;;107,09;107,74;109,96;111,85;113,07;113,91;115,33;116,34;117,51;118,20;;;;;;;;;;;
2019-07-03;;106,50;107,44;109,31;111,36;112,47;113,59;115,25;116,36;117,83;118,56;;112,82;113,83;116,87;118,99;120,88;122,53;125,51;127,64;129,25;130,23;;107,62;108,28;110,57;112,52;113,76;114,62;116,07;117,11;118,28;118,93;;;;;;;;;;;
2019-07-04;;106,55;107,49;109,36;111,42;112,53;113,65;115,32;116,43;117,91;118,64;;112,89;113,91;116,95;119,10;120,99;122,65;125,64;127,77;129,41;130,40;;107,69;108,36;110,65;112,60;113,85;114,72;116,18;117,22;118,41;119,09;;;;;;;;;;;
2019-07-05;;106,26;107,22;109,13;111,24;112,38;113,53;115,24;116,38;117,90;118,65;;112,70;113,74;116,81;118,99;120,91;122,57;125,60;127,77;129,41;130,39;;107,51;108,20;110,52;112,51;113,78;114,67;116,15;117,22;118,44;119,10;;;;;;;;;;;
2019-07-06;;106,26;107,22;109,13;111,24;112,38;113,53;115,24;116,38;117,89;118,65;;112,70;113,74;116,81;118,99;120,91;122,57;125,60;127,77;129,41;130,39;;107,51;108,20;110,52;112,50;113,78;114,67;116,15;117,22;118,44;119,10;;;;;;;;;;;
2019-07-07;;106,26;107,21;109,13;111,23;112,38;113,53;115,24;116,38;117,89;118,65;;112,70;113,74;116,81;118,98;120,90;122,57;125,60;127,77;129,41;130,39;;107,50;108,20;110,52;112,50;113,77;114,67;116,15;117,22;118,43;119,10;;;;;;;;;;;
2019-07-08;;106,17;107,11;108,98;111,03;112,14;113,26;114,92;116,03;117,50;118,23;;112,64;113,63;116,64;118,72;120,59;122,22;125,19;127,30;128,89;129,83;;107,44;108,09;110,34;112,26;113,49;114,34;115,77;116,79;117,95;118,58;;;;;;;;;;;
2019-07-09;;106,10;107,04;108,92;110,99;112,11;113,24;114,92;116,03;117,52;118,26;;112,52;113,51;116,52;118,60;120,47;122,10;125,08;127,20;128,76;129,69;;107,30;107,96;110,21;112,13;113,36;114,21;115,64;116,66;117,82;118,44;;;;;;;;;;;
2019-07-10;;106,01;106,96;108,84;110,91;112,03;113,16;114,84;115,96;117,44;118,18;;112,40;113,41;116,45;118,54;120,43;122,06;125,05;127,20;128,77;129,70;;107,19;107,86;110,13;112,07;113,31;114,17;115,61;116,65;117,83;118,44;;;;;;;;;;;
2019-07-11;;105,80;106,77;108,69;110,81;111,96;113,11;114,84;115,99;117,51;118,27;;112,23;113,27;116,35;118,50;120,43;122,09;125,13;127,31;128,93;129,89;;107,04;107,73;110,05;112,03;113,31;114,20;115,69;116,77;117,98;118,63;;;;;;;;;;;
2019-07-12;;105,79;106,77;108,74;110,91;112,10;113,28;115,05;116,23;117,79;118,58;;112,15;113,20;116,31;118,50;120,44;122,13;125,22;127,43;129,07;130,02;;106,94;107,66;110,01;112,04;113,34;114,26;115,78;116,88;118,13;118,77;;;;;;;;;;;
2019-07-13;;105,78;106,77;108,74;110,91;112,09;113,28;115,05;116,22;117,79;118,58;;112,15;113,20;116,31;118,50;120,44;122,13;125,22;127,43;129,07;130,02;;106,94;107,66;110,00;112,04;113,34;114,26;115,78;116,87;118,12;118,77;;;;;;;;;;;
2019-07-14;;105,78;106,77;108,74;110,91;112,09;113,27;115,04;116,22;117,79;118,57;;112,15;113,20;116,31;118,49;120,44;122,13;125,22;127,43;129,07;130,02;;106,94;107,66;110,00;112,03;113,33;114,26;115,78;116,87;118,12;118,77;;;;;;;;;;;
2019-07-15;;105,96;106,94;108,89;111,04;112,21;113,38;115,13;116,29;117,84;118,61;;112,45;113,51;116,61;118,78;120,73;122,40;125,47;127,67;129,30;130,26;;107,24;107,95;110,28;112,29;113,58;114,48;115,98;117,08;118,31;118,95;;;;;;;;;;;
2019-07-16;;105,94;106,92;108,89;111,04;112,22;113,40;115,16;116,33;117,89;118,66;;112,57;113,64;116,76;118,92;120,87;122,55;125,62;127,83;129,48;130,46;;107,36;108,06;110,41;112,42;113,71;114,61;116,12;117,22;118,47;119,12;;;;;;;;;;;
2019-07-17;;106,09;107,04;108,92;110,99;112,12;113,24;114,92;116,04;117,52;118,27;;112,65;113,69;116,71;118,81;120,71;122,34;125,32;127,47;129,05;130,00;;107,46;108,12;110,40;112,33;113,58;114,44;115,87;116,92;118,10;118,73;;;;;;;;;;;
2019-07-18;;106,21;107,16;109,04;111,11;112,24;113,36;115,04;116,16;117,64;118,38;;112,86;113,89;116,94;118,96;120,87;122,48;125,45;127,61;129,14;130,06;;107,63;108,27;110,56;112,49;113,73;114,57;115,98;117,04;118,19;118,77;;;;;;;;;;;
2019-07-19;;106,21;107,15;109,04;111,11;112,23;113,36;115,04;116,16;117,64;118,38;;112,86;113,89;116,94;118,96;120,87;122,48;125,45;127,61;129,14;130,05;;107,63;108,27;110,57;112,49;113,73;114,57;115,99;117,04;118,19;118,77;;;;;;;;;;;
2019-07-20;;106,21;107,15;109,04;111,11;112,23;113,36;115,04;116,16;117,64;118,38;;112,85;113,88;116,94;118,96;120,87;122,47;125,45;127,61;129,14;130,05;;107,63;108,27;110,57;112,49;113,73;114,57;115,98;117,04;118,19;118,76;;;;;;;;;;;
2019-07-21;;106,21;107,15;109,04;111,11;112,23;113,36;115,04;116,15;117,64;118,38;;112,85;113,88;116,94;118,96;120,87;122,47;125,44;127,61;129,13;130,05;;107,63;108,27;110,56;112,49;113,73;114,57;115,98;117,04;118,18;118,76;;;;;;;;;;;
2019-07-22;;106,24;107,17;109,05;111,10;112,22;113,34;115,01;116,12;117,59;118,33;;112,92;113,93;116,95;119,01;120,89;122,51;125,47;127,61;129,16;130,05;;107,69;108,35;110,62;112,53;113,76;114,62;116,02;117,05;118,21;118,79;;;;;;;;;;;
2019-07-23;;106,41;107,42;109,42;111,63;112,84;114,04;115,85;117,05;118,65;119,44;;113,18;114,27;117,43;119,65;121,62;123,33;126,44;128,69;130,35;131,32;;107,94;108,66;111,06;113,11;114,43;115,36;116,89;118,02;119,28;119,93;;;;;;;;;;;
2019-07-24;;106,62;107,64;109,68;111,93;113,16;114,38;116,22;117,45;119,08;119,89;;113,54;114,63;117,82;120,07;122,06;123,78;126,91;129,18;130,83;131,78;;108,27;109,01;111,42;113,51;114,84;115,78;117,32;118,46;119,73;120,36;;;;;;;;;;;
2019-07-25;;106,44;107,43;109,41;111,59;112,77;113,96;115,74;116,92;118,49;119,28;;113,37;114,43;117,55;119,73;121,68;123,36;126,43;128,65;130,26;131,19;;108,12;108,83;111,19;113,20;114,50;115,40;116,90;117,99;119,22;119,84;;;;;;;;;;;
2019-07-26;;106,56;107,59;109,64;111,91;113,14;114,38;116,23;117,46;119,11;119,93;;113,58;114,67;117,87;120,08;122,08;123,79;126,94;129,22;130,85;131,78;;108,29;109,02;111,43;113,52;114,85;115,79;117,33;118,47;119,73;120,34;;;;;;;;;;;
2019-07-27;;106,56;107,59;109,64;111,91;113,14;114,38;116,23;117,46;119,11;119,93;;113,58;114,66;117,87;120,08;122,08;123,79;126,94;129,22;130,85;131,77;;108,28;109,02;111,43;113,52;114,85;115,78;117,33;118,47;119,73;120,33;;;;;;;;;;;
2019-07-28;;106,56;107,58;109,64;111,90;113,14;114,37;116,23;117,46;119,10;119,93;;113,58;114,66;117,87;120,08;122,07;123,79;126,93;129,22;130,85;131,77;;108,28;109,02;111,43;113,52;114,85;115,78;117,33;118,47;119,73;120,33;;;;;;;;;;;
2019-07-29;;106,58;107,59;109,62;111,85;113,07;114,29;116,12;117,33;118,95;119,76;;113,64;114,68;117,85;119,99;121,95;123,65;126,75;129,00;130,59;131,47;;108,33;109,05;111,41;113,46;114,76;115,67;117,19;118,28;119,50;120,07;;;;;;;;;;;
2019-07-30;;106,51;107,50;109,47;111,64;112,83;114,01;115,78;116,96;118,52;119,31;;113,50;114,52;117,62;119,75;121,68;123,32;126,36;128,57;130,08;130,96;;108,20;108,91;111,22;113,21;114,49;115,36;116,82;117,89;119,06;119,64;;;;;;;;;;;
2019-07-31;;106,57;107,51;109,39;111,46;112,58;113,71;115,38;116,50;117,98;118,72;;113,63;114,62;117,62;119,66;121,52;123,11;126,05;128,18;129,64;130,48;;108,35;109,01;111,23;113,12;114,34;115,16;116,53;117,54;118,63;119,18;;;;;;;;;;;
2019-08-01;;106,90;107,83;109,68;111,71;112,81;113,92;115,56;116,66;118,11;118,83;;113,67;114,63;117,60;119,65;121,49;123,08;125,99;128,10;129,54;130,37;;108,37;109,04;111,23;113,10;114,31;115,12;116,47;117,45;118,54;119,09;;;;;;;;;;;
2019-08-02;;106,85;107,69;109,36;111,19;112,17;113,16;114,62;115,59;116,88;117,51;;113,54;114,36;117,12;118,96;120,65;122,09;124,80;126,75;127,94;128,65;;108,23;108,82;110,82;112,48;113,57;114,25;115,42;116,25;117,13;117,59;;;;;;;;;;;
2019-08-03;;106,85;107,69;109,36;111,18;112,17;113,16;114,62;115,59;116,88;117,51;;113,54;114,35;117,12;118,96;120,64;122,09;124,80;126,75;127,94;128,65;;108,23;108,82;110,82;112,47;113,57;114,25;115,42;116,25;117,13;117,59;;;;;;;;;;;
2019-08-04;;106,85;107,69;109,36;111,18;112,17;113,16;114,62;115,59;116,87;117,51;;113,54;114,35;117,12;118,96;120,64;122,08;124,80;126,75;127,94;128,65;;108,23;108,81;110,82;112,47;113,56;114,25;115,42;116,25;117,13;117,59;;;;;;;;;;;
2019-08-05;;106,70;107,34;108,62;110,00;110,74;111,48;112,56;113,26;114,19;114,65;;113,07;113,67;116,03;117,46;118,87;120,08;122,37;124,01;124,89;125,41;;107,81;108,23;109,85;111,09;111,94;112,41;113,23;113,80;114,36;114,67;;;;;;;;;;;
2019-08-06;;106,85;107,53;108,86;110,30;111,07;111,84;112,97;113,72;114,69;115,17;;113,40;114,02;116,45;117,88;119,33;120,54;122,89;124,60;125,42;125,91;;108,09;108,52;110,16;111,45;112,33;112,79;113,63;114,24;114,80;115,07;;;;;;;;;;;
2019-08-07;;107,04;107,70;109,01;110,42;111,18;111,93;113,04;113,77;114,72;115,20;;113,84;114,43;116,82;118,21;119,62;120,80;123,09;124,76;125,53;125,99;;108,52;108,93;110,53;111,78;112,63;113,05;113,85;114,41;114,91;115,16;;;;;;;;;;;
2019-08-08;;107,18;107,94;109,46;111,10;111,99;112,87;114,18;115,04;116,18;116,74;;113,81;114,50;117,13;118,69;120,25;121,58;124,11;125,94;126,92;127,48;;108,45;108,93;110,74;112,23;113,20;113,75;114,75;115,46;116,15;116,47;;;;;;;;;;;
2019-08-09;;107,03;107,77;109,23;110,81;111,67;112,51;113,77;114,60;115,69;116,22;;113,46;114,13;116,67;118,22;119,74;121,05;123,54;125,32;126,29;126,84;;108,15;108,63;110,38;111,80;112,75;113,29;114,25;114,93;115,60;115,94;;;;;;;;;;;
2019-08-10;;107,03;107,76;109,23;110,81;111,67;112,51;113,77;114,60;115,68;116,22;;113,46;114,12;116,67;118,22;119,74;121,05;123,54;125,32;126,29;126,84;;108,15;108,63;110,37;111,80;112,75;113,29;114,25;114,93;115,60;115,94;;;;;;;;;;;
2019-08-11;;107,03;107,76;109,22;110,81;111,66;112,51;113,77;114,59;115,68;116,22;;113,46;114,12;116,67;118,22;119,74;121,05;123,54;125,32;126,29;126,84;;108,14;108,63;110,37;111,80;112,75;113,29;114,25;114,93;115,60;115,94;;;;;;;;;;;
2019-08-12;;107,13;107,80;109,13;110,56;111,33;112,09;113,21;113,95;114,91;115,39;;113,44;114,06;116,48;117,95;119,39;120,64;123,00;124,69;125,59;126,09;;108,12;108,58;110,21;111,51;112,39;112,88;113,74;114,34;114,95;115,24;;;;;;;;;;;
2019-08-13;;107,29;108,02;109,47;111,03;111,87;112,71;113,95;114,76;115,83;116,36;;113,94;114,56;117,13;118,56;120,06;121,34;123,79;125,57;126,45;126,93;;108,52;108,96;110,69;112,09;113,01;113,50;114,43;115,08;115,69;115,95;;;;;;;;;;;
2019-08-14;;107,34;107,95;109,14;110,43;111,12;111,79;112,79;113,44;114,29;114,71;;113,85;114,40;116,69;118,04;119,39;120,53;122,75;124,35;125,09;125,52;;108,51;108,91;110,43;111,58;112,39;112,79;113,51;114,03;114,50;114,74;;;;;;;;;;;
2019-08-15;;107,77;108,37;109,55;110,81;111,49;112,16;113,14;113,78;114,61;115,02;;114,50;115,06;117,38;118,67;120,04;121,16;123,36;124,98;125,65;126,04;;109,12;109,49;111,01;112,17;112,97;113,33;114,03;114,55;114,98;115,17;;;;;;;;;;;
2019-08-16;;107,81;108,49;109,83;111,27;112,05;112,82;113,95;114,69;115,66;116,14;;114,52;115,14;117,62;119,03;120,49;121,70;124,06;125,79;126,58;127,04;;109,11;109,53;111,20;112,51;113,40;113,84;114,67;115,28;115,82;116,06;;;;;;;;;;;
2019-08-17;;107,81;108,49;109,83;111,27;112,05;112,82;113,95;114,69;115,66;116,14;;114,52;115,14;117,62;119,02;120,49;121,70;124,06;125,79;126,58;127,04;;109,11;109,53;111,20;112,51;113,40;113,83;114,67;115,28;115,82;116,06;;;;;;;;;;;
2019-08-18;;107,81;108,49;109,83;111,27;112,05;112,81;113,95;114,69;115,66;116,14;;114,52;115,13;117,62;119,02;120,49;121,70;124,06;125,79;126,58;127,03;;109,11;109,53;111,20;112,51;113,39;113,83;114,67;115,28;115,82;116,06;;;;;;;;;;;
2019-08-19;;107,71;108,47;109,97;111,60;112,48;113,35;114,64;115,48;116,60;117,15;;114,43;115,12;117,76;119,32;120,89;122,20;124,73;126,58;127,51;128,04;;109,00;109,49;111,31;112,80;113,77;114,31;115,30;116,01;116,68;116,98;;;;;;;;;;;
2019-08-20;;107,84;108,56;109,98;111,52;112,35;113,17;114,38;115,18;116,22;116,74;;114,57;115,24;117,80;119,34;120,86;122,12;124,57;126,36;127,23;127,74;;109,16;109,63;111,40;112,80;113,75;114,25;115,17;115,83;116,45;116,74;;;;;;;;;;;
2019-08-21;;107,87;108,63;110,15;111,80;112,69;113,57;114,87;115,73;116,86;117,42;;114,63;115,34;118,01;119,60;121,18;122,51;125,06;126,92;127,88;128,42;;109,20;109,70;111,54;113,04;114,03;114,58;115,57;116,30;116,99;117,29;;;;;;;;;;;
2019-08-22;;107,68;108,45;109,97;111,62;112,52;113,40;114,71;115,57;116,71;117,27;;114,40;115,10;117,78;119,38;120,96;122,29;124,85;126,72;127,67;128,19;;108,98;109,49;111,34;112,85;113,85;114,40;115,41;116,13;116,82;117,11;;;;;;;;;;;
2019-08-23;;107,59;108,23;109,52;110,89;111,63;112,36;113,43;114,13;115,05;115,50;;114,14;114,77;117,18;118,65;120,08;121,31;123,63;125,31;126,17;126,66;;108,81;109,25;110,89;112,16;113,04;113,50;114,32;114,91;115,48;115,76;;;;;;;;;;;
2019-08-24;;107,58;108,23;109,51;110,89;111,63;112,36;113,43;114,13;115,05;115,50;;114,14;114,77;117,18;118,65;120,08;121,31;123,63;125,31;126,17;126,66;;108,81;109,25;110,89;112,16;113,03;113,50;114,32;114,91;115,48;115,76;;;;;;;;;;;
2019-08-25;;107,58;108,23;109,51;110,89;111,63;112,36;113,43;114,13;115,05;115,50;;114,13;114,76;117,18;118,65;120,08;121,30;123,62;125,31;126,17;126,66;;108,80;109,24;110,89;112,16;113,03;113,50;114,32;114,91;115,48;115,75;;;;;;;;;;;
2019-08-26;;107,68;108,35;109,68;111,11;111,88;112,64;113,76;114,49;115,45;115,92;;114,27;114,87;117,35;118,74;120,18;121,41;123,76;125,48;126,29;126,72;;108,87;109,30;110,95;112,27;113,14;113,59;114,43;115,03;115,56;115,79;;;;;;;;;;;
2019-08-27;;107,96;108,63;109,94;111,35;112,10;112,85;113,95;114,67;115,61;116,08;;114,67;115,27;117,75;119,18;120,61;121,85;124,18;125,90;126,71;127,14;;109,27;109,70;111,35;112,66;113,53;113,98;114,81;115,40;115,93;116,16;;;;;;;;;;;
2019-08-28;;108,20;108,88;110,24;111,71;112,50;113,27;114,42;115,17;116,16;116,64;;115,03;115,64;118,16;119,62;121,08;122,31;124,68;126,43;127,21;127,65;;109,59;110,03;111,72;113,07;113,97;114,41;115,26;115,87;116,39;116,62;;;;;;;;;;;
2019-08-29;;108,28;109,03;110,52;112,14;113,01;113,87;115,14;115,98;117,08;117,63;;115,16;115,82;118,50;120,05;121,60;122,91;125,42;127,28;128,16;128,63;;109,68;110,17;111,98;113,48;114,45;114,96;115,92;116,62;117,24;117,49;;;;;;;;;;;
2019-08-30;;108,38;109,18;110,75;112,47;113,39;114,30;115,66;116,56;117,74;118,32;;115,15;115,90;118,66;120,38;122,01;123,40;126,02;127,94;128,96;129,54;;109,71;110,25;112,17;113,77;114,81;115,39;116,46;117,23;117,96;118,31;;;;;;;;;;;
2019-08-31;;108,38;109,17;110,75;112,46;113,39;114,30;115,66;116,56;117,74;118,32;;115,15;115,89;118,65;120,38;122,01;123,39;126,02;127,94;128,96;129,54;;109,71;110,25;112,16;113,76;114,81;115,39;116,46;117,23;117,96;118,31;;;;;;;;;;;
2019-09-01;;108,38;109,17;110,75;112,46;113,39;114,30;115,66;116,56;117,74;118,32;;115,15;115,89;118,65;120,38;122,01;123,39;126,02;127,94;128,96;129,53;;109,71;110,25;112,16;113,76;114,81;115,39;116,46;117,23;117,96;118,31;;;;;;;;;;;
2019-09-02;;108,44;109,25;110,86;112,62;113,56;114,50;115,89;116,81;118,02;118,62;;115,13;115,90;118,72;120,49;122,16;123,57;126,25;128,21;129,27;129,88;;109,69;110,25;112,19;113,85;114,92;115,52;116,63;117,44;118,21;118,58;;;;;;;;;;;
2019-09-03;;108,66;109,43;110,97;112,64;113,53;114,42;115,74;116,61;117,76;118,32;;115,25;115,96;118,70;120,43;122,03;123,41;126,01;127,91;128,90;129,44;;109,79;110,34;112,23;113,82;114,85;115,42;116,47;117,21;117,91;118,25;;;;;;;;;;;
2019-09-04;;108,52;109,33;110,95;112,70;113,64;114,58;115,97;116,89;118,10;118,70;;115,17;115,96;118,82;120,60;122,28;123,72;126,41;128,39;129,48;130,08;;109,76;110,33;112,34;114,02;115,10;115,73;116,87;117,68;118,46;118,82;;;;;;;;;;;
2019-09-05;;108,17;109,06;110,84;112,79;113,84;114,89;116,45;117,48;118,85;119,52;;114,84;115,73;118,76;120,74;122,54;124,10;126,99;129,10;130,37;131,05;;109,45;110,11;112,27;114,14;115,34;116,08;117,38;118,32;119,26;119,68;;;;;;;;;;;
2019-09-06;;108,30;109,20;110,99;112,95;114,01;115,06;116,63;117,67;119,05;119,73;;115,14;116,03;119,07;121,06;122,87;124,43;127,31;129,43;130,70;131,38;;109,72;110,38;112,56;114,44;115,63;116,38;117,68;118,62;119,56;119,99;;;;;;;;;;;
2019-09-07;;108,30;109,20;110,99;112,95;114,01;115,06;116,63;117,67;119,05;119,73;;115,14;116,03;119,06;121,06;122,87;124,43;127,31;129,43;130,69;131,38;;109,72;110,38;112,56;114,44;115,63;116,38;117,68;118,62;119,56;119,99;;;;;;;;;;;
2019-09-08;;108,30;109,20;110,99;112,95;114,01;115,06;116,63;117,67;119,05;119,73;;115,14;116,03;119,06;121,06;122,87;124,43;127,31;129,43;130,69;131,38;;109,72;110,38;112,56;114,43;115,63;116,38;117,68;118,61;119,56;119,99;;;;;;;;;;;
2019-09-09;;107,94;108,85;110,66;112,65;113,72;114,79;116,39;117,44;118,84;119,53;;114,71;115,62;118,66;120,71;122,54;124,12;127,03;129,16;130,47;131,19;;109,33;110,01;112,21;114,11;115,32;116,10;117,43;118,39;119,37;119,83;;;;;;;;;;;
2019-09-10;;107,59;108,53;110,41;112,46;113,58;114,69;116,34;117,44;118,89;119,61;;114,46;115,38;118,45;120,54;122,39;124,00;126,96;129,10;130,46;131,20;;109,07;109,78;112,00;113,93;115,17;115,97;117,35;118,32;119,34;119,84;;;;;;;;;;;
2019-09-11;;107,73;108,73;110,74;112,93;114,13;115,32;117,10;118,29;119,86;120,64;;114,75;115,74;118,94;121,21;123,14;124,83;127,93;130,18;131,63;132,43;;109,33;110,10;112,45;114,53;115,85;116,72;118,21;119,27;120,40;120,94;;;;;;;;;;;
2019-09-12;;107,66;108,67;110,69;112,90;114,10;115,30;117,10;118,29;119,87;120,66;;114,95;115,96;119,20;121,51;123,46;125,16;128,27;130,55;132,02;132,78;;109,53;110,33;112,69;114,80;116,14;117,02;118,52;119,60;120,73;121,25;;;;;;;;;;;
2019-09-13;;107,10;108,12;110,16;112,39;113,61;114,82;116,63;117,84;119,44;120,24;;114,37;115,40;118,64;120,99;122,95;124,69;127,83;130,10;131,66;132,45;;108,99;109,80;112,18;114,30;115,66;116,58;118,11;119,20;120,39;120,94;;;;;;;;;;;
2019-09-14;;107,10;108,12;110,16;112,39;113,61;114,82;116,63;117,84;119,44;120,24;;114,37;115,40;118,64;120,99;122,95;124,69;127,82;130,10;131,65;132,45;;108,99;109,80;112,18;114,30;115,66;116,57;118,11;119,20;120,39;120,94;;;;;;;;;;;
2019-09-15;;107,10;108,12;110,15;112,39;113,60;114,82;116,63;117,84;119,44;120,24;;114,37;115,40;118,64;120,99;122,95;124,69;127,82;130,10;131,65;132,45;;108,98;109,80;112,18;114,30;115,65;116,57;118,11;119,19;120,39;120,94;;;;;;;;;;;
2019-09-16;;107,38;108,40;110,45;112,70;113,93;115,15;116,98;118,20;119,81;120,62;;114,64;115,69;118,94;121,34;123,33;125,06;128,21;130,51;132,04;132,84;;109,23;110,06;112,46;114,59;115,97;116,88;118,42;119,53;120,73;121,29;;;;;;;;;;;
2019-09-17;;107,40;108,41;110,43;112,65;113,86;115,06;116,86;118,06;119,65;120,44;;114,47;115,47;118,68;121,02;122,96;124,67;127,79;130,05;131,54;132,32;;109,05;109,86;112,21;114,31;115,66;116,55;118,06;119,13;120,29;120,83;;;;;;;;;;;
2019-09-18;;107,54;108,54;110,53;112,71;113,90;115,08;116,85;118,03;119,59;120,36;;114,68;115,67;118,87;121,17;123,10;124,79;127,87;130,12;131,58;132,34;;109,26;110,05;112,38;114,45;115,78;116,65;118,12;119,18;120,31;120,83;;;;;;;;;;;
2019-09-19;;107,54;108,54;110,53;112,71;113,90;115,08;116,85;118,03;119,59;120,36;;114,70;115,70;118,92;121,24;123,17;124,89;127,99;130,26;131,75;132,53;;109,28;110,08;112,42;114,52;115,85;116,74;118,24;119,30;120,45;120,99;;;;;;;;;;;
2019-09-20;;107,54;108,54;110,53;112,71;113,90;115,08;116,85;118,02;119,58;120,36;;114,71;115,71;118,95;121,27;123,21;124,94;128,05;130,32;131,83;132,61;;109,30;110,10;112,45;114,55;115,89;116,78;118,30;119,37;120,53;121,06;;;;;;;;;;;
2019-09-21;;107,54;108,53;110,53;112,71;113,90;115,08;116,85;118,02;119,58;120,36;;114,71;115,71;118,94;121,26;123,21;124,94;128,05;130,31;131,83;132,61;;109,30;110,09;112,44;114,55;115,89;116,78;118,30;119,37;120,53;121,06;;;;;;;;;;;
2019-09-22;;107,54;108,53;110,52;112,71;113,89;115,08;116,85;118,02;119,58;120,36;;114,70;115,71;118,94;121,26;123,21;124,93;128,05;130,31;131,83;132,61;;109,29;110,09;112,44;114,55;115,89;116,78;118,29;119,37;120,52;121,06;;;;;;;;;;;
2019-09-23;;107,54;108,53;110,52;112,71;113,89;115,08;116,85;118,02;119,58;120,36;;114,68;115,67;118,88;121,18;123,11;124,81;127,90;130,16;131,62;132,39;;109,27;110,07;112,40;114,48;115,81;116,68;118,17;119,23;120,36;120,89;;;;;;;;;;;
2019-09-24;;108,13;109,08;110,97;113,04;114,16;115,28;116,95;118,06;119,53;120,26;;115,08;116,02;119,12;121,42;123,28;124,94;127,94;130,11;131,51;132,24;;109,65;110,44;112,68;114,68;115,96;116,80;118,21;119,19;120,25;120,78;;;;;;;;;;;
2019-09-25;;107,95;108,94;110,91;113,07;114,24;115,41;117,16;118,32;119,86;120,62;;115,02;115,96;119,11;121,44;123,33;125,00;128,06;130,27;131,64;132,38;;109,56;110,36;112,63;114,68;115,99;116,83;118,28;119,29;120,36;120,89;;;;;;;;;;;
2019-09-26;;108,02;109,01;110,99;113,16;114,34;115,51;117,27;118,43;119,98;120,75;;115,05;116,02;119,19;121,57;123,47;125,16;128,25;130,48;131,91;132,67;;109,59;110,41;112,69;114,77;116,10;116,95;118,43;119,46;120,57;121,12;;;;;;;;;;;
2019-09-27;;108,00;108,97;110,90;113,02;114,18;115,32;117,03;118,17;119,68;120,43;;114,95;115,88;119,02;121,32;123,19;124,88;127,91;130,10;131,53;132,28;;109,50;110,29;112,55;114,58;115,88;116,72;118,17;119,17;120,25;120,78;;;;;;;;;;;
2019-09-28;;108,00;108,97;110,90;113,02;114,17;115,32;117,03;118,17;119,67;120,42;;114,95;115,88;119,02;121,32;123,19;124,87;127,91;130,10;131,53;132,27;;109,50;110,28;112,55;114,58;115,88;116,72;118,17;119,16;120,25;120,78;;;;;;;;;;;
2019-09-29;;108,00;108,97;110,90;113,02;114,17;115,32;117,03;118,17;119,67;120,42;;114,95;115,88;119,02;121,32;123,19;124,87;127,91;130,10;131,53;132,27;;109,50;110,28;112,55;114,58;115,88;116,72;118,17;119,16;120,25;120,78;;;;;;;;;;;
2019-09-30;;108,10;109,11;111,12;113,32;114,51;115,71;117,49;118,68;120,25;121,03;;115,02;115,97;119,19;121,52;123,43;125,15;128,25;130,50;131,96;132,74;;109,54;110,33;112,66;114,76;116,09;116,96;118,46;119,50;120,62;121,18;;;;;;;;;;;
2019-10-01;;107,95;108,89;110,77;112,82;113,93;115,04;116,69;117,79;119,24;119,96;;114,71;115,62;118,67;120,94;122,78;124,41;127,39;129,52;130,91;131,66;;109,28;110,05;112,25;114,21;115,48;116,29;117,69;118,65;119,70;120,25;;;;;;;;;;;
2019-10-02;;107,69;108,52;110,16;111,95;112,92;113,88;115,31;116,25;117,48;118,10;;114,20;115,01;117,80;119,89;121,58;123,05;125,80;127,76;128,93;129,61;;108,83;109,52;111,51;113,22;114,37;115,06;116,25;117,07;117,94;118,43;;;;;;;;;;;
2019-10-03;;107,94;108,76;110,40;112,18;113,14;114,09;115,51;116,44;117,67;118,28;;114,44;115,25;118,06;120,07;121,76;123,22;125,96;127,92;129,05;129,71;;109,05;109,71;111,68;113,39;114,52;115,17;116,34;117,17;118,01;118,47;;;;;;;;;;;
2019-10-04;;108,22;109,10;110,85;112,75;113,79;114,81;116,33;117,34;118,67;119,33;;114,67;115,52;118,47;120,59;122,36;123,89;126,76;128,83;130,02;130,72;;109,23;109,94;112,02;113,86;115,07;115,78;117,06;117,96;118,88;119,36;;;;;;;;;;;
2019-10-05;;108,22;109,10;110,85;112,75;113,78;114,81;116,33;117,34;118,67;119,33;;114,66;115,51;118,47;120,58;122,36;123,88;126,76;128,83;130,02;130,72;;109,23;109,94;112,01;113,86;115,07;115,78;117,05;117,96;118,87;119,36;;;;;;;;;;;
2019-10-06;;108,21;109,09;110,84;112,75;113,78;114,81;116,33;117,34;118,67;119,33;;114,66;115,51;118,47;120,58;122,36;123,88;126,76;128,83;130,02;130,72;;109,23;109,94;112,01;113,86;115,07;115,77;117,05;117,96;118,87;119,36;;;;;;;;;;;
2019-10-07;;108,05;108,92;110,66;112,55;113,57;114,59;116,10;117,10;118,42;119,07;;114,53;115,37;118,31;120,40;122,16;123,69;126,55;128,59;129,83;130,52;;109,13;109,82;111,89;113,72;114,91;115,62;116,90;117,78;118,70;119,19;;;;;;;;;;;
2019-10-08;;107,96;108,78;110,40;112,17;113,12;114,06;115,46;116,39;117,60;118,20;;114,45;115,27;118,08;120,15;121,84;123,31;126,06;128,02;129,19;129,87;;109,09;109,77;111,75;113,46;114,60;115,28;116,46;117,29;118,15;118,63;;;;;;;;;;;
2019-10-09;;107,85;108,70;110,39;112,23;113,23;114,22;115,68;116,65;117,93;118,56;;114,35;115,19;118,08;120,17;121,90;123,42;126,23;128,25;129,46;130,14;;108,96;109,65;111,68;113,47;114,64;115,33;116,58;117,45;118,35;118,83;;;;;;;;;;;
2019-10-10;;107,53;108,42;110,18;112,10;113,14;114,17;115,71;116,73;118,07;118,74;;114,02;114,90;117,86;119,99;121,77;123,33;126,22;128,29;129,59;130,30;;108,64;109,35;111,43;113,30;114,51;115,24;116,56;117,47;118,44;118,95;;;;;;;;;;;
2019-10-11;;107,38;108,35;110,28;112,38;113,53;114,67;116,37;117,50;118,99;119,73;;114,10;115,07;118,22;120,49;122,38;124,08;127,13;129,33;130,83;131,64;;108,72;109,49;111,74;113,78;115,08;115,92;117,40;118,42;119,55;120,12;;;;;;;;;;;
2019-10-12;;107,38;108,35;110,27;112,38;113,53;114,67;116,37;117,49;118,99;119,73;;114,10;115,07;118,22;120,49;122,38;124,08;127,13;129,33;130,83;131,64;;108,72;109,49;111,74;113,78;115,08;115,92;117,40;118,42;119,55;120,12;;;;;;;;;;;
2019-10-13;;107,38;108,35;110,27;112,38;113,53;114,66;116,37;117,49;118,99;119,73;;114,10;115,06;118,21;120,49;122,38;124,08;127,13;129,32;130,83;131,63;;108,72;109,49;111,73;113,78;115,08;115,92;117,40;118,42;119,55;120,12;;;;;;;;;;;
2019-10-14;;107,50;108,46;110,36;112,44;113,57;114,69;116,36;117,47;118,94;119,67;;114,18;115,16;118,30;120,57;122,47;124,14;127,18;129,37;130,85;131,67;;108,81;109,58;111,82;113,85;115,15;115,98;117,44;118,46;119,58;120,15;;;;;;;;;;;
2019-10-15;;107,45;108,46;110,49;112,71;113,92;115,12;116,92;118,12;119,70;120,49;;114,20;115,22;118,48;120,90;122,86;124,63;127,80;130,07;131,67;132,50;;108,82;109,65;111,99;114,16;115,53;116,43;118,00;119,09;120,31;120,91;;;;;;;;;;;
2019-10-16;;107,43;108,43;110,43;112,62;113,81;115,00;116,77;117,95;119,51;120,29;;114,07;115,10;118,35;120,80;122,77;124,54;127,71;129,98;131,60;132,44;;108,71;109,56;111,91;114,07;115,45;116,37;117,94;119,04;120,27;120,88;;;;;;;;;;;
2019-10-17;;107,36;108,34;110,31;112,47;113,64;114,81;116,55;117,71;119,24;120,00;;114,12;115,14;118,36;120,74;122,69;124,44;127,56;129,81;131,39;132,22;;108,75;109,57;111,89;114,01;115,36;116,26;117,79;118,87;120,07;120,66;;;;;;;;;;;
2019-10-18;;107,26;108,22;110,13;112,23;113,36;114,49;116,18;117,30;118,78;119,51;;113,90;114,90;118,05;120,39;122,29;124,01;127,08;129,28;130,83;131,64;;108,56;109,36;111,63;113,69;115,00;115,88;117,37;118,41;119,57;120,14;;;;;;;;;;;
2019-10-19;;107,26;108,22;110,13;112,22;113,36;114,49;116,18;117,29;118,77;119,51;;113,90;114,89;118,05;120,39;122,29;124,01;127,08;129,28;130,83;131,64;;108,56;109,36;111,62;113,69;115,00;115,87;117,37;118,40;119,57;120,14;;;;;;;;;;;
2019-10-20;;107,26;108,22;110,13;112,22;113,36;114,49;116,18;117,29;118,77;119,51;;113,90;114,89;118,05;120,39;122,29;124,01;127,08;129,28;130,83;131,64;;108,56;109,36;111,62;113,68;115,00;115,87;117,37;118,40;119,57;120,14;;;;;;;;;;;
2019-10-21;;107,14;108,14;110,14;112,33;113,52;114,71;116,48;117,66;119,22;120,00;;113,73;114,77;118,01;120,43;122,39;124,18;127,34;129,60;131,25;132,10;;108,39;109,23;111,57;113,72;115,09;116,02;117,60;118,69;119,94;120,55;;;;;;;;;;;
2019-10-22;;107,27;108,26;110,23;112,40;113,57;114,74;116,49;117,65;119,19;119,95;;113,92;114,96;118,18;120,59;122,55;124,31;127,45;129,70;131,34;132,21;;108,58;109,40;111,74;113,87;115,22;116,14;117,70;118,78;120,02;120,64;;;;;;;;;;;
2019-10-23;;107,39;108,40;110,40;112,59;113,79;114,98;116,75;117,93;119,50;120,27;;114,07;115,11;118,35;120,80;122,76;124,54;127,71;129,97;131,62;132,50;;108,71;109,55;111,89;114,05;115,42;116,34;117,92;119,02;120,26;120,90;;;;;;;;;;;
2019-10-24;;107,49;108,52;110,57;112,81;114,04;115,26;117,08;118,29;119,90;120,70;;114,21;115,26;118,54;121,04;123,03;124,84;128,06;130,35;132,04;132,91;;108,84;109,70;112,09;114,29;115,68;116,64;118,26;119,37;120,65;121,29;;;;;;;;;;;
2019-10-25;;107,42;108,48;110,60;112,92;114,18;115,44;117,33;118,59;120,25;121,08;;114,10;115,18;118,54;121,11;123,14;125,00;128,29;130,64;132,39;133,30;;108,74;109,63;112,09;114,36;115,80;116,80;118,49;119,65;120,98;121,66;;;;;;;;;;;
2019-10-26;;107,42;108,48;110,59;112,92;114,18;115,44;117,33;118,58;120,25;121,08;;114,10;115,18;118,53;121,11;123,14;125,00;128,29;130,63;132,39;133,30;;108,74;109,63;112,08;114,36;115,80;116,80;118,48;119,65;120,98;121,66;;;;;;;;;;;
2019-10-27;;107,42;108,48;110,59;112,92;114,18;115,44;117,33;118,58;120,25;121,08;;114,09;115,18;118,53;121,11;123,14;125,00;128,29;130,63;132,38;133,30;;108,73;109,63;112,08;114,36;115,80;116,80;118,48;119,64;120,98;121,65;;;;;;;;;;;
2019-10-28;;107,27;108,35;110,53;112,93;114,23;115,54;117,49;118,79;120,52;121,38;;113,94;115,07;118,50;121,12;123,21;125,11;128,47;130,88;132,70;133,66;;108,57;109,49;112,01;114,36;115,84;116,88;118,63;119,85;121,26;121,96;;;;;;;;;;;
2019-10-29;;107,41;108,48;110,63;112,99;114,27;115,56;117,48;118,75;120,45;121,30;;114,01;115,13;118,53;121,17;123,24;125,13;128,47;130,86;132,66;133,60;;108,64;109,56;112,06;114,39;115,86;116,89;118,63;119,82;121,22;121,91;;;;;;;;;;;
2019-10-30;;107,41;108,48;110,63;112,99;114,27;115,55;117,48;118,75;120,45;121,30;;114,01;115,13;118,52;121,16;123,24;125,13;128,47;130,85;132,65;133,60;;108,63;109,56;112,06;114,38;115,86;116,89;118,62;119,82;121,21;121,91;;;;;;;;;;;
2019-10-31;;107,72;108,76;110,83;113,10;114,34;115,57;117,42;118,64;120,27;121,08;;114,25;115,32;118,64;121,24;123,26;125,10;128,37;130,70;132,42;133,31;;108,86;109,77;112,20;114,45;115,89;116,87;118,54;119,68;121,00;121,67;;;;;;;;;;;
2019-11-01;;107,76;108,84;111,00;113,38;114,67;115,96;117,90;119,18;120,89;121,74;;114,16;115,27;118,66;121,31;123,38;125,26;128,62;131,01;132,77;133,71;;108,77;109,69;112,19;114,52;116,00;117,03;118,76;119,96;121,34;122,04;;;;;;;;;;;
2019-11-02;;107,76;108,84;111,00;113,38;114,67;115,96;117,90;119,18;120,89;121,74;;114,16;115,27;118,66;121,31;123,38;125,26;128,62;131,01;132,77;133,71;;108,76;109,69;112,19;114,52;116,00;117,03;118,76;119,95;121,34;122,04;;;;;;;;;;;
2019-11-03;;107,76;108,84;111,00;113,37;114,67;115,96;117,89;119,18;120,89;121,74;;114,15;115,26;118,66;121,31;123,38;125,26;128,61;131,00;132,77;133,71;;108,76;109,69;112,19;114,52;116,00;117,02;118,75;119,95;121,34;122,03;;;;;;;;;;;
2019-11-04;;107,63;108,76;111,01;113,49;114,84;116,19;118,21;119,56;121,36;122,25;;114,18;115,39;118,92;121,67;123,84;125,82;129,30;131,79;133,73;134,76;;108,82;109,79;112,40;114,86;116,41;117,50;119,36;120,65;122,16;122,92;;;;;;;;;;;
2019-11-05;;107,47;108,64;110,98;113,56;114,97;116,39;118,51;119,92;121,80;122,74;;114,21;115,48;119,09;122,02;124,26;126,30;129,89;132,45;134,50;135,59;;108,85;109,88;112,58;115,14;116,76;117,92;119,87;121,23;122,85;123,66;;;;;;;;;;;
2019-11-06;;107,54;108,71;111,06;113,65;115,07;116,48;118,61;120,03;121,91;122,86;;114,27;115,53;119,16;122,09;124,33;126,38;129,98;132,55;134,60;135,68;;108,89;109,93;112,63;115,20;116,83;118,00;119,95;121,31;122,94;123,75;;;;;;;;;;;
2019-11-07;;107,24;108,46;110,91;113,61;115,09;116,57;118,80;120,29;122,27;123,27;;113,92;115,24;118,96;121,99;124,31;126,43;130,13;132,78;134,94;136,08;;108,57;109,64;112,45;115,12;116,81;118,05;120,10;121,54;123,26;124,12;;;;;;;;;;;
2019-11-08;;107,20;108,44;110,94;113,69;115,20;116,71;118,99;120,50;122,53;123,55;;113,93;115,23;118,97;122,03;124,34;126,48;130,22;132,87;135,03;136,16;;108,54;109,63;112,45;115,15;116,85;118,11;120,18;121,62;123,34;124,21;;;;;;;;;;;
2019-11-09;;107,20;108,44;110,93;113,69;115,20;116,71;118,98;120,50;122,53;123,55;;113,93;115,23;118,97;122,03;124,34;126,48;130,21;132,87;135,03;136,15;;108,54;109,63;112,45;115,15;116,85;118,10;120,18;121,62;123,34;124,21;;;;;;;;;;;
2019-11-10;;107,20;108,44;110,93;113,69;115,20;116,71;118,98;120,50;122,53;123,54;;113,93;115,23;118,97;122,03;124,34;126,47;130,21;132,87;135,02;136,15;;108,54;109,63;112,44;115,15;116,85;118,10;120,18;121,61;123,34;124,21;;;;;;;;;;;
2019-11-11;;107,13;108,36;110,83;113,56;115,06;116,55;118,80;120,30;122,31;123,31;;113,73;114,99;118,68;121,69;123,96;126,08;129,78;132,40;134,52;135,60;;108,34;109,42;112,19;114,86;116,53;117,77;119,81;121,21;122,90;123,74;;;;;;;;;;;
2019-11-12;;107,20;108,45;110,96;113,74;115,26;116,78;119,08;120,61;122,65;123,68;;113,86;115,12;118,85;121,91;124,19;126,34;130,08;132,72;134,86;135,94;;108,44;109,55;112,35;115,06;116,75;118,01;120,09;121,50;123,21;124,05;;;;;;;;;;;
2019-11-13;;107,40;108,64;111,13;113,88;115,39;116,90;119,18;120,69;122,72;123,73;;113,99;115,22;118,92;121,93;124,19;126,32;130,03;132,65;134,74;135,79;;108,54;109,64;112,38;115,06;116,73;117,96;120,00;121,39;123,06;123,89;;;;;;;;;;;
2019-11-14;;107,58;108,81;111,27;113,99;115,48;116,97;119,21;120,71;122,71;123,71;;114,04;115,26;118,95;121,91;124,16;126,26;129,95;132,56;134,62;135,67;;108,59;109,66;112,39;115,04;116,70;117,90;119,93;121,30;122,95;123,77;;;;;;;;;;;
2019-11-15;;107,59;108,84;111,34;114,11;115,63;117,14;119,43;120,95;122,99;124,01;;114,13;115,37;119,11;122,10;124,39;126,51;130,24;132,89;134,97;136,03;;108,67;109,76;112,53;115,23;116,92;118,15;120,20;121,61;123,28;124,10;;;;;;;;;;;
2019-11-16;;107,59;108,84;111,34;114,11;115,62;117,14;119,43;120,95;122,99;124,01;;114,13;115,37;119,11;122,10;124,38;126,51;130,24;132,89;134,97;136,03;;108,67;109,76;112,53;115,23;116,91;118,14;120,20;121,60;123,28;124,10;;;;;;;;;;;
2019-11-17;;107,59;108,84;111,34;114,11;115,62;117,14;119,42;120,95;122,99;124,01;;114,13;115,37;119,11;122,10;124,38;126,51;130,24;132,89;134,97;136,02;;108,67;109,76;112,53;115,23;116,91;118,14;120,20;121,60;123,28;124,09;;;;;;;;;;;
2019-11-18;;107,65;108,88;111,36;114,10;115,61;117,11;119,37;120,88;122,89;123,90;;114,17;115,40;119,13;122,13;124,40;126,52;130,24;132,87;134,95;135,99;;108,71;109,79;112,56;115,25;116,92;118,15;120,19;121,58;123,25;124,06;;;;;;;;;;;
2019-11-19;;107,71;108,94;111,41;114,14;115,64;117,13;119,38;120,89;122,89;123,89;;114,08;115,33;119,05;122,05;124,33;126,44;130,15;132,79;134,87;135,95;;108,62;109,70;112,49;115,17;116,84;118,07;120,12;121,52;123,20;124,03;;;;;;;;;;;
2019-11-20;;107,82;109,02;111,44;114,12;115,58;117,04;119,24;120,70;122,66;123,64;;114,09;115,31;118,99;121,94;124,20;126,28;129,95;132,56;134,58;135,63;;108,63;109,69;112,42;115,06;116,71;117,90;119,90;121,28;122,91;123,71;;;;;;;;;;;
2019-11-21;;107,64;108,84;111,24;113,89;115,34;116,79;118,96;120,42;122,35;123,32;;113,91;115,11;118,76;121,68;123,91;125,98;129,62;132,21;134,19;135,20;;108,45;109,51;112,19;114,81;116,44;117,61;119,59;120,94;122,54;123,32;;;;;;;;;;;
2019-11-22;;107,64;108,84;111,24;113,89;115,34;116,79;118,96;120,42;122,35;123,32;;113,91;115,10;118,76;121,68;123,91;125,97;129,62;132,20;134,19;135,20;;108,46;109,51;112,20;114,81;116,45;117,62;119,60;120,95;122,55;123,33;;;;;;;;;;;
2019-11-23;;107,64;108,83;111,23;113,89;115,33;116,78;118,96;120,41;122,35;123,32;;113,90;115,10;118,76;121,68;123,91;125,97;129,61;132,20;134,19;135,20;;108,45;109,51;112,20;114,81;116,45;117,62;119,59;120,95;122,54;123,32;;;;;;;;;;;
2019-11-24;;107,64;108,83;111,23;113,88;115,33;116,78;118,96;120,41;122,35;123,32;;113,90;115,10;118,76;121,68;123,91;125,97;129,61;132,20;134,19;135,20;;108,45;109,51;112,19;114,81;116,45;117,61;119,59;120,94;122,54;123,32;;;;;;;;;;;
2019-11-25;;107,94;109,21;111,78;114,62;116,17;117,73;120,08;121,64;123,74;124,79;;114,29;115,57;119,39;122,48;124,82;126,99;130,81;133,53;135,66;136,77;;108,80;109,92;112,77;115,56;117,29;118,56;120,69;122,15;123,88;124,73;;;;;;;;;;;
2019-11-26;;108,11;109,39;111,95;114,80;116,35;117,92;120,26;121,83;123,93;124,98;;114,41;115,66;119,49;122,57;124,90;127,07;130,90;133,61;135,74;136,82;;108,90;110,01;112,87;115,67;117,40;118,67;120,80;122,25;123,97;124,82;;;;;;;;;;;
2019-11-27;;108,11;109,38;111,95;114,80;116,35;117,91;120,26;121,83;123,93;124,98;;114,40;115,66;119,49;122,57;124,90;127,07;130,90;133,61;135,74;136,82;;108,89;110,01;112,87;115,66;117,39;118,67;120,80;122,25;123,97;124,82;;;;;;;;;;;
2019-11-28;;108,06;109,36;111,99;114,89;116,49;118,09;120,49;122,10;124,25;125,33;;114,38;115,65;119,53;122,63;124,99;127,19;131,06;133,81;135,97;137,07;;108,86;109,99;112,90;115,74;117,49;118,79;120,96;122,44;124,20;125,06;;;;;;;;;;;
2019-11-29;;107,96;109,24;111,79;114,62;116,17;117,73;120,06;121,63;123,71;124,76;;114,30;115,52;119,33;122,34;124,65;126,81;130,60;133,29;135,37;136,40;;108,77;109,88;112,71;115,48;117,19;118,44;120,55;121,97;123,66;124,46;;;;;;;;;;;
2019-11-30;;107,96;109,23;111,79;114,62;116,17;117,73;120,06;121,63;123,71;124,76;;114,29;115,52;119,33;122,34;124,65;126,80;130,60;133,29;135,37;136,40;;108,77;109,87;112,71;115,48;117,18;118,44;120,54;121,97;123,66;124,46;;;;;;;;;;;
2019-12-01;;107,96;109,23;111,79;114,62;116,17;117,72;120,06;121,62;123,71;124,76;;114,29;115,52;119,33;122,34;124,65;126,80;130,59;133,29;135,37;136,40;;108,77;109,87;112,71;115,47;117,18;118,44;120,54;121,97;123,66;124,46;;;;;;;;;;;
2019-12-02;;107,50;108,73;111,18;113,90;115,38;116,87;119,11;120,60;122,59;123,58;;113,62;114,81;118,49;121,47;123,71;125,81;129,51;132,12;134,13;135,16;;108,16;109,25;112,00;114,66;116,33;117,55;119,58;120,95;122,59;123,39;;;;;;;;;;;
2019-12-03;;107,76;108,92;111,27;113,85;115,26;116,67;118,79;120,20;122,08;123,02;;113,95;115,10;118,66;121,56;123,73;125,75;129,33;131,85;133,77;134,73;;108,48;109,53;112,16;114,70;116,30;117,46;119,37;120,67;122,21;122,98;;;;;;;;;;;
2019-12-04;;107,67;108,88;111,30;113,98;115,44;116,90;119,10;120,57;122,52;123,50;;113,94;115,11;118,77;121,70;123,92;126,01;129,67;132,26;134,26;135,25;;108,46;109,53;112,21;114,84;116,48;117,66;119,66;121,00;122,60;123,38;;;;;;;;;;;
2019-12-05;;107,54;108,76;111,21;113,92;115,40;116,88;119,10;120,59;122,57;123,56;;113,69;114,88;118,55;121,53;123,77;125,87;129,57;132,17;134,20;135,23;;108,23;109,32;112,02;114,67;116,33;117,54;119,56;120,93;122,57;123,38;;;;;;;;;;;
2019-12-06;;107,63;108,92;111,52;114,39;115,96;117,54;119,92;121,51;123,63;124,69;;113,92;115,18;119,01;122,13;124,47;126,67;130,53;133,25;135,41;136,50;;108,44;109,58;112,42;115,24;116,99;118,27;120,44;121,90;123,66;124,52;;;;;;;;;;;
2019-12-07;;107,63;108,92;111,52;114,39;115,96;117,54;119,92;121,50;123,63;124,69;;113,92;115,18;119,01;122,13;124,47;126,67;130,52;133,25;135,41;136,50;;108,44;109,58;112,42;115,24;116,98;118,27;120,43;121,89;123,66;124,52;;;;;;;;;;;
2019-12-08;;107,63;108,92;111,52;114,39;115,96;117,54;119,91;121,50;123,62;124,69;;113,92;115,18;119,01;122,13;124,47;126,67;130,52;133,24;135,41;136,50;;108,44;109,58;112,42;115,23;116,98;118,27;120,43;121,89;123,66;124,51;;;;;;;;;;;
2019-12-09;;107,65;108,91;111,46;114,28;115,82;117,37;119,69;121,25;123,32;124,36;;114,01;115,26;119,04;122,13;124,44;126,61;130,42;133,10;135,23;136,30;;108,55;109,68;112,48;115,24;116,96;118,23;120,34;121,77;123,50;124,35;;;;;;;;;;;
2019-12-10;;107,59;108,84;111,35;114,13;115,65;117,18;119,47;121,00;123,04;124,06;;114,00;115,24;118,99;122,04;124,33;126,49;130,25;132,92;135,03;136,07;;108,54;109,66;112,42;115,15;116,85;118,10;120,19;121,59;123,30;124,12;;;;;;;;;;;
2019-12-11;;107,77;109,03;111,56;114,36;115,89;117,43;119,73;121,28;123,33;124,36;;114,21;115,47;119,26;122,32;124,64;126,80;130,58;133,27;135,39;136,46;;108,75;109,87;112,67;115,42;117,14;118,39;120,49;121,93;123,65;124,48;;;;;;;;;;;
2019-12-12;;107,52;108,81;111,41;114,29;115,87;117,45;119,83;121,42;123,55;124,61;;114,04;115,36;119,24;122,34;124,73;126,92;130,79;133,56;135,75;136,88;;108,61;109,74;112,62;115,46;117,22;118,51;120,68;122,19;123,97;124,83;;;;;;;;;;;
2019-12-13;;107,83;109,13;111,74;114,62;116,20;117,79;120,17;121,77;123,90;124,97;;114,36;115,72;119,62;122,83;125,24;127,48;131,39;134,17;136,46;137,61;;108,93;110,10;113,02;115,89;117,68;119,01;121,22;122,75;124,59;125,48;;;;;;;;;;;
2019-12-14;;107,83;109,13;111,74;114,62;116,20;117,79;120,17;121,77;123,90;124,97;;114,36;115,72;119,62;122,83;125,23;127,48;131,39;134,17;136,45;137,61;;108,93;110,10;113,01;115,89;117,68;119,00;121,22;122,74;124,59;125,48;;;;;;;;;;;
2019-12-15;;107,83;109,13;111,73;114,62;116,20;117,79;120,17;121,77;123,90;124,97;;114,36;115,71;119,62;122,82;125,23;127,48;131,39;134,17;136,45;137,61;;108,93;110,10;113,01;115,89;117,68;119,00;121,22;122,74;124,58;125,48;;;;;;;;;;;
2019-12-16;;107,82;109,16;111,87;114,87;116,52;118,17;120,66;122,33;124,56;125,68;;114,38;115,77;119,77;123,01;125,47;127,79;131,79;134,63;137,01;138,20;;108,93;110,12;113,12;116,09;117,92;119,31;121,61;123,18;125,10;126,02;;;;;;;;;;;
2019-12-17;;107,85;109,18;111,86;114,83;116,46;118,09;120,55;122,20;124,40;125,51;;114,50;115,94;119,94;123,23;125,72;128,02;132,02;134,87;137,27;138,51;;109,10;110,29;113,29;116,25;118,09;119,46;121,75;123,36;125,29;126,24;;;;;;;;;;;
2019-12-18;;107,70;109,05;111,75;114,76;116,41;118,06;120,55;122,22;124,45;125,57;;114,26;115,74;119,77;123,10;125,63;127,94;131,98;134,88;137,31;138,61;;108,90;110,09;113,13;116,13;117,99;119,38;121,71;123,36;125,34;126,32;;;;;;;;;;;
2019-12-19;;107,86;109,23;111,97;115,02;116,69;118,37;120,90;122,60;124,87;126,01;;114,23;115,72;119,80;123,18;125,74;128,09;132,19;135,13;137,60;138,90;;108,85;110,07;113,14;116,20;118,10;119,52;121,90;123,58;125,60;126,58;;;;;;;;;;;
2019-12-20;;107,82;109,23;112,07;115,23;116,96;118,70;121,33;123,10;125,46;126,64;;114,37;115,89;120,06;123,48;126,10;128,49;132,68;135,68;138,22;139,56;;108,96;110,20;113,34;116,49;118,43;119,88;122,34;124,07;126,14;127,16;;;;;;;;;;;
2019-12-21;;107,82;109,23;112,07;115,22;116,96;118,70;121,33;123,09;125,46;126,64;;114,37;115,89;120,06;123,48;126,09;128,49;132,68;135,68;138,22;139,56;;108,96;110,20;113,34;116,48;118,42;119,88;122,34;124,06;126,14;127,16;;;;;;;;;;;
2019-12-22;;107,82;109,23;112,07;115,22;116,96;118,70;121,33;123,09;125,45;126,64;;114,37;115,89;120,06;123,48;126,09;128,49;132,68;135,68;138,22;139,56;;108,96;110,20;113,34;116,48;118,42;119,88;122,34;124,06;126,14;127,16;;;;;;;;;;;
2019-12-23;;107,81;109,22;112,06;115,22;116,95;118,70;121,33;123,10;125,46;126,65;;114,34;115,88;120,06;123,50;126,13;128,53;132,73;135,74;138,30;139,65;;108,95;110,19;113,34;116,49;118,44;119,90;122,37;124,11;126,20;127,23;;;;;;;;;;;
2019-12-24;;107,88;109,28;112,13;115,28;117,01;118,76;121,39;123,15;125,51;126,70;;114,32;115,84;120,02;123,45;126,07;128,47;132,67;135,67;138,23;139,58;;108,92;110,16;113,31;116,46;118,40;119,87;122,33;124,07;126,15;127,18;;;;;;;;;;;
2019-12-25;;107,87;109,28;112,12;115,28;117,01;118,76;121,39;123,15;125,51;126,70;;114,32;115,84;120,02;123,45;126,07;128,47;132,67;135,67;138,23;139,58;;108,92;110,15;113,31;116,46;118,40;119,86;122,33;124,07;126,15;127,18;;;;;;;;;;;
2019-12-26;;107,93;109,36;112,23;115,42;117,18;118,94;121,60;123,39;125,78;126,98;;114,38;115,92;120,13;123,58;126,22;128,64;132,87;135,91;138,48;139,84;;108,97;110,21;113,40;116,58;118,54;120,01;122,51;124,27;126,37;127,40;;;;;;;;;;;
2019-12-27;;107,96;109,36;112,18;115,31;117,03;118,76;121,37;123,12;125,46;126,63;;114,41;115,94;120,13;123,53;126,16;128,55;132,74;135,74;138,30;139,66;;109,02;110,24;113,40;116,55;118,48;119,94;122,40;124,14;126,22;127,24;;;;;;;;;;;
2019-12-28;;107,95;109,35;112,17;115,31;117,03;118,76;121,37;123,11;125,46;126,63;;114,40;115,94;120,12;123,53;126,16;128,55;132,74;135,74;138,30;139,66;;109,02;110,24;113,40;116,55;118,48;119,94;122,40;124,14;126,22;127,23;;;;;;;;;;;
2019-12-29;;107,95;109,35;112,17;115,31;117,03;118,76;121,36;123,11;125,45;126,63;;114,40;115,94;120,12;123,53;126,15;128,55;132,73;135,74;138,30;139,66;;109,01;110,24;113,40;116,54;118,48;119,94;122,39;124,13;126,21;127,23;;;;;;;;;;;
2019-12-30;;107,68;109,04;111,77;114,81;116,47;118,14;120,67;122,35;124,61;125,74;;113,94;115,46;119,55;122,89;125,47;127,82;131,92;134,86;137,38;138,71;;108,60;109,80;112,90;115,96;117,86;119,28;121,67;123,37;125,40;126,40;;;;;;;;;;;
2019-12-31;;107,60;108,97;111,71;114,76;116,44;118,12;120,65;122,35;124,62;125,75;;113,97;115,47;119,56;122,89;125,46;127,80;131,90;134,84;137,33;138,64;;108,61;109,81;112,89;115,94;117,84;119,25;121,63;123,32;125,34;126,32;;;;;;;;;;;
2020-01-01;;107,60;108,97;111,71;114,76;116,43;118,11;120,65;122,34;124,61;125,75;;113,97;115,46;119,56;122,89;125,45;127,80;131,90;134,84;137,33;138,64;;108,61;109,81;112,89;115,94;117,83;119,24;121,63;123,32;125,33;126,32;;;;;;;;;;;
2020-01-02;;107,94;109,35;112,19;115,35;117,08;118,82;121,45;123,22;125,58;126,76;;114,30;115,87;120,07;123,52;126,17;128,59;132,82;135,85;138,45;139,84;;108,93;110,17;113,34;116,51;118,47;119,94;122,43;124,20;126,32;127,36;;;;;;;;;;;
2020-01-03;;108,23;109,61;112,40;115,49;117,18;118,89;121,46;123,18;125,48;126,64;;114,60;116,14;120,29;123,71;126,33;128,71;132,88;135,87;138,41;139,76;;109,21;110,44;113,57;116,69;118,62;120,06;122,50;124,23;126,30;127,32;;;;;;;;;;;
2020-01-04;;108,23;109,61;112,39;115,48;117,18;118,89;121,45;123,18;125,48;126,64;;114,59;116,14;120,29;123,71;126,33;128,71;132,88;135,87;138,41;139,76;;109,21;110,44;113,57;116,69;118,62;120,06;122,50;124,23;126,30;127,32;;;;;;;;;;;
2020-01-05;;108,23;109,61;112,39;115,48;117,18;118,88;121,45;123,17;125,48;126,63;;114,59;116,14;120,29;123,71;126,33;128,71;132,88;135,87;138,41;139,76;;109,21;110,44;113,57;116,69;118,62;120,06;122,50;124,23;126,30;127,31;;;;;;;;;;;
2020-01-06;;108,16;109,54;112,31;115,38;117,06;118,76;121,31;123,02;125,31;126,45;;114,61;116,10;120,24;123,53;126,11;128,45;132,57;135,53;137,99;139,28;;109,19;110,38;113,48;116,55;118,44;119,85;122,23;123,93;125,93;126,88;;;;;;;;;;;
2020-01-07;;108,11;109,51;112,33;115,46;117,19;118,91;121,52;123,27;125,61;126,78;;114,56;116,06;120,21;123,60;126,20;128,58;132,74;135,72;138,22;139,54;;109,15;110,38;113,51;116,63;118,55;120,00;122,43;124,13;126,18;127,17;;;;;;;;;;;
2020-01-08;;108,05;109,48;112,35;115,55;117,31;119,08;121,74;123,53;125,93;127,13;;114,52;116,05;120,28;123,67;126,32;128,72;132,95;135,99;138,52;139,87;;109,10;110,33;113,52;116,69;118,65;120,11;122,59;124,35;126,43;127,43;;;;;;;;;;;
2020-01-09;;108,10;109,57;112,53;115,83;117,65;119,47;122,23;124,09;126,57;127,82;;114,46;116,08;120,42;123,98;126,72;129,19;133,55;136,70;139,35;140,79;;109,06;110,34;113,65;116,96;118,99;120,52;123,11;124,97;127,17;128,25;;;;;;;;;;;
2020-01-10;;108,19;109,65;112,58;115,84;117,64;119,44;122,16;123,99;126,44;127,67;;114,51;116,13;120,44;123,99;126,73;129,18;133,51;136,64;139,28;140,71;;109,12;110,40;113,71;116,99;119,01;120,54;123,11;124,96;127,14;128,22;;;;;;;;;;;
2020-01-11;;108,19;109,65;112,58;115,84;117,63;119,44;122,16;123,99;126,44;127,67;;114,51;116,13;120,44;123,99;126,73;129,18;133,51;136,64;139,28;140,71;;109,12;110,40;113,71;116,98;119,01;120,54;123,11;124,95;127,14;128,21;;;;;;;;;;;
2020-01-12;;108,19;109,65;112,58;115,84;117,63;119,44;122,16;123,99;126,44;127,67;;114,51;116,13;120,44;123,99;126,73;129,18;133,51;136,63;139,27;140,71;;109,12;110,40;113,71;116,98;119,01;120,54;123,11;124,95;127,14;128,21;;;;;;;;;;;
2020-01-13;;108,15;109,62;112,59;115,90;117,71;119,54;122,31;124,16;126,65;127,90;;114,33;115,99;120,36;123,94;126,72;129,20;133,59;136,76;139,44;140,92;;108,96;110,25;113,59;116,92;118,98;120,53;123,14;125,04;127,27;128,37;;;;;;;;;;;
2020-01-14;;108,25;109,72;112,70;116,01;117,84;119,67;122,45;124,31;126,80;128,06;;114,38;116,02;120,38;123,97;126,74;129,22;133,61;136,78;139,45;140,89;;108,99;110,29;113,63;116,96;119,02;120,57;123,18;125,06;127,29;128,37;;;;;;;;;;;
2020-01-15;;108,36;109,83;112,78;116,06;117,86;119,68;122,42;124,26;126,73;127,97;;114,56;116,19;120,55;124,09;126,85;129,32;133,68;136,84;139,50;140,94;;109,16;110,44;113,79;117,10;119,14;120,68;123,28;125,15;127,36;128,43;;;;;;;;;;;
2020-01-16;;108,44;109,95;112,99;116,38;118,24;120,12;122,96;124,86;127,42;128,71;;114,66;116,32;120,74;124,31;127,11;129,61;134,05;137,26;139,95;141,42;;109,25;110,54;113,96;117,33;119,40;120,98;123,63;125,55;127,79;128,88;;;;;;;;;;;
2020-01-17;;108,52;110,07;113,21;116,70;118,63;120,57;123,50;125,47;128,12;129,46;;114,85;116,56;121,09;124,79;127,68;130,25;134,81;138,11;140,92;142,44;;109,42;110,76;114,27;117,76;119,91;121,55;124,31;126,30;128,65;129,78;;;;;;;;;;;
2020-01-18;;108,52;110,07;113,21;116,70;118,62;120,56;123,50;125,47;128,12;129,46;;114,84;116,56;121,09;124,79;127,67;130,25;134,81;138,11;140,91;142,44;;109,41;110,75;114,27;117,76;119,91;121,55;124,31;126,30;128,64;129,78;;;;;;;;;;;
2020-01-19;;108,52;110,07;113,20;116,70;118,62;120,56;123,50;125,47;128,12;129,45;;114,84;116,56;121,09;124,79;127,67;130,25;134,81;138,11;140,91;142,44;;109,41;110,75;114,27;117,76;119,90;121,55;124,31;126,30;128,64;129,78;;;;;;;;;;;
2020-01-20;;108,55;110,11;113,25;116,76;118,69;120,64;123,58;125,56;128,23;129,57;;114,91;116,62;121,15;124,88;127,76;130,34;134,91;138,21;141,01;142,53;;109,47;110,82;114,33;117,83;119,98;121,63;124,39;126,38;128,72;129,87;;;;;;;;;;;
2020-01-21;;108,71;110,24;113,32;116,75;118,64;120,54;123,41;125,35;127,94;129,24;;115,00;116,63;121,09;124,70;127,50;130,03;134,50;137,73;140,42;141,86;;109,53;110,85;114,26;117,68;119,77;121,36;124,04;125,95;128,19;129,27;;;;;;;;;;;
2020-01-22;;108,82;110,35;113,45;116,91;118,81;120,73;123,63;125,58;128,19;129,51;;115,08;116,74;121,21;124,88;127,70;130,25;134,75;138,00;140,72;142,18;;109,62;110,95;114,40;117,84;119,96;121,57;124,27;126,20;128,48;129,59;;;;;;;;;;;
2020-01-23;;109,04;110,58;113,67;117,11;119,01;120,92;123,81;125,76;128,36;129,67;;115,40;117,01;121,46;125,08;127,88;130,39;134,86;138,10;140,70;142,11;;109,88;111,20;114,63;118,04;120,13;121,71;124,37;126,27;128,48;129,54;;;;;;;;;;;
2020-01-24;;109,15;110,66;113,70;117,10;118,97;120,85;123,69;125,60;128,16;129,45;;115,46;117,06;121,49;125,11;127,88;130,40;134,84;138,04;140,70;142,12;;109,96;111,27;114,67;118,06;120,13;121,71;124,36;126,24;128,46;129,53;;;;;;;;;;;
2020-01-25;;109,15;110,66;113,70;117,10;118,96;120,85;123,69;125,60;128,16;129,44;;115,46;117,06;121,49;125,11;127,88;130,40;134,84;138,04;140,70;142,12;;109,96;111,27;114,67;118,06;120,13;121,71;124,36;126,24;128,46;129,53;;;;;;;;;;;
2020-01-26;;109,14;110,65;113,70;117,09;118,96;120,84;123,69;125,59;128,16;129,44;;115,45;117,06;121,49;125,11;127,88;130,40;134,84;138,04;140,70;142,11;;109,95;111,27;114,67;118,06;120,13;121,71;124,36;126,24;128,46;129,53;;;;;;;;;;;
2020-01-27;;109,28;110,68;113,51;116,65;118,38;120,11;122,72;124,47;126,81;127,98;;115,62;117,11;121,29;124,66;127,27;129,59;133,75;136,76;139,11;140,38;;110,11;111,32;114,52;117,64;119,57;120,99;123,39;125,10;127,06;128,02;;;;;;;;;;;
2020-01-28;;109,24;110,70;113,64;116,91;118,71;120,52;123,24;125,07;127,53;128,76;;115,65;117,18;121,50;124,92;127,60;129,99;134,27;137,39;139,81;141,10;;110,12;111,36;114,64;117,89;119,87;121,34;123,83;125,62;127,65;128,61;;;;;;;;;;;
2020-01-29;;109,45;110,91;113,84;117,09;118,88;120,68;123,39;125,21;127,65;128,87;;115,87;117,39;121,71;125,13;127,81;130,21;134,48;137,59;140,00;141,27;;110,33;111,58;114,84;118,08;120,07;121,53;124,02;125,79;127,81;128,76;;;;;;;;;;;
2020-01-30;;109,44;110,87;113,75;116,94;118,70;120,46;123,13;124,91;127,30;128,49;;115,99;117,39;121,62;124,88;127,45;129,78;133,93;136,97;139,19;140,32;;110,38;111,58;114,74;117,88;119,79;121,18;123,55;125,23;127,10;127,94;;;;;;;;;;;
2020-01-31;;109,38;110,71;113,37;116,31;117,92;119,54;121,97;123,60;125,77;126,86;;115,86;117,16;121,15;124,24;126,66;128,86;132,77;135,61;137,67;138,70;;110,30;111,44;114,40;117,30;119,08;120,36;122,54;124,05;125,76;126,53;;;;;;;;;;;
2020-02-01;;109,38;110,70;113,37;116,31;117,92;119,54;121,97;123,60;125,77;126,86;;115,86;117,16;121,15;124,24;126,66;128,85;132,77;135,61;137,67;138,70;;110,30;111,44;114,40;117,30;119,08;120,36;122,54;124,05;125,76;126,53;;;;;;;;;;;
2020-02-02;;109,38;110,70;113,36;116,31;117,92;119,54;121,97;123,60;125,77;126,86;;115,86;117,16;121,15;124,24;126,66;128,85;132,77;135,60;137,67;138,70;;110,30;111,44;114,40;117,30;119,08;120,36;122,53;124,05;125,75;126,53;;;;;;;;;;;
2020-02-03;;109,42;110,78;113,51;116,55;118,21;119,88;122,39;124,07;126,32;127,44;;115,89;117,21;121,28;124,39;126,85;129,09;133,08;135,98;138,08;139,12;;110,30;111,45;114,46;117,43;119,25;120,55;122,79;124,35;126,09;126,87;;;;;;;;;;;
2020-02-04;;109,42;110,88;113,82;117,09;118,89;120,69;123,42;125,24;127,69;128,92;;116,07;117,53;121,84;125,15;127,79;130,15;134,38;137,47;139,79;140,97;;110,48;111,70;114,90;118,11;120,06;121,47;123,91;125,64;127,59;128,46;;;;;;;;;;;
2020-02-05;;109,40;110,94;114,05;117,52;119,42;121,34;124,24;126,19;128,81;130,12;;116,14;117,67;122,17;125,66;128,41;130,91;135,34;138,57;141,05;142,30;;110,52;111,82;115,18;118,59;120,65;122,17;124,78;126,63;128,72;129,65;;;;;;;;;;;
2020-02-06;;109,53;111,11;114,31;117,87;119,83;121,81;124,80;126,81;129,51;130,87;;116,19;117,78;122,36;126,04;128,86;131,43;135,98;139,28;141,88;143,21;;110,58;111,94;115,41;118,92;121,06;122,65;125,37;127,29;129,49;130,51;;;;;;;;;;;
2020-02-07;;109,71;111,26;114,38;117,87;119,79;121,72;124,64;126,61;129,24;130,56;;116,24;117,78;122,29;125,91;128,68;131,21;135,69;138,94;141,46;142,75;;110,62;111,97;115,36;118,81;120,90;122,46;125,11;126,98;129,12;130,10;;;;;;;;;;;
2020-02-08;;109,70;111,25;114,38;117,87;119,79;121,72;124,64;126,60;129,24;130,56;;116,24;117,78;122,29;125,91;128,68;131,21;135,69;138,93;141,46;142,75;;110,62;111,96;115,36;118,81;120,90;122,46;125,11;126,98;129,12;130,10;;;;;;;;;;;
2020-02-09;;109,70;111,25;114,38;117,87;119,79;121,72;124,64;126,60;129,24;130,56;;116,24;117,78;122,29;125,91;128,68;131,21;135,69;138,93;141,46;142,74;;110,62;111,96;115,36;118,80;120,90;122,46;125,11;126,98;129,11;130,10;;;;;;;;;;;
2020-02-10;;109,94;111,53;114,73;118,30;120,27;122,25;125,25;127,27;129,98;131,34;;116,51;118,06;122,64;126,28;129,09;131,64;136,18;139,49;142,01;143,29;;110,83;112,19;115,64;119,15;121,28;122,85;125,55;127,45;129,60;130,59;;;;;;;;;;;
2020-02-11;;109,94;111,52;114,73;118,30;120,27;122,25;125,25;127,27;129,98;131,34;;116,51;118,06;122,64;126,28;129,08;131,63;136,18;139,49;142,01;143,29;;110,83;112,19;115,64;119,15;121,28;122,85;125,55;127,45;129,60;130,59;;;;;;;;;;;
2020-02-12;;109,92;111,58;114,94;118,70;120,78;122,87;126,04;128,17;131,04;132,49;;116,59;118,26;123,02;126,82;129,77;132,43;137,16;140,61;143,34;144,77;;110,93;112,33;115,97;119,67;121,89;123,57;126,44;128,48;130,81;131,89;;;;;;;;;;;
2020-02-13;;109,99;111,67;115,06;118,85;120,94;123,05;126,25;128,41;131,31;132,77;;116,77;118,44;123,23;127,04;130,00;132,67;137,42;140,89;143,60;145,03;;111,09;112,50;116,17;119,88;122,12;123,81;126,69;128,74;131,07;132,14;;;;;;;;;;;
2020-02-14;;110,08;111,76;115,15;118,95;121,05;123,16;126,37;128,53;131,43;132,89;;116,83;118,50;123,29;127,09;130,05;132,71;137,46;140,93;143,63;145,05;;111,15;112,56;116,23;119,94;122,18;123,86;126,74;128,79;131,11;132,18;;;;;;;;;;;
2020-02-15;;110,08;111,76;115,15;118,95;121,05;123,16;126,37;128,53;131,43;132,89;;116,83;118,50;123,29;127,09;130,05;132,71;137,46;140,93;143,63;145,05;;111,15;112,56;116,23;119,94;122,18;123,86;126,74;128,79;131,11;132,18;;;;;;;;;;;
2020-02-16;;110,08;111,75;115,15;118,95;121,05;123,16;126,37;128,52;131,43;132,89;;116,83;118,50;123,29;127,09;130,05;132,70;137,46;140,93;143,63;145,05;;111,15;112,56;116,23;119,94;122,18;123,86;126,73;128,79;131,11;132,18;;;;;;;;;;;
2020-02-17;;110,12;111,81;115,21;119,02;121,13;123,25;126,47;128,63;131,55;133,01;;116,92;118,61;123,43;127,20;130,18;132,85;137,61;141,11;143,82;145,25;;111,23;112,63;116,33;120,05;122,29;123,98;126,87;128,94;131,28;132,34;;;;;;;;;;;
2020-02-18;;110,19;111,85;115,21;118,96;121,03;123,12;126,29;128,42;131,28;132,72;;116,84;118,48;123,24;126,90;129,83;132,45;137,14;140,58;143,22;144,61;;111,15;112,50;116,14;119,80;121,99;123,64;126,46;128,49;130,75;131,77;;;;;;;;;;;
2020-02-19;;110,31;112,01;115,45;119,30;121,42;123,57;126,82;129,01;131,96;133,44;;117,02;118,72;123,58;127,31;130,31;132,98;137,78;141,30;144,03;145,48;;111,32;112,69;116,42;120,17;122,42;124,10;127,01;129,11;131,45;132,52;;;;;;;;;;;
2020-02-20;;110,40;112,06;115,42;119,17;121,24;123,33;126,49;128,62;131,48;132,92;;117,11;118,74;123,51;127,11;130,04;132,63;137,31;140,75;143,34;144,72;;111,40;112,72;116,36;120,01;122,18;123,80;126,60;128,62;130,85;131,85;;;;;;;;;;;
2020-02-21;;110,40;111,98;115,19;118,75;120,72;122,70;125,69;127,70;130,40;131,76;;116,90;118,46;123,07;126,54;129,35;131,86;136,37;139,68;142,15;143,46;;111,23;112,50;116,00;119,48;121,57;123,11;125,78;127,69;129,79;130,74;;;;;;;;;;;
2020-02-22;;110,40;111,98;115,18;118,75;120,72;122,70;125,69;127,70;130,40;131,76;;116,90;118,46;123,06;126,53;129,35;131,86;136,36;139,67;142,15;143,46;;111,23;112,50;116,00;119,48;121,57;123,11;125,78;127,68;129,79;130,74;;;;;;;;;;;
2020-02-23;;110,40;111,98;115,18;118,75;120,71;122,69;125,69;127,70;130,40;131,75;;116,90;118,45;123,06;126,53;129,35;131,86;136,36;139,67;142,15;143,45;;111,22;112,50;115,99;119,48;121,57;123,11;125,78;127,68;129,79;130,73;;;;;;;;;;;
2020-02-24;;110,17;111,57;114,38;117,49;119,20;120,91;123,49;125,21;127,52;128,67;;116,36;117,71;121,85;125,02;127,54;129,78;133,85;136,80;138,88;140,00;;110,76;111,91;115,02;118,06;119,92;121,24;123,53;125,14;126,89;127,72;;;;;;;;;;;
2020-02-25;;109,89;111,13;113,61;116,34;117,83;119,32;121,56;123,05;125,03;126,01;;115,96;117,25;121,08;123,92;126,28;128,30;132,02;134,73;136,62;137,69;;110,48;111,48;114,32;117,02;118,70;119,83;121,83;123,28;124,82;125,58;;;;;;;;;;;
2020-02-26;;109,66;110,88;113,31;115,98;117,44;118,90;121,08;122,54;124,47;125,44;;115,71;116,96;120,76;123,52;125,84;127,85;131,52;134,20;136,05;137,08;;110,21;111,19;113,96;116,63;118,27;119,37;121,33;122,75;124,25;124,97;;;;;;;;;;;
2020-02-27;;109,02;109,96;111,84;113,88;114,98;116,07;117,69;118,76;120,17;120,86;;114,80;115,84;119,04;121,27;123,23;124,88;127,95;130,17;131,63;132,50;;109,44;110,18;112,47;114,53;115,84;116,66;118,12;119,19;120,30;120,88;;;;;;;;;;;
2020-02-28;;109,10;109,94;111,59;113,38;114,33;115,28;116,68;117,59;118,79;119,38;;114,58;115,48;118,46;120,43;122,24;123,69;126,53;128,61;129,70;130,44;;109,19;109,82;111,88;113,71;114,89;115,52;116,75;117,67;118,53;118,99;;;;;;;;;;;
2020-02-29;;109,10;109,93;111,59;113,37;114,33;115,28;116,67;117,59;118,79;119,38;;114,58;115,48;118,46;120,43;122,24;123,69;126,53;128,61;129,70;130,44;;109,19;109,82;111,88;113,71;114,89;115,51;116,74;117,67;118,53;118,99;;;;;;;;;;;
2020-03-01;;109,10;109,93;111,59;113,37;114,33;115,28;116,67;117,59;118,79;119,38;;114,58;115,48;118,46;120,42;122,23;123,68;126,53;128,60;129,70;130,44;;109,19;109,82;111,88;113,70;114,89;115,51;116,74;117,67;118,52;118,99;;;;;;;;;;;
2020-03-02;;109,40;110,35;112,23;114,28;115,39;116,48;118,11;119,18;120,59;121,28;;114,99;115,92;119,14;121,19;123,12;124,66;127,71;129,97;131,07;131,81;;109,49;110,17;112,39;114,43;115,72;116,40;117,78;118,82;119,74;120,21;;;;;;;;;;;
2020-03-03;;109,47;110,29;111,92;113,68;114,63;115,56;116,93;117,82;119,00;119,58;;115,11;116,03;119,04;120,92;122,74;124,19;127,01;129,10;130,23;130,97;;109,73;110,32;112,38;114,20;115,36;115,97;117,20;118,13;118,98;119,41;;;;;;;;;;;
2020-03-04;;109,97;110,98;112,99;115,17;116,35;117,52;119,26;120,40;121,91;122,66;;115,68;116,72;120,17;122,34;124,40;126,06;129,28;131,69;132,99;133,81;;110,19;110,91;113,29;115,53;116,91;117,66;119,20;120,37;121,42;121,92;;;;;;;;;;;
2020-03-05;;109,80;110,65;112,33;114,15;115,12;116,08;117,49;118,42;119,63;120,22;;115,33;116,26;119,27;121,22;123,06;124,54;127,42;129,51;130,70;131,52;;109,95;110,56;112,62;114,47;115,66;116,29;117,56;118,50;119,41;119,92;;;;;;;;;;;
2020-03-06;;109,80;110,45;111,73;113,08;113,80;114,49;115,51;116,16;117,01;117,42;;114,52;115,25;117,92;119,49;121,09;122,30;124,80;126,63;127,41;128,04;;109,18;109,63;111,38;112,87;113,85;114,25;115,18;115,90;116,45;116,81;;;;;;;;;;;
2020-03-07;;109,79;110,45;111,72;113,08;113,79;114,49;115,51;116,16;117,01;117,42;;114,52;115,25;117,91;119,49;121,09;122,30;124,80;126,63;127,41;128,04;;109,18;109,63;111,38;112,87;113,85;114,25;115,18;115,90;116,45;116,81;;;;;;;;;;;
2020-03-08;;109,79;110,45;111,72;113,08;113,79;114,49;115,51;116,16;117,00;117,41;;114,52;115,24;117,91;119,49;121,08;122,30;124,80;126,63;127,41;128,04;;109,17;109,62;111,38;112,87;113,85;114,25;115,18;115,90;116,45;116,81;;;;;;;;;;;
2020-03-09;;108,55;108,75;109,10;109,42;109,56;109,68;109,81;109,87;109,91;109,92;;112,68;112,94;114,60;115,31;116,28;116,90;118,46;119,56;119,58;119,88;;107,45;107,52;108,38;108,90;109,34;109,23;109,36;109,49;109,35;109,46;;;;;;;;;;;
2020-03-10;;108,18;108,62;109,47;110,34;110,78;111,19;111,78;112,13;112,58;112,78;;113,05;113,46;115,55;116,57;117,81;118,58;120,54;121,97;122,04;122,44;;107,68;107,89;109,13;110,06;110,73;110,77;111,19;111,57;111,61;111,80;;;;;;;;;;;
2020-03-11;;107,40;107,67;108,18;108,66;108,89;109,09;109,36;109,50;109,66;109,72;;112,65;112,96;114,70;115,42;116,46;117,05;118,65;119,83;119,75;120,07;;107,34;107,40;108,36;108,93;109,40;109,28;109,42;109,61;109,47;109,58;;;;;;;;;;;
2020-03-12;;105,22;105,09;104,80;104,39;104,13;103,85;103,38;103,04;102,55;102,28;;109,89;109,82;110,57;110,55;111,05;111,05;111,85;112,40;111,62;111,73;;104,73;104,45;104,57;104,22;104,25;103,66;103,09;102,82;102,13;102,08;;;;;;;;;;;
2020-03-13;;105,46;105,69;106,10;106,46;106,62;106,75;106,90;106,96;107,00;107,00;;110,33;110,48;112,02;112,20;113,14;113,39;114,80;115,89;115,21;115,40;;104,89;104,75;105,51;105,85;106,19;105,82;105,70;105,82;105,39;105,33;;;;;;;;;;;
2020-03-14;;105,46;105,69;106,10;106,46;106,62;106,75;106,90;106,96;107,00;107,00;;110,33;110,47;112,02;112,20;113,14;113,39;114,80;115,89;115,21;115,40;;104,89;104,75;105,51;105,84;106,19;105,82;105,70;105,81;105,39;105,33;;;;;;;;;;;
2020-03-15;;105,46;105,69;106,10;106,46;106,62;106,75;106,90;106,96;107,00;107,00;;110,33;110,47;112,01;112,20;113,13;113,39;114,80;115,89;115,21;115,40;;104,89;104,75;105,51;105,84;106,19;105,82;105,70;105,81;105,39;105,33;;;;;;;;;;;
2020-03-16;;104,08;103,77;103,09;102,26;101,76;101,24;100,40;99,80;98,97;98,54;;107,24;106,98;107,48;107,02;107,33;107,19;107,72;108,06;107,11;107,11;;102,14;101,70;101,53;100,93;100,77;100,03;99,26;98,82;97,96;97,81;;;;;;;;;;;
2020-03-17;;103,84;103,89;103,92;103,84;103,76;103,64;103,40;103,20;102,88;102,70;;107,59;107,49;108,61;108,61;109,24;109,39;110,47;111,22;110,45;110,55;;102,17;101,96;102,35;102,36;102,51;102,04;101,71;101,55;100,99;100,93;;;;;;;;;;;
2020-03-18;;103,84;103,89;103,92;103,84;103,76;103,64;103,40;103,20;102,88;102,70;;107,59;107,49;108,61;108,60;109,24;109,39;110,47;111,22;110,45;110,55;;102,11;101,91;102,30;102,31;102,46;101,98;101,65;101,50;100,95;100,90;;;;;;;;;;;
2020-03-19;;102,09;102,12;102,12;102,01;101,90;101,77;101,50;101,28;100,94;100,75;;106,43;106,21;107,32;107,34;107,88;108,00;108,98;109,68;108,77;108,69;;101,01;100,83;101,09;101,08;101,20;100,64;100,24;100,01;99,30;99,14;;;;;;;;;;;
2020-03-20;;102,73;102,58;102,21;101,70;101,37;101,02;100,43;100,00;99,37;99,04;;106,87;106,73;107,58;107,45;107,92;107,92;108,65;109,18;108,35;108,40;;101,56;101,25;101,33;101,05;101,04;100,38;99,81;99,50;98,80;98,69;;;;;;;;;;;
2020-03-21;;102,73;102,58;102,21;101,70;101,37;101,02;100,43;100,00;99,37;99,04;;106,87;106,73;107,58;107,45;107,92;107,92;108,65;109,18;108,35;108,40;;101,56;101,25;101,33;101,05;101,04;100,38;99,81;99,50;98,80;98,69;;;;;;;;;;;
2020-03-22;;102,73;102,58;102,21;101,70;101,37;101,02;100,43;99,99;99,37;99,04;;106,87;106,73;107,58;107,45;107,92;107,92;108,65;109,17;108,35;108,40;;101,56;101,24;101,32;101,05;101,04;100,38;99,81;99,50;98,79;98,69;;;;;;;;;;;
2020-03-23;;102,50;102,15;101,38;100,43;99,88;99,29;98,36;97,70;96,78;96,30;;106,04;105,62;106,06;105,63;105,80;105,60;105,99;106,24;105,09;104,92;;100,72;100,29;99,93;99,28;99,07;98,20;97,33;96,78;95,78;95,55;;;;;;;;;;;
2020-03-24;;103,53;103,61;103,71;103,69;103,63;103,54;103,33;103,14;102,84;102,66;;106,92;106,89;108,29;108,62;109,32;109,64;110,84;111,66;111,10;111,20;;101,42;101,35;101,82;102,09;102,34;101,90;101,73;101,63;101,18;101,17;;;;;;;;;;;
2020-03-25;;104,03;104,22;104,52;104,73;104,79;104,82;104,79;104,72;104,57;104,47;;107,04;107,19;108,81;109,64;110,52;111,05;112,51;113,49;113,26;113,52;;101,68;101,81;102,56;103,10;103,54;103,31;103,39;103,44;103,23;103,38;;;;;;;;;;;
2020-03-26;;105,01;105,34;105,91;106,43;106,66;106,85;107,07;107,17;107,24;107,25;;108,62;108,83;110,83;111,72;112,75;113,41;115,10;116,31;116,09;116,28;;103,11;103,30;104,30;105,13;105,69;105,53;105,78;105,96;105,79;105,85;;;;;;;;;;;
2020-03-27;;105,11;105,26;105,46;105,57;105,57;105,53;105,41;105,28;105,05;104,91;;108,70;108,76;110,31;111,11;111,91;112,38;113,74;114,67;114,24;114,30;;103,25;103,40;104,01;104,46;104,86;104,56;104,52;104,48;104,11;104,13;;;;;;;;;;;
2020-03-28;;105,11;105,25;105,46;105,56;105,57;105,53;105,41;105,28;105,05;104,91;;108,70;108,76;110,31;111,11;111,91;112,37;113,74;114,67;114,24;114,30;;103,25;103,40;104,01;104,46;104,86;104,56;104,52;104,48;104,11;104,13;;;;;;;;;;;
2020-03-29;;105,11;105,25;105,46;105,56;105,57;105,53;105,41;105,28;105,05;104,91;;108,70;108,76;110,31;111,11;111,90;112,37;113,74;114,67;114,23;114,29;;103,24;103,40;104,01;104,46;104,86;104,56;104,51;104,47;104,11;104,13;;;;;;;;;;;
2020-03-30;;105,57;105,85;106,34;106,76;106,93;107,07;107,20;107,23;107,22;107,19;;109,13;109,23;111,07;112,00;112,93;113,53;115,14;116,26;115,88;115,93;;103,50;103,74;104,63;105,35;105,88;105,71;105,86;105,93;105,68;105,69;;;;;;;;;;;
2020-03-31;;105,45;105,71;106,16;106,54;106,69;106,80;106,89;106,90;106,86;106,81;;108,59;108,78;110,64;111,59;112,56;113,21;114,84;115,96;115,78;115,97;;103,17;103,39;104,30;105,04;105,57;105,43;105,63;105,75;105,57;105,67;;;;;;;;;;;
2020-04-01;;105,07;105,15;105,22;105,18;105,10;104,98;104,73;104,52;104,17;103,98;;107,96;108,01;109,47;110,06;110,81;111,22;112,49;113,35;112,93;113,03;;102,65;102,71;103,37;103,71;104,04;103,75;103,64;103,57;103,15;103,16;;;;;;;;;;;
2020-04-02;;105,35;105,52;105,78;105,95;105,98;105,98;105,90;105,80;105,60;105,48;;108,31;108,46;110,16;110,84;111,74;112,22;113,67;114,70;114,33;114,49;;102,91;103,00;103,83;104,37;104,80;104,55;104,58;104,64;104,33;104,36;;;;;;;;;;;
2020-04-03;;105,23;105,35;105,51;105,57;105,55;105,49;105,32;105,16;104,89;104,73;;108,15;108,28;109,89;110,51;111,37;111,81;113,18;114,16;113,75;113,88;;102,73;102,80;103,54;104,00;104,39;104,10;104,07;104,09;103,76;103,77;;;;;;;;;;;
2020-04-04;;105,22;105,35;105,51;105,57;105,55;105,49;105,32;105,16;104,89;104,73;;108,15;108,28;109,89;110,51;111,36;111,81;113,18;114,16;113,74;113,88;;102,73;102,79;103,54;104,00;104,39;104,10;104,07;104,09;103,76;103,77;;;;;;;;;;;
2020-04-05;;105,22;105,35;105,51;105,57;105,55;105,49;105,32;105,16;104,89;104,73;;108,14;108,28;109,88;110,51;111,36;111,81;113,18;114,16;113,74;113,88;;102,73;102,79;103,54;104,00;104,38;104,10;104,07;104,09;103,76;103,77;;;;;;;;;;;
2020-04-06;;106,07;106,51;107,33;108,10;108,46;108,78;109,19;109,41;109,64;109,73;;109,12;109,47;111,73;112,89;114,12;114,89;116,87;118,29;118,17;118,44;;103,42;103,75;105,07;106,17;106,90;106,91;107,36;107,71;107,74;107,88;;;;;;;;;;;
2020-04-07;;105,97;106,40;107,20;107,95;108,30;108,61;109,00;109,21;109,42;109,50;;108,65;109,08;111,35;112,65;113,91;114,77;116,80;118,22;118,32;118,72;;103,14;103,50;104,86;106,01;106,77;106,85;107,38;107,77;107,91;108,15;;;;;;;;;;;
2020-04-08;;106,20;106,78;107,87;108,95;109,48;109,97;110,63;111,02;111,48;111,68;;109,04;109,51;112,02;113,53;114,92;115,90;118,18;119,79;119,93;120,32;;103,39;103,88;105,40;106,80;107,70;107,89;108,60;109,11;109,36;109,62;;;;;;;;;;;
2020-04-09;;106,87;107,47;108,59;109,70;110,25;110,77;111,46;111,87;112,35;112,56;;109,69;110,19;112,77;114,25;115,68;116,68;119,01;120,65;120,84;121,25;;104,02;104,49;106,10;107,54;108,46;108,68;109,42;109,96;110,24;110,50;;;;;;;;;;;
2020-04-10;;106,87;107,46;108,59;109,70;110,25;110,76;111,46;111,87;112,35;112,56;;109,68;110,19;112,77;114,24;115,67;116,68;119,00;120,65;120,84;121,25;;104,02;104,49;106,10;107,54;108,45;108,68;109,42;109,96;110,24;110,50;;;;;;;;;;;
2020-04-11;;106,86;107,46;108,59;109,70;110,25;110,76;111,46;111,87;112,35;112,56;;109,68;110,18;112,76;114,24;115,67;116,68;119,00;120,65;120,84;121,25;;104,02;104,49;106,10;107,54;108,45;108,67;109,42;109,96;110,24;110,49;;;;;;;;;;;
2020-04-12;;106,86;107,46;108,58;109,70;110,25;110,76;111,45;111,86;112,35;112,56;;109,68;110,18;112,76;114,24;115,67;116,68;119,00;120,65;120,84;121,25;;104,02;104,49;106,10;107,54;108,45;108,67;109,42;109,95;110,24;110,49;;;;;;;;;;;
2020-04-13;;106,86;107,46;108,58;109,70;110,25;110,76;111,45;111,86;112,34;112,56;;109,68;110,18;112,76;114,24;115,67;116,68;119,00;120,65;120,84;121,25;;104,01;104,48;106,10;107,54;108,45;108,67;109,42;109,95;110,24;110,49;;;;;;;;;;;
2020-04-14;;106,86;107,46;108,58;109,69;110,25;110,76;111,45;111,86;112,34;112,56;;109,68;110,18;112,76;114,24;115,67;116,68;119,00;120,65;120,84;121,24;;104,01;104,48;106,10;107,53;108,45;108,67;109,42;109,95;110,24;110,49;;;;;;;;;;;
2020-04-15;;107,29;107,86;108,91;109,95;110,46;110,93;111,56;111,92;112,35;112,53;;109,82;110,26;112,67;114,14;115,50;116,43;118,68;120,24;120,32;120,72;;104,14;104,60;106,11;107,43;108,31;108,50;109,16;109,63;109,86;110,14;;;;;;;;;;;
2020-04-16;;107,54;108,14;109,26;110,37;110,92;111,43;112,12;112,52;113,00;113,21;;110,05;110,53;113,04;114,53;115,95;116,91;119,24;120,87;120,96;121,38;;104,36;104,84;106,42;107,82;108,74;108,94;109,66;110,19;110,43;110,71;;;;;;;;;;;
2020-04-17;;107,81;108,54;109,93;111,34;112,06;112,73;113,68;114,25;114,95;115,28;;110,52;111,09;113,88;115,60;117,17;118,30;120,88;122,69;122,97;123,48;;104,77;105,35;107,16;108,83;109,88;110,22;111,15;111,82;112,24;112,60;;;;;;;;;;;
2020-04-18;;107,81;108,54;109,93;111,34;112,06;112,73;113,67;114,25;114,95;115,28;;110,52;111,09;113,87;115,60;117,17;118,29;120,88;122,68;122,97;123,48;;104,77;105,35;107,16;108,83;109,88;110,22;111,15;111,82;112,24;112,60;;;;;;;;;;;
2020-04-19;;107,81;108,54;109,93;111,34;112,06;112,73;113,67;114,25;114,95;115,27;;110,52;111,09;113,87;115,60;117,17;118,29;120,88;122,68;122,97;123,48;;104,77;105,35;107,16;108,82;109,88;110,22;111,15;111,82;112,24;112,60;;;;;;;;;;;
2020-04-20;;107,81;108,54;109,93;111,34;112,05;112,73;113,67;114,25;114,95;115,27;;110,52;111,09;113,87;115,60;117,17;118,29;120,87;122,68;122,97;123,48;;104,75;105,33;107,14;108,81;109,86;110,20;111,14;111,80;112,23;112,59;;;;;;;;;;;
2020-04-21;;107,20;107,71;108,66;109,58;110,02;110,42;110,94;111,24;111,56;111,70;;109,22;109,64;111,96;113,33;114,64;115,54;117,73;119,21;119,32;119,76;;103,63;104,05;105,43;106,67;107,49;107,63;108,25;108,68;108,88;109,19;;;;;;;;;;;
2020-04-22;;107,38;108,02;109,22;110,42;111,01;111,57;112,32;112,77;113,30;113,54;;109,43;109,95;112,54;114,07;115,55;116,59;119,03;120,69;120,98;121,52;;103,74;104,23;105,82;107,31;108,27;108,51;109,35;109,92;110,32;110,69;;;;;;;;;;;
2020-04-23;;107,65;108,29;109,50;110,71;111,31;111,87;112,64;113,09;113,63;113,88;;109,80;110,35;112,98;114,60;116,09;117,18;119,64;121,33;121,66;122,20;;104,10;104,63;106,27;107,80;108,78;109,06;109,92;110,51;110,93;111,30;;;;;;;;;;;
2020-04-24;;107,90;108,58;109,87;111,17;111,82;112,43;113,26;113,77;114,37;114,65;;110,33;110,82;113,49;115,07;116,55;117,61;120,09;121,81;122,00;122,46;;104,53;105,05;106,71;108,26;109,24;109,50;110,34;110,93;111,28;111,59;;;;;;;;;;;
2020-04-25;;107,90;108,58;109,87;111,16;111,81;112,42;113,26;113,77;114,37;114,65;;110,33;110,82;113,49;115,07;116,55;117,61;120,09;121,81;122,00;122,45;;104,53;105,05;106,71;108,26;109,24;109,50;110,34;110,92;111,28;111,59;;;;;;;;;;;
2020-04-26;;107,90;108,58;109,87;111,16;111,81;112,42;113,26;113,77;114,37;114,65;;110,33;110,82;113,49;115,06;116,55;117,61;120,09;121,81;122,00;122,45;;104,52;105,05;106,71;108,26;109,24;109,50;110,34;110,92;111,28;111,59;;;;;;;;;;;
2020-04-27;;107,97;108,75;110,22;111,72;112,49;113,21;114,22;114,85;115,61;115,97;;110,69;111,26;114,09;115,86;117,45;118,61;121,25;123,07;123,41;123,93;;104,85;105,46;107,27;108,98;110,06;110,41;111,40;112,07;112,55;112,93;;;;;;;;;;;
2020-04-28;;108,20;108,97;110,44;111,93;112,69;113,41;114,42;115,04;115,79;116,14;;110,89;111,49;114,33;116,15;117,75;118,96;121,61;123,43;123,89;124,45;;105,06;105,67;107,50;109,23;110,32;110,70;111,71;112,40;112,94;113,36;;;;;;;;;;;
2020-04-29;;108,60;109,49;111,19;112,95;113,85;114,72;115,95;116,72;117,68;118,13;;111,44;112,16;115,26;117,25;119,01;120,35;123,24;125,25;125,85;126,49;;105,55;106,23;108,28;110,26;111,47;111,96;113,17;114,00;114,69;115,15;;;;;;;;;;;
2020-04-30;;108,43;109,21;110,70;112,22;112,99;113,72;114,75;115,38;116,15;116,51;;111,57;112,20;115,05;116,85;118,47;119,64;122,29;124,13;124,52;125,09;;105,75;106,35;108,22;109,94;111,03;111,40;112,39;113,08;113,59;113,99;;;;;;;;;;;
2020-05-01;;108,03;108,65;109,81;110,97;111,54;112,07;112,78;113,20;113,69;113,91;;111,13;111,66;114,22;115,71;117,15;118,17;120,51;122,13;122,39;122,89;;105,41;105,86;107,42;108,84;109,75;109,94;110,69;111,23;111,56;111,87;;;;;;;;;;;
2020-05-02;;108,03;108,65;109,81;110,97;111,54;112,07;112,78;113,20;113,69;113,91;;111,13;111,66;114,22;115,71;117,15;118,17;120,50;122,13;122,39;122,88;;105,40;105,86;107,42;108,83;109,74;109,94;110,69;111,23;111,55;111,87;;;;;;;;;;;
2020-05-03;;108,02;108,65;109,81;110,96;111,54;112,07;112,78;113,20;113,69;113,91;;111,12;111,66;114,22;115,70;117,15;118,16;120,50;122,13;122,39;122,88;;105,40;105,86;107,41;108,83;109,74;109,94;110,69;111,22;111,55;111,87;;;;;;;;;;;
2020-05-04;;108,02;108,65;109,81;110,96;111,53;112,06;112,78;113,20;113,69;113,91;;111,12;111,65;114,22;115,70;117,15;118,16;120,50;122,12;122,39;122,88;;105,41;105,86;107,42;108,84;109,75;109,94;110,69;111,23;111,55;111,87;;;;;;;;;;;
2020-05-05;;108,24;108,99;110,42;111,87;112,61;113,30;114,26;114,85;115,57;115,90;;111,18;111,72;114,47;116,14;117,67;118,79;121,35;123,11;123,40;123,90;;105,36;105,92;107,66;109,29;110,32;110,63;111,54;112,16;112,57;112,93;;;;;;;;;;;
2020-05-06;;107,94;108,70;110,15;111,61;112,36;113,06;114,04;114,64;115,37;115,71;;110,67;111,25;113,99;115,74;117,30;118,43;121,02;122,79;123,14;123,70;;104,94;105,53;107,29;108,95;109,99;110,34;111,28;111,93;112,38;112,78;;;;;;;;;;;
2020-05-07;;108,31;109,12;110,68;112,27;113,08;113,85;114,93;115,60;116,42;116,81;;111,05;111,65;114,52;116,30;117,93;119,12;121,81;123,66;124,05;124,61;;105,26;105,87;107,73;109,49;110,58;110,96;111,98;112,68;113,18;113,58;;;;;;;;;;;
2020-05-08;;108,34;109,20;110,87;112,59;113,47;114,31;115,50;116,24;117,16;117,59;;111,27;111,91;114,88;116,80;118,48;119,74;122,54;124,46;124,93;125,53;;105,47;106,13;108,07;109,94;111,10;111,54;112,65;113,40;113,97;114,41;;;;;;;;;;;
2020-05-09;;108,33;109,20;110,87;112,58;113,47;114,31;115,50;116,24;117,16;117,59;;111,27;111,90;114,88;116,80;118,48;119,74;122,53;124,46;124,93;125,53;;105,47;106,13;108,07;109,94;111,10;111,53;112,64;113,40;113,97;114,41;;;;;;;;;;;
2020-05-10;;108,33;109,20;110,87;112,58;113,46;114,31;115,50;116,24;117,16;117,59;;111,26;111,90;114,88;116,80;118,48;119,74;122,53;124,46;124,92;125,52;;105,46;106,13;108,07;109,94;111,10;111,53;112,64;113,40;113,97;114,41;;;;;;;;;;;
2020-05-11;;108,20;109,10;110,82;112,61;113,53;114,41;115,66;116,45;117,42;117,88;;111,13;111,81;114,81;116,81;118,53;119,81;122,66;124,62;125,12;125,77;;105,36;106,05;108,05;109,97;111,16;111,63;112,78;113,58;114,19;114,67;;;;;;;;;;;
2020-05-12;;108,06;108,86;110,37;111,92;112,71;113,46;114,51;115,15;115,94;116,31;;110,87;111,47;114,29;116,13;117,72;118,93;121,59;123,39;123,85;124,44;;105,18;105,80;107,63;109,36;110,45;110,84;111,85;112,53;113,03;113,47;;;;;;;;;;;
2020-05-13;;107,98;108,69;110,03;111,38;112,06;112,70;113,57;114,10;114,74;115,03;;110,79;111,36;114,02;115,78;117,30;118,38;120,88;122,58;122,91;123,48;;105,16;105,73;107,43;108,99;110,01;110,31;111,19;111,79;112,18;112,61;;;;;;;;;;;
2020-05-14;;108,08;108,81;110,18;111,56;112,26;112,92;113,82;114,37;115,03;115,34;;110,77;111,31;113,99;115,67;117,20;118,24;120,75;122,48;122,65;123,18;;105,05;105,60;107,29;108,86;109,88;110,13;110,98;111,60;111,93;112,31;;;;;;;;;;;
2020-05-15;;108,10;108,85;110,27;111,71;112,44;113,12;114,08;114,66;115,36;115,68;;110,74;111,29;114,01;115,73;117,28;118,35;120,91;122,67;122,88;123,42;;105,03;105,60;107,33;108,96;110,00;110,28;111,17;111,81;112,16;112,56;;;;;;;;;;;
2020-05-16;;108,10;108,85;110,27;111,71;112,44;113,12;114,07;114,66;115,36;115,68;;110,74;111,29;114,01;115,73;117,28;118,35;120,90;122,67;122,87;123,42;;105,03;105,60;107,33;108,95;109,99;110,28;111,17;111,80;112,16;112,56;;;;;;;;;;;
2020-05-17;;108,10;108,84;110,27;111,71;112,43;113,12;114,07;114,65;115,36;115,68;;110,74;111,29;114,01;115,73;117,28;118,34;120,90;122,66;122,87;123,42;;105,03;105,59;107,33;108,95;109,99;110,27;111,17;111,80;112,16;112,56;;;;;;;;;;;
2020-05-18;;108,36;109,26;111,00;112,79;113,72;114,60;115,86;116,64;117,62;118,08;;111,21;111,88;114,98;116,93;118,68;119,98;122,86;124,86;125,36;125,98;;105,44;106,12;108,15;110,13;111,33;111,79;112,97;113,79;114,37;114,83;;;;;;;;;;;
2020-05-19;;108,33;109,16;110,75;112,37;113,20;114,00;115,10;115,79;116,63;117,03;;111,18;111,85;114,80;116,70;118,38;119,60;122,34;124,24;124,68;125,29;;105,50;106,15;108,11;109,94;111,08;111,50;112,57;113,32;113,83;114,27;;;;;;;;;;;
2020-05-20;;108,65;109,53;111,22;112,97;113,87;114,73;115,94;116,69;117,63;118,06;;111,51;112,21;115,28;117,27;119,01;120,31;123,16;125,15;125,66;126,28;;105,81;106,49;108,54;110,49;111,69;112,16;113,33;114,14;114,71;115,16;;;;;;;;;;;
2020-05-21;;108,74;109,60;111,23;112,91;113,77;114,59;115,74;116,45;117,33;117,74;;111,61;112,29;115,29;117,23;118,95;120,19;122,99;124,94;125,39;126,01;;105,91;106,57;108,55;110,43;111,61;112,04;113,14;113,93;114,46;114,90;;;;;;;;;;;
2020-05-22;;108,85;109,72;111,39;113,11;113,99;114,84;116,02;116,76;117,67;118,10;;111,66;112,28;115,31;117,22;118,90;120,16;122,97;124,93;125,33;125,86;;105,91;106,59;108,52;110,42;111,60;112,01;113,12;113,88;114,37;114,76;;;;;;;;;;;
2020-05-23;;108,85;109,72;111,39;113,11;113,99;114,83;116,02;116,76;117,67;118,10;;111,66;112,28;115,30;117,21;118,90;120,16;122,97;124,93;125,33;125,86;;105,91;106,59;108,52;110,42;111,60;112,01;113,12;113,87;114,36;114,76;;;;;;;;;;;
2020-05-24;;108,84;109,72;111,39;113,11;113,99;114,83;116,02;116,76;117,67;118,10;;111,66;112,28;115,30;117,21;118,90;120,16;122,97;124,93;125,32;125,86;;105,91;106,59;108,52;110,42;111,59;112,00;113,11;113,87;114,36;114,76;;;;;;;;;;;
2020-05-25;;108,93;109,82;111,55;113,32;114,24;115,11;116,34;117,11;118,07;118,52;;111,74;112,40;115,49;117,51;119,24;120,57;123,44;125,43;125,95;126,53;;106,00;106,72;108,73;110,70;111,91;112,38;113,57;114,36;114,93;115,37;;;;;;;;;;;
2020-05-26;;108,91;109,85;111,67;113,55;114,53;115,46;116,79;117,62;118,67;119,16;;111,79;112,51;115,68;117,85;119,63;121,05;124,03;126,09;126,75;127,37;;106,07;106,86;108,98;111,06;112,34;112,91;114,19;115,04;115,72;116,20;;;;;;;;;;;
2020-05-27;;109,19;110,19;112,13;114,16;115,21;116,23;117,68;118,59;119,75;120,30;;112,31;113,04;116,29;118,53;120,36;121,82;124,90;127,02;127,69;128,31;;106,52;107,34;109,51;111,67;113,00;113,59;114,94;115,83;116,54;117,04;;;;;;;;;;;
2020-05-28;;109,20;110,19;112,11;114,10;115,13;116,13;117,55;118,45;119,58;120,11;;112,35;113,06;116,31;118,61;120,40;121,91;124,97;127,07;127,81;128,39;;106,56;107,42;109,58;111,75;113,07;113,70;115,06;115,92;116,65;117,14;;;;;;;;;;;
2020-05-29;;109,23;110,18;112,01;113,91;114,89;115,83;117,17;118,00;119,06;119,55;;112,51;113,19;116,35;118,49;120,24;121,66;124,62;126,66;127,27;127,82;;106,71;107,50;109,54;111,59;112,86;113,39;114,65;115,46;116,11;116,54;;;;;;;;;;;
2020-05-30;;109,23;110,18;112,01;113,91;114,89;115,83;117,16;118,00;119,05;119,55;;112,51;113,19;116,35;118,49;120,24;121,66;124,62;126,66;127,27;127,82;;106,71;107,50;109,54;111,59;112,85;113,39;114,65;115,46;116,11;116,54;;;;;;;;;;;
2020-05-31;;109,23;110,18;112,01;113,90;114,88;115,83;117,16;118,00;119,05;119,55;;112,51;113,19;116,35;118,48;120,24;121,66;124,62;126,66;127,27;127,81;;106,71;107,50;109,54;111,59;112,85;113,39;114,64;115,46;116,11;116,54;;;;;;;;;;;
2020-06-01;;109,24;110,23;112,14;114,13;115,16;116,15;117,57;118,46;119,59;120,12;;112,39;113,17;116,44;118,71;120,56;122,05;125,12;127,25;128,02;128,67;;106,64;107,47;109,67;111,83;113,16;113,79;115,15;116,06;116,83;117,34;;;;;;;;;;;
2020-06-02;;109,38;110,41;112,40;114,48;115,56;116,60;118,10;119,04;120,24;120,81;;112,54;113,39;116,78;119,15;121,07;122,64;125,82;128,02;128,93;129,65;;106,83;107,69;110,01;112,28;113,67;114,36;115,83;116,81;117,67;118,22;;;;;;;;;;;
2020-06-03;;109,36;110,47;112,62;114,89;116,08;117,23;118,89;119,94;121,29;121,93;;112,60;113,57;117,15;119,68;121,74;123,46;126,82;129,16;130,32;131,13;;106,91;107,84;110,34;112,82;114,31;115,13;116,78;117,88;118,93;119,55;;;;;;;;;;;
2020-06-04;;109,11;110,14;112,16;114,26;115,36;116,42;117,94;118,90;120,11;120,69;;112,62;113,53;116,96;119,34;121,29;122,93;126,13;128,35;129,41;130,17;;106,96;107,83;110,21;112,52;113,92;114,67;116,18;117,19;118,14;118,71;;;;;;;;;;;
2020-06-05;;109,37;110,56;112,86;115,30;116,59;117,84;119,65;120,81;122,29;123,00;;113,05;114,08;117,80;120,39;122,53;124,35;127,85;130,30;131,59;132,46;;107,31;108,27;110,90;113,50;115,05;115,96;117,73;118,91;120,08;120,73;;;;;;;;;;;
2020-06-06;;109,37;110,55;112,86;115,30;116,59;117,84;119,65;120,81;122,29;123,00;;113,05;114,07;117,80;120,39;122,53;124,35;127,85;130,29;131,59;132,46;;107,31;108,27;110,90;113,50;115,05;115,96;117,72;118,91;120,08;120,73;;;;;;;;;;;
2020-06-07;;109,37;110,55;112,86;115,30;116,59;117,84;119,65;120,80;122,29;123,00;;113,04;114,07;117,80;120,39;122,53;124,35;127,85;130,29;131,59;132,46;;107,31;108,27;110,89;113,50;115,05;115,96;117,72;118,91;120,08;120,73;;;;;;;;;;;
2020-06-08;;109,37;110,55;112,86;115,30;116,59;117,84;119,64;120,80;122,28;123,00;;113,04;114,07;117,80;120,39;122,53;124,34;127,85;130,29;131,59;132,46;;107,33;108,30;110,92;113,52;115,08;115,98;117,75;118,94;120,10;120,75;;;;;;;;;;;
2020-06-09;;109,69;110,86;113,14;115,54;116,81;118,04;119,82;120,96;122,41;123,11;;113,13;114,14;117,81;120,47;122,60;124,38;127,87;130,29;131,52;132,38;;107,41;108,41;111,04;113,61;115,17;116,09;117,83;119,00;120,14;120,81;;;;;;;;;;;
2020-06-10;;109,83;110,97;113,19;115,53;116,76;117,95;119,67;120,77;122,17;122,84;;112,97;113,98;117,60;120,26;122,37;124,13;127,58;129,97;131,20;132,07;;107,30;108,29;110,89;113,42;114,97;115,87;117,58;118,73;119,85;120,54;;;;;;;;;;;
2020-06-11;;109,25;110,08;111,67;113,29;114,11;114,89;115,98;116,65;117,46;117,84;;112,38;113,18;116,14;118,26;119,99;121,35;124,14;126,04;126,82;127,52;;106,87;107,60;109,62;111,49;112,68;113,23;114,39;115,17;115,85;116,38;;;;;;;;;;;
2020-06-12;;109,44;110,37;112,16;114,00;114,95;115,85;117,13;117,93;118,92;119,38;;112,82;113,66;116,82;119,04;120,87;122,30;125,27;127,32;128,11;128,84;;107,20;107,98;110,14;112,19;113,47;114,07;115,35;116,23;116,98;117,52;;;;;;;;;;;
2020-06-13;;109,44;110,37;112,16;114,00;114,95;115,85;117,13;117,93;118,92;119,38;;112,82;113,66;116,82;119,03;120,87;122,30;125,27;127,31;128,11;128,83;;107,20;107,98;110,14;112,19;113,47;114,06;115,34;116,23;116,98;117,52;;;;;;;;;;;
2020-06-14;;109,44;110,37;112,15;114,00;114,94;115,85;117,13;117,93;118,92;119,38;;112,81;113,66;116,82;119,03;120,87;122,30;125,27;127,31;128,11;128,83;;107,20;107,98;110,14;112,19;113,47;114,06;115,34;116,23;116,98;117,52;;;;;;;;;;;
2020-06-15;;109,44;110,38;112,17;114,02;114,98;115,89;117,18;117,98;118,98;119,45;;112,87;113,64;116,82;118,86;120,66;122,06;125,00;127,04;127,73;128,36;;107,16;107,89;110,01;112,04;113,28;113,82;115,06;115,91;116,59;117,03;;;;;;;;;;;
2020-06-16;;109,86;110,93;113,02;115,20;116,33;117,43;119,00;119,99;121,24;121,84;;113,41;114,33;117,79;120,24;122,23;123,85;127,10;129,35;130,34;131,11;;107,70;108,60;110,99;113,33;114,77;115,51;117,03;118,06;118,98;119,57;;;;;;;;;;;
2020-06-17;;109,93;111,01;113,10;115,28;116,42;117,52;119,09;120,08;121,34;121,94;;113,42;114,37;117,84;120,32;122,33;123,97;127,23;129,49;130,55;131,35;;107,73;108,64;111,07;113,43;114,87;115,64;117,19;118,23;119,20;119,81;;;;;;;;;;;
2020-06-18;;109,99;111,07;113,14;115,30;116,43;117,52;119,07;120,06;121,30;121,89;;113,54;114,49;117,95;120,42;122,42;124,03;127,28;129,54;130,53;131,31;;107,84;108,74;111,14;113,49;114,93;115,67;117,18;118,22;119,15;119,74;;;;;;;;;;;
2020-06-19;;110,03;111,10;113,17;115,34;116,47;117,55;119,11;120,10;121,34;121,93;;113,62;114,59;118,08;120,58;122,61;124,24;127,49;129,76;130,81;131,63;;107,95;108,85;111,28;113,64;115,09;115,84;117,37;118,43;119,39;120,01;;;;;;;;;;;
2020-06-20;;110,03;111,10;113,17;115,34;116,46;117,55;119,11;120,09;121,34;121,93;;113,61;114,59;118,08;120,58;122,61;124,23;127,49;129,76;130,81;131,63;;107,94;108,85;111,28;113,64;115,09;115,84;117,37;118,43;119,39;120,01;;;;;;;;;;;
2020-06-21;;110,02;111,10;113,17;115,33;116,46;117,55;119,11;120,09;121,34;121,93;;113,61;114,59;118,07;120,58;122,60;124,23;127,49;129,76;130,81;131,63;;107,94;108,85;111,27;113,64;115,08;115,83;117,37;118,43;119,39;120,01;;;;;;;;;;;
2020-06-22;;110,06;111,12;113,17;115,30;116,41;117,48;119,01;119,98;121,20;121,78;;113,79;114,73;118,18;120,61;122,61;124,19;127,39;129,64;130,59;131,35;;108,09;108,97;111,37;113,68;115,10;115,81;117,29;118,32;119,21;119,77;;;;;;;;;;;
2020-06-23;;109,95;111,02;113,09;115,25;116,37;117,46;119,01;119,99;121,22;121,81;;113,65;114,65;118,16;120,68;122,71;124,36;127,63;129,91;131,00;131,80;;107,99;108,91;111,35;113,73;115,19;115,95;117,50;118,57;119,55;120,14;;;;;;;;;;;
2020-06-24;;109,76;110,71;112,53;114,41;115,38;116,30;117,61;118,43;119,44;119,92;;113,47;114,42;117,67;119,99;121,90;123,37;126,38;128,50;129,37;130,11;;107,89;108,72;110,97;113,09;114,42;115,05;116,37;117,32;118,12;118,66;;;;;;;;;;;
2020-06-25;;109,98;110,99;112,95;114,97;116,02;117,03;118,47;119,37;120,50;121,04;;113,75;114,71;118,10;120,46;122,43;123,95;127,08;129,29;130,19;130,95;;108,09;108,93;111,26;113,50;114,88;115,53;116,94;117,95;118,80;119,34;;;;;;;;;;;
2020-06-26;;109,85;110,77;112,53;114,34;115,27;116,15;117,40;118,18;119,14;119,58;;113,47;114,38;117,58;119,86;121,73;123,17;126,12;128,19;129,05;129,78;;107,90;108,70;110,89;112,95;114,25;114,85;116,13;117,03;117,80;118,34;;;;;;;;;;;
2020-06-27;;109,85;110,77;112,53;114,34;115,27;116,15;117,40;118,17;119,13;119,58;;113,47;114,38;117,58;119,86;121,72;123,17;126,12;128,19;129,04;129,77;;107,90;108,70;110,89;112,95;114,25;114,85;116,13;117,03;117,80;118,33;;;;;;;;;;;
2020-06-28;;109,85;110,77;112,53;114,34;115,27;116,15;117,40;118,17;119,13;119,58;;113,47;114,38;117,57;119,86;121,72;123,17;126,12;128,18;129,04;129,77;;107,90;108,70;110,89;112,95;114,25;114,85;116,13;117,03;117,80;118,33;;;;;;;;;;;
2020-06-29;;109,91;110,86;112,68;114,56;115,53;116,46;117,77;118,58;119,60;120,07;;113,63;114,53;117,82;120,02;121,92;123,39;126,38;128,51;129,34;130,04;;107,99;108,77;111,00;113,11;114,42;115,02;116,33;117,26;118,02;118,51;;;;;;;;;;;
2020-06-30;;110,07;111,10;113,07;115,13;116,20;117,22;118,68;119,59;120,75;121,29;;113,85;114,79;118,21;120,53;122,50;124,03;127,16;129,39;130,26;130,97;;108,15;108,99;111,35;113,61;114,99;115,66;117,07;118,08;118,90;119,40;;;;;;;;;;;
2020-07-01;;109,96;111,01;113,02;115,11;116,20;117,24;118,74;119,68;120,86;121,42;;113,58;114,56;118,03;120,35;122,36;123,92;127,10;129,37;130,28;131,03;;107,91;108,75;111,17;113,47;114,87;115,57;117,02;118,07;118,94;119,45;;;;;;;;;;;
2020-07-02;;110,31;111,40;113,53;115,74;116,90;118,02;119,62;120,63;121,91;122,52;;114,05;115,14;118,76;121,23;123,35;124,99;128,31;130,68;131,77;132,64;;108,40;109,28;111,85;114,29;115,77;116,54;118,12;119,27;120,27;120,86;;;;;;;;;;;
2020-07-03;;110,29;111,37;113,47;115,65;116,79;117,89;119,46;120,45;121,70;122,30;;113,96;115,07;118,65;121,14;123,28;124,89;128,20;130,56;131,64;132,53;;108,34;109,22;111,78;114,20;115,68;116,45;118,01;119,16;120,17;120,79;;;;;;;;;;;
2020-07-04;;110,29;111,37;113,46;115,65;116,79;117,89;119,46;120,45;121,70;122,30;;113,96;115,06;118,65;121,14;123,27;124,89;128,20;130,56;131,64;132,53;;108,34;109,22;111,78;114,19;115,68;116,44;118,01;119,16;120,17;120,79;;;;;;;;;;;
2020-07-05;;110,29;111,37;113,46;115,65;116,79;117,89;119,46;120,45;121,70;122,30;;113,96;115,06;118,65;121,14;123,27;124,89;128,19;130,56;131,64;132,53;;108,34;109,22;111,78;114,19;115,68;116,44;118,00;119,16;120,17;120,78;;;;;;;;;;;
2020-07-06;;110,46;111,61;113,82;116,15;117,37;118,55;120,24;121,32;122,69;123,34;;114,23;115,43;119,16;121,82;124,05;125,77;129,22;131,70;132,94;133,93;;108,62;109,55;112,23;114,79;116,36;117,20;118,89;120,15;121,29;121,98;;;;;;;;;;;
2020-07-07;;110,51;111,61;113,73;115,96;117,12;118,24;119,84;120,86;122,14;122,75;;114,10;115,27;118,91;121,50;123,69;125,35;128,72;131,12;132,30;133,27;;108,52;109,43;112,02;114,50;116,03;116,82;118,44;119,65;120,72;121,39;;;;;;;;;;;
2020-07-08;;110,52;111,62;113,74;115,97;117,13;118,25;119,85;120,86;122,14;122,75;;114,31;115,51;119,18;121,73;123,94;125,57;128,93;131,36;132,50;133,49;;108,72;109,60;112,19;114,66;116,19;116,93;118,54;119,77;120,83;121,50;;;;;;;;;;;
2020-07-09;;110,65;111,73;113,81;115,99;117,12;118,21;119,77;120,76;122,00;122,59;;114,27;115,50;119,12;121,69;123,91;125,50;128,84;131,26;132,38;133,42;;108,73;109,59;112,16;114,60;116,12;116,85;118,43;119,67;120,72;121,43;;;;;;;;;;;
2020-07-10;;110,71;111,82;113,98;116,25;117,43;118,57;120,20;121,24;122,56;123,18;;114,39;115,58;119,27;121,81;124,04;125,67;129,06;131,51;132,64;133,66;;108,77;109,63;112,22;114,72;116,25;116,99;118,62;119,87;120,93;121,62;;;;;;;;;;;
2020-07-11;;110,70;111,82;113,98;116,24;117,43;118,57;120,20;121,24;122,55;123,18;;114,38;115,58;119,27;121,81;124,04;125,67;129,06;131,50;132,64;133,66;;108,77;109,63;112,22;114,72;116,25;116,99;118,62;119,86;120,93;121,62;;;;;;;;;;;
2020-07-12;;110,70;111,82;113,98;116,24;117,42;118,57;120,20;121,24;122,55;123,18;;114,38;115,58;119,27;121,80;124,04;125,67;129,06;131,50;132,64;133,66;;108,77;109,63;112,22;114,72;116,25;116,99;118,61;119,86;120,93;121,62;;;;;;;;;;;
2020-07-13;;110,50;111,58;113,67;115,85;116,99;118,08;119,65;120,63;121,88;122,48;;113,96;115,16;118,81;121,41;123,61;125,29;128,66;131,06;132,31;133,34;;108,42;109,31;111,88;114,36;115,88;116,66;118,30;119,52;120,63;121,35;;;;;;;;;;;
2020-07-14;;110,68;111,78;113,92;116,15;117,32;118,44;120,06;121,08;122,37;122,98;;114,36;115,51;119,18;121,72;123,91;125,56;128,93;131,36;132,48;133,42;;108,72;109,61;112,17;114,66;116,18;116,93;118,54;119,76;120,80;121,44;;;;;;;;;;;
2020-07-15;;110,83;111,99;114,26;116,64;117,88;119,09;120,83;121,93;123,34;124,01;;114,58;115,78;119,58;122,28;124,54;126,30;129,81;132,31;133,60;134,58;;108,93;109,89;112,57;115,19;116,79;117,64;119,38;120,65;121,82;122,52;;;;;;;;;;;
2020-07-16;;110,88;112,00;114,19;116,48;117,67;118,83;120,48;121,53;122,87;123,50;;114,64;115,75;119,45;122,00;124,17;125,88;129,27;131,70;132,86;133,75;;108,96;109,87;112,45;114,96;116,49;117,27;118,92;120,11;121,17;121,78;;;;;;;;;;;
2020-07-17;;110,91;112,06;114,28;116,61;117,83;119,01;120,70;121,77;123,14;123,79;;114,64;115,80;119,56;122,14;124,36;126,09;129,53;132,01;133,22;134,14;;108,98;109,90;112,52;115,09;116,64;117,45;119,14;120,37;121,48;122,12;;;;;;;;;;;
2020-07-18;;110,91;112,06;114,28;116,61;117,82;119,00;120,70;121,77;123,14;123,79;;114,64;115,80;119,55;122,14;124,36;126,08;129,53;132,00;133,21;134,14;;108,97;109,90;112,52;115,09;116,64;117,45;119,14;120,37;121,48;122,12;;;;;;;;;;;
2020-07-19;;110,91;112,05;114,27;116,60;117,82;119,00;120,70;121,77;123,14;123,79;;114,64;115,80;119,55;122,14;124,36;126,08;129,53;132,00;133,21;134,14;;108,97;109,90;112,52;115,09;116,64;117,45;119,13;120,37;121,47;122,11;;;;;;;;;;;
2020-07-20;;111,14;112,31;114,60;117,01;118,27;119,50;121,26;122,38;123,81;124,49;;115,04;116,24;120,07;122,71;124,98;126,74;130,24;132,78;134,03;134,97;;109,35;110,29;112,96;115,60;117,19;118,01;119,75;121,03;122,17;122,81;;;;;;;;;;;
2020-07-21;;111,22;112,39;114,67;117,06;118,31;119,53;121,27;122,38;123,79;124,47;;115,12;116,38;120,22;122,89;125,19;126,96;130,48;133,03;134,35;135,34;;109,49;110,44;113,17;115,81;117,42;118,28;120,03;121,34;122,52;123,20;;;;;;;;;;;
2020-07-22;;111,25;112,38;114,56;116,85;118,04;119,20;120,86;121,91;123,24;123,87;;115,26;116,42;120,17;122,65;124,87;126,55;129,94;132,41;133,57;134,47;;109,60;110,48;113,08;115,60;117,12;117,89;119,52;120,75;121,80;122,39;;;;;;;;;;;
2020-07-23;;111,21;112,29;114,37;116,54;117,67;118,76;120,31;121,29;122,52;123,11;;115,16;116,31;119,97;122,41;124,57;126,22;129,52;131,92;133,07;133,96;;109,56;110,42;112,95;115,38;116,86;117,60;119,16;120,34;121,35;121,94;;;;;;;;;;;
2020-07-24;;110,97;111,99;113,96;116,00;117,06;118,08;119,52;120,42;121,56;122,09;;114,77;115,84;119,36;121,73;123,80;125,38;128,58;130,88;131,90;132,69;;109,17;110,02;112,42;114,73;116,15;116,83;118,30;119,39;120,30;120,83;;;;;;;;;;;
2020-07-25;;110,97;111,99;113,96;116,00;117,06;118,08;119,52;120,42;121,56;122,09;;114,77;115,84;119,36;121,73;123,80;125,38;128,58;130,88;131,90;132,69;;109,17;110,02;112,42;114,73;116,15;116,83;118,30;119,39;120,30;120,83;;;;;;;;;;;
2020-07-26;;110,97;111,99;113,96;116,00;117,06;118,07;119,52;120,42;121,56;122,09;;114,77;115,84;119,35;121,73;123,80;125,38;128,57;130,88;131,89;132,69;;109,17;110,02;112,41;114,73;116,15;116,83;118,30;119,39;120,30;120,83;;;;;;;;;;;
2020-07-27;;110,93;111,92;113,84;115,82;116,84;117,82;119,21;120,08;121,17;121,68;;114,92;115,97;119,41;121,70;123,73;125,25;128,36;130,61;131,57;132,34;;109,33;110,14;112,46;114,69;116,07;116,69;118,09;119,13;119,98;120,49;;;;;;;;;;;
2020-07-28;;111,00;111,99;113,88;115,84;116,85;117,82;119,19;120,04;121,11;121,61;;114,95;116,04;119,48;121,80;123,85;125,39;128,51;130,76;131,77;132,60;;109,39;110,20;112,53;114,77;116,15;116,78;118,19;119,26;120,15;120,69;;;;;;;;;;;
2020-07-29;;111,09;112,10;114,04;116,06;117,11;118,11;119,53;120,42;121,54;122,06;;115,03;116,13;119,65;121,93;124,02;125,56;128,73;131,04;132,03;132,86;;109,45;110,25;112,63;114,92;116,32;116,95;118,39;119,49;120,39;120,90;;;;;;;;;;;
2020-07-30;;111,11;112,07;113,91;115,80;116,78;117,71;119,03;119,85;120,87;121,34;;115,08;116,11;119,49;121,63;123,63;125,05;128,06;130,28;131,07;131,83;;109,49;110,22;112,50;114,63;115,96;116,49;117,78;118,81;119,56;120,02;;;;;;;;;;;
2020-07-31;;111,06;112,01;113,82;115,68;116,64;117,55;118,84;119,64;120,63;121,09;;115,00;116,02;119,39;121,35;123,35;124,71;127,68;129,91;130,59;131,31;;109,40;110,06;112,31;114,41;115,70;116,18;117,42;118,44;119,12;119,52;;;;;;;;;;;
2020-08-01;;111,06;112,01;113,81;115,68;116,64;117,55;118,83;119,63;120,63;121,09;;115,00;116,02;119,39;121,35;123,35;124,70;127,68;129,91;130,59;131,31;;109,40;110,06;112,31;114,41;115,70;116,18;117,42;118,44;119,12;119,51;;;;;;;;;;;
2020-08-02;;111,06;112,00;113,81;115,68;116,63;117,55;118,83;119,63;120,63;121,09;;115,00;116,02;119,39;121,35;123,35;124,70;127,68;129,91;130,59;131,31;;109,40;110,06;112,31;114,41;115,70;116,18;117,42;118,44;119,12;119,51;;;;;;;;;;;
2020-08-03;;111,27;112,30;114,30;116,37;117,45;118,48;119,95;120,87;122,03;122,58;;115,23;116,32;119,90;122,10;124,21;125,72;128,90;131,27;132,14;132,92;;109,60;110,36;112,76;115,07;116,48;117,07;118,50;119,63;120,47;120,92;;;;;;;;;;;
2020-08-04;;111,53;112,58;114,61;116,71;117,80;118,85;120,35;121,29;122,47;123,02;;115,53;116,65;120,25;122,55;124,69;126,21;129,43;131,82;132,70;133,50;;109,90;110,71;113,17;115,52;116,96;117,59;119,04;120,19;121,05;121,53;;;;;;;;;;;
2020-08-05;;111,33;112,37;114,38;116,47;117,55;118,59;120,07;121,01;122,17;122,73;;115,30;116,43;120,03;122,31;124,46;125,99;129,21;131,59;132,52;133,34;;109,71;110,51;112,96;115,30;116,73;117,36;118,82;119,98;120,85;121,35;;;;;;;;;;;
2020-08-06;;111,55;112,62;114,67;116,82;117,93;119,00;120,53;121,49;122,70;123,27;;115,62;116,77;120,41;122,72;124,90;126,42;129,67;132,10;132,99;133,81;;110,00;110,81;113,30;115,68;117,15;117,78;119,25;120,44;121,31;121,80;;;;;;;;;;;
2020-08-07;;111,50;112,59;114,69;116,89;118,03;119,13;120,70;121,69;122,94;123,54;;115,68;116,81;120,50;122,82;125,00;126,55;129,85;132,31;133,19;133,96;;110,02;110,85;113,37;115,79;117,27;117,92;119,42;120,62;121,49;121,95;;;;;;;;;;;
2020-08-08;;111,50;112,59;114,69;116,89;118,03;119,13;120,70;121,69;122,94;123,53;;115,68;116,81;120,50;122,82;125,00;126,55;129,85;132,31;133,18;133,96;;110,02;110,85;113,37;115,79;117,27;117,92;119,42;120,62;121,49;121,94;;;;;;;;;;;
2020-08-09;;111,50;112,59;114,69;116,88;118,03;119,13;120,70;121,69;122,94;123,53;;115,67;116,81;120,50;122,81;125,00;126,55;129,85;132,31;133,18;133,95;;110,02;110,85;113,37;115,79;117,27;117,92;119,42;120,61;121,49;121,94;;;;;;;;;;;
2020-08-10;;111,56;112,67;114,82;117,07;118,24;119,37;120,99;122,01;123,31;123,92;;115,92;117,06;120,79;123,13;125,34;126,92;130,24;132,74;133,63;134,39;;110,24;111,08;113,65;116,11;117,61;118,30;119,82;121,03;121,92;122,37;;;;;;;;;;;
2020-08-11;;111,31;112,43;114,60;116,87;118,05;119,20;120,84;121,87;123,18;123,81;;115,68;116,86;120,62;123,10;125,32;126,99;130,37;132,87;133,94;134,75;;110,07;110,97;113,58;116,09;117,63;118,38;119,99;121,22;122,21;122,72;;;;;;;;;;;
2020-08-12;;111,26;112,45;114,76;117,20;118,48;119,71;121,50;122,63;124,07;124,77;;115,70;116,91;120,79;123,36;125,65;127,40;130,91;133,50;134,68;135,52;;110,03;110,98;113,68;116,33;117,93;118,75;120,47;121,76;122,85;123,40;;;;;;;;;;;
2020-08-13;;111,03;112,21;114,50;116,91;118,18;119,40;121,17;122,29;123,71;124,40;;115,35;116,56;120,39;123,00;125,27;127,02;130,52;133,07;134,26;135,11;;109,72;110,69;113,35;115,97;117,56;118,39;120,10;121,38;122,47;123,04;;;;;;;;;;;
2020-08-14;;110,93;112,10;114,38;116,78;118,04;119,25;121,00;122,12;123,53;124,21;;115,35;116,53;120,31;122,91;125,15;126,85;130,32;132,85;133,95;134,77;;109,70;110,66;113,30;115,87;117,45;118,26;119,92;121,17;122,22;122,77;;;;;;;;;;;
2020-08-15;;110,93;112,10;114,38;116,78;118,03;119,25;121,00;122,12;123,53;124,21;;115,35;116,53;120,31;122,90;125,15;126,85;130,32;132,85;133,94;134,77;;109,70;110,66;113,29;115,87;117,45;118,25;119,92;121,17;122,22;122,77;;;;;;;;;;;
2020-08-16;;110,93;112,10;114,38;116,78;118,03;119,25;121,00;122,11;123,53;124,21;;115,35;116,53;120,31;122,90;125,15;126,85;130,31;132,84;133,94;134,77;;109,70;110,66;113,29;115,87;117,45;118,25;119,92;121,17;122,22;122,77;;;;;;;;;;;
2020-08-17;;111,05;112,22;114,50;116,90;118,15;119,37;121,12;122,23;123,64;124,32;;115,53;116,71;120,49;123,03;125,27;126,96;130,40;132,91;134,00;134,84;;109,87;110,80;113,42;115,98;117,54;118,32;119,96;121,21;122,24;122,79;;;;;;;;;;;
2020-08-18;;111,09;112,24;114,49;116,85;118,08;119,28;120,99;122,08;123,47;124,13;;115,53;116,69;120,43;122,95;125,17;126,83;130,23;132,72;133,77;134,60;;109,87;110,79;113,38;115,90;117,45;118,20;119,81;121,04;122,04;122,59;;;;;;;;;;;
2020-08-19;;111,07;112,22;114,47;116,82;118,06;119,25;120,97;122,06;123,44;124,10;;115,60;116,75;120,49;123,00;125,21;126,88;130,27;132,74;133,81;134,64;;109,95;110,86;113,46;115,97;117,51;118,28;119,89;121,10;122,10;122,64;;;;;;;;;;;
2020-08-20;;111,20;112,37;114,64;117,02;118,27;119,48;121,22;122,32;123,73;124,40;;115,76;116,85;120,58;123,03;125,21;126,84;130,22;132,70;133,64;134,40;;110,02;110,93;113,49;115,99;117,51;118,24;119,81;121,01;121,94;122,43;;;;;;;;;;;
2020-08-21;;111,33;112,53;114,88;117,35;118,64;119,90;121,71;122,87;124,34;125,05;;115,82;116,98;120,78;123,33;125,59;127,25;130,72;133,27;134,27;135,10;;110,09;111,03;113,68;116,26;117,84;118,61;120,25;121,52;122,52;123,07;;;;;;;;;;;
2020-08-22;;111,33;112,53;114,88;117,35;118,64;119,90;121,71;122,87;124,34;125,05;;115,81;116,97;120,77;123,33;125,59;127,25;130,72;133,27;134,27;135,10;;110,09;111,03;113,68;116,26;117,84;118,61;120,25;121,52;122,52;123,07;;;;;;;;;;;
2020-08-23;;111,33;112,53;114,88;117,35;118,64;119,90;121,71;122,87;124,34;125,04;;115,81;116,97;120,77;123,33;125,58;127,25;130,72;133,27;134,26;135,10;;110,09;111,03;113,67;116,26;117,84;118,61;120,25;121,51;122,52;123,07;;;;;;;;;;;
2020-08-24;;111,43;112,68;115,12;117,69;119,05;120,37;122,27;123,49;125,04;125,79;;115,98;117,22;121,16;123,82;126,17;127,93;131,53;134,17;135,32;136,22;;110,26;111,24;114,00;116,72;118,37;119,20;120,97;122,32;123,44;124,03;;;;;;;;;;;
2020-08-25;;111,22;112,49;114,97;117,59;118,98;120,32;122,27;123,52;125,12;125,89;;115,56;116,84;120,82;123,56;125,95;127,74;131,41;134,10;135,30;136,25;;109,87;110,87;113,69;116,46;118,15;119,03;120,85;122,25;123,44;124,07;;;;;;;;;;;
2020-08-26;;111,27;112,60;115,21;117,98;119,45;120,88;122,96;124,30;126,02;126,85;;115,72;117,04;121,16;124,01;126,48;128,34;132,14;134,93;136,22;137,19;;109,99;111,05;113,96;116,86;118,62;119,56;121,49;122,96;124,23;124,88;;;;;;;;;;;
2020-08-27;;111,09;112,44;115,08;117,89;119,38;120,83;122,95;124,31;126,06;126,90;;115,67;116,99;121,12;123,95;126,43;128,28;132,09;134,90;136,15;137,12;;109,93;110,98;113,91;116,82;118,58;119,51;121,44;122,92;124,19;124,83;;;;;;;;;;;
2020-08-28;;111,04;112,37;114,97;117,73;119,20;120,62;122,69;124,03;125,74;126,57;;115,61;116,91;120,98;123,74;126,19;128,00;131,76;134,52;135,72;136,66;;109,86;110,89;113,78;116,63;118,37;119,27;121,15;122,60;123,82;124,44;;;;;;;;;;;
2020-08-29;;111,04;112,37;114,97;117,73;119,19;120,62;122,69;124,02;125,74;126,56;;115,61;116,91;120,98;123,74;126,19;128,00;131,75;134,52;135,71;136,66;;109,86;110,88;113,78;116,63;118,37;119,27;121,15;122,60;123,82;124,44;;;;;;;;;;;
2020-08-30;;111,04;112,37;114,97;117,73;119,19;120,62;122,69;124,02;125,74;126,56;;115,61;116,91;120,98;123,74;126,19;128,00;131,75;134,52;135,71;136,66;;109,86;110,88;113,78;116,63;118,36;119,27;121,15;122,60;123,81;124,44;;;;;;;;;;;
2020-08-31;;111,00;112,30;114,83;117,51;118,92;120,30;122,30;123,59;125,23;126,03;;115,38;116,57;120,54;123,18;125,52;127,29;130,93;133,60;134,69;135,54;;109,62;110,61;113,41;116,16;117,82;118,69;120,48;121,83;122,95;123,51;;;;;;;;;;;
2020-09-01;;111,26;112,57;115,13;117,86;119,29;120,70;122,73;124,03;125,71;126,52;;115,56;116,81;120,83;123,51;125,92;127,67;131,37;134,10;135,20;136,11;;109,82;110,81;113,63;116,42;118,12;118,97;120,79;122,20;123,35;123,94;;;;;;;;;;;
2020-09-02;;111,89;113,31;116,10;119,08;120,67;122,22;124,48;125,94;127,83;128,74;;116,36;117,68;121,95;124,83;127,38;129,26;133,20;136,11;137,32;138,28;;110,53;111,61;114,64;117,68;119,51;120,47;122,48;124,02;125,29;125,93;;;;;;;;;;;
2020-09-03;;111,54;112,80;115,26;117,85;119,22;120,55;122,47;123,70;125,26;126,02;;115,96;117,18;121,09;123,78;126,12;127,85;131,45;134,09;135,16;136,06;;110,25;111,24;114,02;116,73;118,38;119,22;120,98;122,32;123,40;124,00;;;;;;;;;;;
2020-09-04;;111,17;112,40;114,79;117,32;118,64;119,93;121,78;122,97;124,48;125,21;;115,68;116,86;120,70;123,30;125,60;127,27;130,80;133,39;134,38;135,25;;109,98;110,93;113,60;116,23;117,84;118,62;120,30;121,60;122,62;123,20;;;;;;;;;;;
2020-09-05;;111,17;112,40;114,79;117,31;118,64;119,93;121,78;122,97;124,48;125,20;;115,67;116,86;120,70;123,30;125,60;127,26;130,80;133,39;134,38;135,25;;109,98;110,93;113,60;116,23;117,84;118,61;120,30;121,60;122,62;123,20;;;;;;;;;;;
2020-09-06;;111,17;112,40;114,79;117,31;118,64;119,93;121,78;122,97;124,48;125,20;;115,67;116,86;120,69;123,30;125,60;127,26;130,80;133,39;134,38;135,25;;109,98;110,93;113,60;116,22;117,84;118,61;120,30;121,60;122,62;123,20;;;;;;;;;;;
2020-09-07;;111,10;112,34;114,75;117,30;118,64;119,94;121,82;123,02;124,55;125,28;;115,58;116,76;120,63;123,23;125,52;127,25;130,81;133,40;134,51;135,39;;109,88;110,83;113,53;116,20;117,82;118,63;120,36;121,67;122,74;123,33;;;;;;;;;;;
2020-09-08;;110,94;112,06;114,23;116,50;117,68;118,82;120,45;121,48;122,78;123,40;;115,32;116,43;120,04;122,52;124,67;126,27;129,60;131,99;132,98;133,82;;109,70;110,59;113,10;115,53;117,03;117,75;119,29;120,45;121,39;121,97;;;;;;;;;;;
2020-09-09;;111,09;112,30;114,66;117,14;118,45;119,71;121,53;122,69;124,16;124,87;;115,52;116,68;120,52;123,08;125,34;127,07;130,58;133,13;134,24;135,10;;109,82;110,76;113,42;116,05;117,63;118,43;120,14;121,40;122,46;123,03;;;;;;;;;;;
2020-09-10;;110,82;111,94;114,11;116,38;117,56;118,70;120,33;121,37;122,67;123,29;;115,10;116,21;119,86;122,35;124,51;126,16;129,51;131,92;132,99;133,81;;109,48;110,38;112,89;115,36;116,86;117,60;119,19;120,35;121,33;121,89;;;;;;;;;;;
2020-09-11;;111,04;112,17;114,36;116,66;117,86;119,02;120,67;121,72;123,05;123,68;;115,43;116,56;120,23;122,77;124,95;126,61;129,98;132,40;133,47;134,32;;109,79;110,71;113,23;115,71;117,24;117,98;119,57;120,75;121,75;122,33;;;;;;;;;;;
2020-09-12;;111,04;112,17;114,36;116,66;117,86;119,02;120,67;121,72;123,04;123,67;;115,43;116,56;120,23;122,77;124,95;126,60;129,98;132,40;133,47;134,32;;109,79;110,71;113,23;115,71;117,23;117,97;119,57;120,75;121,74;122,32;;;;;;;;;;;
2020-09-13;;111,03;112,17;114,36;116,66;117,86;119,01;120,67;121,72;123,04;123,67;;115,43;116,56;120,23;122,77;124,95;126,60;129,97;132,40;133,47;134,32;;109,79;110,71;113,23;115,71;117,23;117,97;119,57;120,75;121,74;122,32;;;;;;;;;;;
2020-09-14;;111,24;112,42;114,70;117,11;118,37;119,59;121,33;122,44;123,85;124,53;;115,69;116,86;120,62;123,26;125,49;127,18;130,64;133,14;134,24;135,11;;110,02;110,99;113,57;116,14;117,71;118,49;120,14;121,38;122,43;123,03;;;;;;;;;;;
2020-09-15;;111,34;112,56;114,93;117,42;118,73;120,00;121,83;122,99;124,48;125,19;;115,86;117,09;120,94;123,63;125,93;127,67;131,22;133,78;134,95;135,87;;110,19;111,17;113,84;116,49;118,11;118,92;120,65;121,95;123,06;123,68;;;;;;;;;;;
2020-09-16;;111,34;112,56;114,93;117,42;118,73;120,00;121,83;122,99;124,48;125,19;;115,93;117,18;121,04;123,80;126,12;127,89;131,45;134,02;135,26;136,19;;110,27;111,28;113,98;116,65;118,29;119,13;120,88;122,19;123,34;123,99;;;;;;;;;;;
2020-09-17;;111,31;112,48;114,77;117,16;118,42;119,63;121,38;122,48;123,89;124,56;;115,96;117,16;120,94;123,63;125,88;127,60;131,07;133,58;134,75;135,64;;110,29;111,27;113,87;116,45;118,04;118,83;120,50;121,76;122,84;123,46;;;;;;;;;;;
2020-09-18;;111,07;112,19;114,35;116,61;117,78;118,92;120,54;121,56;122,85;123,47;;115,65;116,81;120,44;123,05;125,22;126,88;130,22;132,61;133,73;134,61;;110,04;110,97;113,45;115,90;117,42;118,15;119,73;120,90;121,92;122,54;;;;;;;;;;;
2020-09-19;;111,07;112,19;114,35;116,61;117,78;118,92;120,54;121,56;122,85;123,47;;115,65;116,81;120,44;123,05;125,22;126,88;130,22;132,61;133,73;134,61;;110,03;110,97;113,45;115,90;117,42;118,15;119,73;120,90;121,92;122,53;;;;;;;;;;;
2020-09-20;;111,07;112,19;114,35;116,61;117,78;118,91;120,53;121,56;122,85;123,46;;115,64;116,81;120,44;123,05;125,22;126,87;130,21;132,61;133,73;134,61;;110,03;110,97;113,45;115,90;117,42;118,15;119,73;120,90;121,92;122,53;;;;;;;;;;;
2020-09-21;;111,07;112,15;114,23;116,39;117,52;118,60;120,14;121,11;122,33;122,91;;115,66;116,74;120,21;122,73;124,82;126,33;129,53;131,84;132,70;133,50;;110,00;110,90;113,25;115,55;117,01;117,64;119,06;120,16;121,02;121,59;;;;;;;;;;;
2020-09-22;;111,17;112,30;114,48;116,77;117,96;119,11;120,76;121,80;123,11;123,74;;115,81;116,91;120,50;123,08;125,23;126,79;130,11;132,51;133,38;134,16;;110,08;111,02;113,45;115,86;117,38;118,04;119,55;120,70;121,60;122,16;;;;;;;;;;;
2020-09-23;;110,93;111,98;114,01;116,12;117,21;118,26;119,76;120,69;121,87;122,42;;115,50;116,58;120,03;122,54;124,60;126,12;129,30;131,58;132,48;133,27;;109,85;110,74;113,09;115,37;116,81;117,45;118,87;119,94;120,81;121,37;;;;;;;;;;;
2020-09-24;;110,91;111,97;114,01;116,13;117,23;118,28;119,78;120,73;121,91;122,47;;115,49;116,50;119,94;122,36;124,39;125,87;129,03;131,29;132,07;132,79;;109,76;110,63;112,94;115,19;116,61;117,21;118,59;119,63;120,44;120,94;;;;;;;;;;;
2020-09-25;;111,12;112,25;114,45;116,75;117,95;119,11;120,76;121,81;123,13;123,77;;115,74;116,78;120,35;122,86;124,97;126,50;129,78;132,16;132,94;133,68;;109,95;110,87;113,31;115,70;117,19;117,85;119,32;120,43;121,28;121,81;;;;;;;;;;;
2020-09-26;;111,12;112,25;114,45;116,75;117,95;119,11;120,76;121,81;123,13;123,76;;115,74;116,78;120,35;122,86;124,96;126,50;129,78;132,16;132,94;133,68;;109,95;110,87;113,31;115,70;117,19;117,85;119,32;120,43;121,28;121,80;;;;;;;;;;;
2020-09-27;;111,11;112,25;114,45;116,75;117,95;119,10;120,76;121,81;123,13;123,76;;115,74;116,77;120,34;122,86;124,96;126,50;129,78;132,15;132,93;133,68;;109,95;110,87;113,31;115,69;117,19;117,84;119,31;120,43;121,28;121,80;;;;;;;;;;;
2020-09-28;;111,33;112,55;114,93;117,43;118,74;120,02;121,85;123,01;124,50;125,21;;115,97;117,08;120,83;123,54;125,75;127,42;130,90;133,39;134,35;135,17;;110,16;111,15;113,73;116,31;117,91;118,66;120,30;121,51;122,51;123,10;;;;;;;;;;;
2020-09-29;;111,27;112,43;114,68;117,05;118,28;119,47;121,18;122,26;123,64;124,29;;115,94;116,98;120,61;123,20;125,32;126,92;130,26;132,65;133,52;134,28;;110,13;111,08;113,54;115,99;117,51;118,20;119,73;120,86;121,76;122,31;;;;;;;;;;;
2020-09-30;;111,18;112,37;114,68;117,11;118,38;119,61;121,38;122,50;123,93;124,61;;115,91;117,01;120,72;123,30;125,50;127,11;130,51;132,98;133,88;134,70;;110,10;111,04;113,55;116,06;117,61;118,30;119,88;121,08;122,03;122,59;;;;;;;;;;;
2020-10-01;;111,32;112,54;114,90;117,38;118,68;119,94;121,76;122,92;124,39;125,09;;116,06;117,17;120,91;123,51;125,72;127,34;130,77;133,27;134,17;135,00;;110,25;111,19;113,74;116,28;117,85;118,55;120,15;121,36;122,32;122,89;;;;;;;;;;;
2020-10-02;;111,20;112,38;114,68;117,09;118,35;119,57;121,33;122,44;123,85;124,52;;116,03;117,14;120,83;123,36;125,55;127,14;130,51;132,96;133,86;134,68;;110,24;111,15;113,64;116,12;117,65;118,33;119,88;121,06;122,00;122,56;;;;;;;;;;;
2020-10-03;;111,20;112,38;114,68;117,09;118,35;119,57;121,32;122,44;123,85;124,52;;116,03;117,14;120,83;123,36;125,55;127,14;130,51;132,96;133,86;134,68;;110,24;111,15;113,64;116,12;117,65;118,32;119,88;121,06;122,00;122,55;;;;;;;;;;;
2020-10-04;;111,20;112,38;114,68;117,09;118,35;119,57;121,32;122,44;123,85;124,52;;116,03;117,14;120,82;123,36;125,55;127,14;130,51;132,96;133,85;134,67;;110,24;111,15;113,64;116,12;117,65;118,32;119,88;121,06;121,99;122,55;;;;;;;;;;;
2020-10-05;;111,33;112,57;115,00;117,56;118,91;120,21;122,10;123,30;124,83;125,56;;116,18;117,32;121,14;123,78;126,04;127,71;131,21;133,75;134,73;135,58;;110,36;111,32;113,94;116,55;118,15;118,91;120,57;121,82;122,84;123,42;;;;;;;;;;;
2020-10-06;;111,11;112,31;114,64;117,10;118,38;119,63;121,41;122,55;124,00;124,69;;116,05;117,21;120,93;123,58;125,81;127,45;130,88;133,35;134,37;135,25;;110,30;111,26;113,81;116,34;117,91;118,64;120,26;121,48;122,49;123,10;;;;;;;;;;;
2020-10-07;;111,22;112,51;115,02;117,67;119,07;120,42;122,39;123,64;125,25;126,02;;116,29;117,51;121,40;124,15;126,48;128,18;131,77;134,38;135,42;136,33;;110,49;111,49;114,20;116,89;118,54;119,34;121,06;122,39;123,48;124,10;;;;;;;;;;;
2020-10-08;;111,48;112,82;115,41;118,17;119,63;121,05;123,10;124,42;126,11;126,93;;116,62;117,89;121,88;124,74;127,14;128,90;132,59;135,29;136,41;137,35;;110,80;111,84;114,65;117,44;119,16;120,01;121,82;123,21;124,37;125,03;;;;;;;;;;;
2020-10-09;;111,57;112,92;115,55;118,34;119,81;121,25;123,33;124,67;126,39;127,22;;116,85;118,12;122,16;124,99;127,41;129,19;132,90;135,62;136,74;137,68;;111,02;112,05;114,88;117,70;119,42;120,28;122,10;123,50;124,67;125,30;;;;;;;;;;;
2020-10-10;;111,57;112,92;115,54;118,34;119,81;121,25;123,33;124,67;126,39;127,22;;116,84;118,12;122,16;124,99;127,41;129,19;132,89;135,61;136,74;137,68;;111,01;112,05;114,88;117,70;119,42;120,28;122,10;123,50;124,66;125,30;;;;;;;;;;;
2020-10-11;;111,57;112,91;115,54;118,33;119,81;121,25;123,33;124,67;126,39;127,21;;116,84;118,12;122,16;124,99;127,41;129,19;132,89;135,61;136,74;137,68;;111,01;112,05;114,88;117,70;119,42;120,27;122,10;123,50;124,66;125,30;;;;;;;;;;;
2020-10-12;;111,81;113,22;116,00;118,96;120,52;122,06;124,29;125,73;127,58;128,48;;117,18;118,53;122,73;125,69;128,21;130,07;133,93;136,78;137,98;138,99;;111,31;112,39;115,36;118,33;120,14;121,05;123,00;124,51;125,77;126,45;;;;;;;;;;;
2020-10-13;;111,99;113,40;116,16;119,10;120,66;122,18;124,40;125,82;127,66;128,55;;117,24;118,59;122,77;125,74;128,26;130,10;133,95;136,78;137,96;138,98;;111,39;112,47;115,44;118,39;120,20;121,11;123,04;124,54;125,79;126,49;;;;;;;;;;;
2020-10-14;;111,99;113,40;116,16;119,10;120,66;122,18;124,39;125,82;127,66;128,55;;117,24;118,59;122,76;125,74;128,26;130,09;133,95;136,78;137,96;138,98;;111,38;112,46;115,43;118,38;120,19;121,10;123,03;124,53;125,78;126,48;;;;;;;;;;;
2020-10-15;;111,96;113,32;115,98;118,80;120,29;121,75;123,86;125,21;126,96;127,80;;117,24;118,50;122,52;125,35;127,78;129,49;133,20;135,93;136,90;137,83;;111,37;112,39;115,22;118,03;119,75;120,56;122,35;123,76;124,85;125,49;;;;;;;;;;;
2020-10-16;;111,99;113,34;116,00;118,82;120,31;121,76;123,87;125,22;126,96;127,80;;117,41;118,70;122,76;125,56;128,00;129,73;133,45;136,19;137,22;138,17;;111,55;112,56;115,40;118,22;119,95;120,76;122,56;123,98;125,10;125,73;;;;;;;;;;;
2020-10-17;;111,98;113,34;116,00;118,82;120,31;121,76;123,87;125,22;126,96;127,80;;117,41;118,70;122,76;125,56;128,00;129,73;133,44;136,19;137,22;138,17;;111,55;112,56;115,40;118,22;119,95;120,76;122,56;123,98;125,10;125,73;;;;;;;;;;;
2020-10-18;;111,98;113,34;115,99;118,81;120,30;121,76;123,87;125,22;126,96;127,80;;117,41;118,69;122,76;125,55;128,00;129,73;133,44;136,19;137,22;138,17;;111,55;112,56;115,40;118,22;119,94;120,76;122,56;123,98;125,10;125,73;;;;;;;;;;;
2020-10-19;;111,69;112,96;115,45;118,07;119,45;120,80;122,73;123,97;125,55;126,31;;117,03;118,27;122,15;124,87;127,21;128,89;132,44;135,04;136,07;137,00;;111,24;112,21;114,91;117,57;119,21;119,98;121,67;122,99;124,06;124,69;;;;;;;;;;;
2020-10-20;;111,53;112,80;115,27;117,89;119,26;120,60;122,52;123,76;125,33;126,08;;116,95;118,22;122,10;124,78;127,13;128,79;132,34;134,96;135,97;136,90;;111,16;112,11;114,80;117,45;119,09;119,83;121,51;122,85;123,92;124,53;;;;;;;;;;;
2020-10-21;;111,34;112,58;115,00;117,55;118,89;120,18;122,05;123,24;124,76;125,49;;116,78;118,02;121,81;124,49;126,80;128,42;131,90;134,46;135,41;136,32;;111,00;111,96;114,59;117,16;118,78;119,50;121,12;122,42;123,44;124,06;;;;;;;;;;;
2020-10-22;;111,22;112,50;115,00;117,65;119,04;120,39;122,35;123,60;125,19;125,96;;116,65;117,92;121,79;124,49;126,86;128,50;132,06;134,69;135,66;136,60;;110,86;111,82;114,52;117,17;118,82;119,57;121,25;122,60;123,67;124,30;;;;;;;;;;;
2020-10-23;;111,35;112,65;115,18;117,86;119,27;120,65;122,63;123,90;125,53;126,31;;116,82;118,11;122,03;124,77;127,16;128,84;132,44;135,10;136,11;137,06;;111,00;111,99;114,72;117,42;119,09;119,86;121,58;122,95;124,06;124,69;;;;;;;;;;;
2020-10-24;;111,35;112,65;115,18;117,86;119,27;120,64;122,63;123,90;125,53;126,31;;116,82;118,10;122,03;124,77;127,16;128,83;132,44;135,10;136,11;137,05;;111,00;111,98;114,72;117,41;119,09;119,86;121,58;122,95;124,06;124,68;;;;;;;;;;;
2020-10-25;;111,35;112,65;115,18;117,86;119,27;120,64;122,63;123,90;125,52;126,31;;116,82;118,10;122,02;124,77;127,16;128,83;132,44;135,10;136,11;137,05;;111,00;111,98;114,72;117,41;119,09;119,86;121,58;122,95;124,06;124,68;;;;;;;;;;;
2020-10-26;;111,23;112,43;114,77;117,23;118,52;119,76;121,55;122,69;124,13;124,83;;116,59;117,81;121,53;124,12;126,39;127,94;131,34;133,85;134,70;135,59;;110,83;111,74;114,33;116,82;118,39;119,07;120,61;121,87;122,84;123,42;;;;;;;;;;;
2020-10-27;;111,33;112,50;114,76;117,13;118,37;119,56;121,27;122,36;123,73;124,39;;116,72;117,92;121,55;124,09;126,32;127,79;131,12;133,57;134,33;135,20;;110,97;111,86;114,35;116,75;118,29;118,90;120,36;121,58;122,48;123,04;;;;;;;;;;;
2020-10-28;;110,91;111,94;113,91;115,95;117,00;118,01;119,43;120,32;121,43;121,95;;116,10;117,20;120,49;122,85;124,91;126,20;129,23;131,45;132,03;132,86;;110,45;111,25;113,49;115,59;116,98;117,45;118,67;119,73;120,44;120,99;;;;;;;;;;;
2020-10-29;;111,03;112,13;114,27;116,50;117,65;118,77;120,35;121,35;122,61;123,21;;116,50;117,65;121,10;123,57;125,72;127,06;130,24;132,59;133,16;134,01;;110,77;111,62;113,97;116,21;117,68;118,19;119,51;120,65;121,42;121,97;;;;;;;;;;;
2020-10-30;;110,69;111,75;113,78;115,89;116,99;118,03;119,52;120,45;121,62;122,17;;116,29;117,37;120,72;123,03;125,10;126,38;129,44;131,69;132,20;132,99;;110,58;111,36;113,61;115,74;117,13;117,58;118,80;119,87;120,55;121,05;;;;;;;;;;;
2020-10-31;;110,69;111,75;113,78;115,89;116,98;118,03;119,52;120,45;121,62;122,17;;116,29;117,37;120,72;123,03;125,10;126,38;129,43;131,69;132,20;132,99;;110,57;111,36;113,61;115,74;117,13;117,58;118,80;119,87;120,55;121,05;;;;;;;;;;;
2020-11-01;;110,69;111,75;113,78;115,89;116,98;118,03;119,52;120,45;121,62;122,17;;116,29;117,37;120,72;123,03;125,10;126,38;129,43;131,69;132,20;132,99;;110,57;111,36;113,61;115,74;117,12;117,58;118,80;119,87;120,55;121,05;;;;;;;;;;;
2020-11-02;;111,01;112,14;114,32;116,61;117,79;118,94;120,57;121,60;122,91;123,52;;116,48;117,63;121,15;123,66;125,84;127,24;130,48;132,86;133,53;134,40;;110,74;111,60;114,00;116,31;117,80;118,35;119,74;120,90;121,73;122,31;;;;;;;;;;;
2020-11-03;;111,14;112,35;114,68;117,13;118,42;119,66;121,44;122,57;124,01;124,69;;116,72;117,91;121,59;124,17;126,41;127,93;131,30;133,77;134,58;135,48;;110,95;111,85;114,41;116,87;118,42;119,08;120,59;121,82;122,74;123,33;;;;;;;;;;;
2020-11-04;;111,87;113,18;115,74;118,44;119,87;121,25;123,25;124,53;126,17;126,95;;117,24;118,53;122,47;125,31;127,71;129,39;133,03;135,69;136,69;137,69;;111,41;112,42;115,18;117,91;119,61;120,38;122,12;123,50;124,60;125,28;;;;;;;;;;;
2020-11-05;;112,14;113,51;116,18;119,02;120,52;121,98;124,10;125,46;127,20;128,05;;117,47;118,84;122,91;125,91;128,42;130,18;133,96;136,72;137,86;138,94;;111,68;112,75;115,65;118,51;120,30;121,15;123,01;124,49;125,69;126,45;;;;;;;;;;;
2020-11-06;;111,92;113,28;115,93;118,76;120,25;121,70;123,80;125,15;126,88;127,72;;117,36;118,74;122,78;125,80;128,30;130,05;133,81;136,56;137,72;138,81;;111,59;112,66;115,53;118,38;120,16;121,01;122,86;124,33;125,55;126,31;;;;;;;;;;;
2020-11-07;;111,91;113,27;115,93;118,76;120,24;121,70;123,80;125,15;126,88;127,72;;117,36;118,74;122,78;125,80;128,29;130,05;133,81;136,56;137,71;138,80;;111,59;112,66;115,53;118,38;120,16;121,01;122,86;124,33;125,55;126,31;;;;;;;;;;;
2020-11-08;;111,91;113,27;115,93;118,75;120,24;121,70;123,80;125,15;126,88;127,71;;117,35;118,74;122,78;125,79;128,29;130,05;133,81;136,56;137,71;138,80;;111,58;112,66;115,53;118,38;120,15;121,01;122,86;124,33;125,55;126,31;;;;;;;;;;;
2020-11-09;;111,83;113,31;116,22;119,32;120,97;122,58;124,94;126,46;128,42;129,38;;117,31;118,86;123,25;126,53;129,24;131,26;135,36;138,35;139,94;141,19;;111,56;112,75;115,92;119,11;121,06;122,14;124,31;125,99;127,53;128,41;;;;;;;;;;;
2020-11-10;;111,71;113,21;116,17;119,33;121,01;122,65;125,06;126,61;128,62;129,60;;117,30;118,84;123,25;126,61;129,32;131,41;135,54;138,54;140,20;141,41;;111,53;112,76;115,99;119,22;121,20;122,34;124,56;126,24;127,82;128,70;;;;;;;;;;;
2020-11-11;;111,95;113,54;116,65;120,00;121,79;123,55;126,12;127,79;129,96;131,02;;117,69;119,27;123,83;127,37;130,16;132,35;136,64;139,76;141,52;142,76;;111,86;113,18;116,55;119,94;122,01;123,25;125,60;127,36;129,05;129,97;;;;;;;;;;;
2020-11-12;;112,04;113,54;116,49;119,64;121,32;122,96;125,35;126,90;128,90;129,87;;117,64;119,18;123,58;127,01;129,70;131,79;135,93;138,91;140,57;141,77;;111,87;113,14;116,36;119,59;121,57;122,72;124,94;126,60;128,18;129,06;;;;;;;;;;;
2020-11-13;;112,19;113,73;116,76;120,02;121,75;123,44;125,93;127,54;129,62;130,63;;117,91;119,48;123,98;127,43;130,19;132,31;136,52;139,60;141,25;142,47;;112,10;113,37;116,66;119,98;122,01;123,17;125,44;127,17;128,77;129,66;;;;;;;;;;;
2020-11-14;;112,19;113,73;116,76;120,01;121,74;123,44;125,93;127,53;129,62;130,63;;117,91;119,48;123,98;127,43;130,19;132,30;136,52;139,59;141,25;142,47;;112,09;113,37;116,66;119,98;122,00;123,17;125,44;127,17;128,77;129,65;;;;;;;;;;;
2020-11-15;;112,19;113,73;116,76;120,01;121,74;123,44;125,92;127,53;129,61;130,63;;117,91;119,48;123,98;127,43;130,19;132,30;136,52;139,59;141,25;142,46;;112,09;113,37;116,66;119,98;122,00;123,17;125,44;127,16;128,77;129,65;;;;;;;;;;;
2020-11-16;;112,39;114,00;117,16;120,57;122,39;124,18;126,81;128,51;130,72;131,80;;118,21;119,84;124,49;128,12;130,98;133,20;137,57;140,76;142,56;143,83;;112,37;113,72;117,17;120,64;122,76;124,02;126,43;128,25;129,98;130,92;;;;;;;;;;;
2020-11-17;;112,46;114,04;117,14;120,46;122,24;123,98;126,53;128,19;130,34;131,38;;118,21;119,80;124,36;127,95;130,74;132,92;137,21;140,32;142,07;143,31;;112,38;113,71;117,09;120,48;122,55;123,78;126,12;127,88;129,56;130,48;;;;;;;;;;;
2020-11-18;;112,42;113,96;116,98;120,22;121,94;123,63;126,10;127,70;129,77;130,77;;118,02;119,62;124,10;127,64;130,40;132,55;136,77;139,81;141,60;142,88;;112,25;113,55;116,89;120,20;122,23;123,45;125,74;127,47;129,14;130,08;;;;;;;;;;;
2020-11-19;;112,58;114,13;117,20;120,49;122,24;123,96;126,48;128,11;130,22;131,25;;118,13;119,70;124,19;127,74;130,49;132,64;136,87;139,93;141,64;142,88;;112,32;113,63;116,97;120,30;122,34;123,56;125,85;127,57;129,21;130,13;;;;;;;;;;;
2020-11-20;;112,64;114,17;117,18;120,40;122,12;123,80;126,26;127,85;129,90;130,90;;118,10;119,70;124,16;127,70;130,45;132,58;136,78;139,81;141,58;142,87;;112,35;113,64;116,96;120,25;122,27;123,48;125,76;127,47;129,13;130,08;;;;;;;;;;;
2020-11-21;;112,64;114,17;117,18;120,40;122,12;123,80;126,26;127,85;129,90;130,90;;118,10;119,70;124,16;127,69;130,45;132,58;136,78;139,81;141,57;142,86;;112,35;113,64;116,96;120,25;122,27;123,48;125,75;127,47;129,12;130,08;;;;;;;;;;;
2020-11-22;;112,64;114,17;117,18;120,40;122,12;123,80;126,25;127,84;129,90;130,90;;118,10;119,70;124,15;127,69;130,44;132,58;136,78;139,80;141,57;142,86;;112,34;113,63;116,96;120,25;122,27;123,48;125,75;127,47;129,12;130,08;;;;;;;;;;;
2020-11-23;;112,67;114,24;117,32;120,64;122,40;124,13;126,67;128,31;130,44;131,48;;118,20;119,87;124,41;128,01;130,84;133,00;137,28;140,39;142,19;143,53;;112,45;113,76;117,15;120,52;122,59;123,82;126,16;127,95;129,66;130,63;;;;;;;;;;;
2020-11-24;;112,77;114,41;117,64;121,12;122,98;124,81;127,50;129,25;131,52;132,62;;118,46;120,16;124,84;128,60;131,50;133,77;138,20;141,42;143,33;144,67;;112,65;114,04;117,57;121,09;123,25;124,58;127,04;128,90;130,72;131,72;;;;;;;;;;;
2020-11-25;;112,75;114,37;117,59;121,05;122,90;124,72;127,39;129,12;131,38;132,48;;118,44;120,10;124,73;128,46;131,32;133,58;137,96;141,14;143,02;144,32;;112,62;114,01;117,51;120,99;123,12;124,45;126,88;128,70;130,48;131,45;;;;;;;;;;;
2020-11-26;;112,79;114,42;117,63;121,09;122,93;124,75;127,42;129,15;131,40;132,50;;118,49;120,18;124,81;128,59;131,47;133,72;138,13;141,31;143,20;144,54;;112,69;114,09;117,58;121,06;123,21;124,53;126,97;128,81;130,61;131,62;;;;;;;;;;;
2020-11-27;;112,79;114,41;117,63;121,08;122,93;124,75;127,41;129,15;131,40;132,50;;118,49;120,18;124,81;128,59;131,47;133,72;138,12;141,31;143,20;144,54;;112,69;114,09;117,58;121,06;123,21;124,53;126,97;128,81;130,61;131,62;;;;;;;;;;;
2020-11-28;;112,79;114,41;117,63;121,08;122,93;124,75;127,41;129,14;131,40;132,49;;118,49;120,17;124,81;128,59;131,47;133,72;138,12;141,30;143,20;144,54;;112,69;114,09;117,58;121,06;123,21;124,53;126,97;128,81;130,60;131,61;;;;;;;;;;;
2020-11-29;;112,78;114,41;117,62;121,08;122,93;124,75;127,41;129,14;131,39;132,49;;118,49;120,17;124,81;128,59;131,47;133,72;138,12;141,30;143,20;144,54;;112,69;114,09;117,57;121,06;123,21;124,53;126,97;128,80;130,60;131,61;;;;;;;;;;;
2020-11-30;;112,75;114,33;117,44;120,78;122,56;124,31;126,87;128,53;130,69;131,74;;118,33;119,91;124,44;128,03;130,80;132,99;137,26;140,35;142,11;143,31;;112,51;113,85;117,19;120,56;122,62;123,86;126,19;127,92;129,59;130,50;;;;;;;;;;;
2020-12-01;;112,60;114,21;117,39;120,82;122,65;124,44;127,08;128,79;131,02;132,10;;118,17;119,83;124,45;128,13;130,98;133,23;137,61;140,78;142,65;143,92;;112,38;113,75;117,18;120,64;122,76;124,06;126,48;128,29;130,06;131,01;;;;;;;;;;;
2020-12-02;;112,51;114,12;117,28;120,69;122,50;124,29;126,91;128,61;130,82;131,89;;118,19;119,85;124,47;128,13;130,97;133,23;137,59;140,75;142,64;143,91;;112,40;113,77;117,19;120,64;122,76;124,05;126,46;128,26;130,04;130,98;;;;;;;;;;;
2020-12-03;;112,61;114,19;117,29;120,62;122,40;124,14;126,69;128,35;130,49;131,53;;118,32;119,97;124,52;128,15;130,95;133,17;137,45;140,57;142,42;143,66;;112,57;113,92;117,29;120,68;122,76;124,02;126,37;128,14;129,86;130,78;;;;;;;;;;;
2020-12-04;;112,56;114,19;117,42;120,89;122,75;124,58;127,26;129,00;131,26;132,37;;118,42;120,14;124,81;128,53;131,43;133,71;138,12;141,33;143,27;144,58;;112,66;114,04;117,51;121,02;123,17;124,48;126,93;128,79;130,61;131,57;;;;;;;;;;;
2020-12-05;;112,56;114,19;117,42;120,89;122,75;124,58;127,26;129,00;131,26;132,37;;118,42;120,13;124,81;128,53;131,42;133,70;138,11;141,33;143,27;144,58;;112,65;114,04;117,51;121,02;123,16;124,48;126,93;128,79;130,61;131,57;;;;;;;;;;;
2020-12-06;;112,56;114,19;117,42;120,89;122,75;124,57;127,25;129,00;131,26;132,37;;118,42;120,13;124,81;128,53;131,42;133,70;138,11;141,33;143,27;144,58;;112,65;114,04;117,51;121,02;123,16;124,48;126,93;128,79;130,61;131,57;;;;;;;;;;;
2020-12-07;;112,75;114,37;117,56;121,00;122,84;124,65;127,30;129,02;131,25;132,34;;118,60;120,30;124,94;128,60;131,48;133,72;138,08;141,26;143,16;144,46;;112,83;114,18;117,63;121,09;123,21;124,49;126,90;128,74;130,51;131,46;;;;;;;;;;;
2020-12-08;;112,89;114,53;117,77;121,26;123,12;124,96;127,65;129,40;131,67;132,78;;118,83;120,54;125,22;128,89;131,79;134,04;138,42;141,64;143,53;144,84;;113,03;114,39;117,86;121,35;123,48;124,77;127,20;129,05;130,84;131,79;;;;;;;;;;;
2020-12-09;;112,76;114,39;117,60;121,06;122,90;124,72;127,38;129,11;131,36;132,46;;118,75;120,47;125,12;128,85;131,74;134,00;138,39;141,58;143,52;144,86;;112,98;114,36;117,84;121,32;123,46;124,77;127,21;129,05;130,87;131,85;;;;;;;;;;;
2020-12-10;;112,83;114,43;117,59;120,98;122,79;124,57;127,17;128,86;131,06;132,13;;118,64;120,33;124,92;128,57;131,41;133,63;137,94;141,08;142,97;144,28;;112,88;114,23;117,66;121,07;123,16;124,44;126,81;128,62;130,38;131,34;;;;;;;;;;;
2020-12-11;;112,94;114,53;117,67;121,03;122,83;124,59;127,17;128,85;131,02;132,08;;118,80;120,48;125,03;128,68;131,52;133,69;137,98;141,09;142,92;144,24;;113,04;114,38;117,78;121,16;123,25;124,49;126,83;128,62;130,34;131,31;;;;;;;;;;;
2020-12-12;;112,94;114,53;117,66;121,03;122,83;124,59;127,17;128,84;131,02;132,07;;118,80;120,48;125,03;128,68;131,51;133,69;137,98;141,09;142,92;144,24;;113,04;114,38;117,78;121,16;123,24;124,49;126,83;128,62;130,34;131,31;;;;;;;;;;;
2020-12-13;;112,94;114,53;117,66;121,03;122,82;124,59;127,17;128,84;131,01;132,07;;118,80;120,48;125,02;128,68;131,51;133,69;137,98;141,09;142,92;144,23;;113,04;114,38;117,78;121,16;123,24;124,49;126,83;128,62;130,34;131,31;;;;;;;;;;;
2020-12-14;;112,85;114,42;117,54;120,88;122,66;124,41;126,97;128,63;130,78;131,83;;118,71;120,37;124,88;128,52;131,32;133,51;137,76;140,85;142,69;143,97;;112,96;114,30;117,68;121,03;123,10;124,35;126,68;128,43;130,15;131,09;;;;;;;;;;;
2020-12-15;;112,92;114,54;117,74;121,19;123,03;124,83;127,48;129,21;131,44;132,53;;118,85;120,52;125,14;128,81;131,66;133,89;138,22;141,38;143,23;144,51;;113,06;114,42;117,86;121,30;123,41;124,69;127,07;128,88;130,62;131,56;;;;;;;;;;;
2020-12-16;;112,85;114,49;117,71;121,18;123,04;124,87;127,54;129,29;131,55;132,65;;118,64;120,37;125,04;128,80;131,70;133,98;138,38;141,59;143,56;144,91;;112,90;114,29;117,79;121,29;123,44;124,77;127,23;129,08;130,91;131,90;;;;;;;;;;;
2020-12-17;;112,91;114,56;117,82;121,33;123,21;125,06;127,78;129,54;131,84;132,96;;118,71;120,45;125,14;128,93;131,84;134,14;138,57;141,78;143,79;145,14;;112,97;114,37;117,90;121,43;123,59;124,94;127,42;129,29;131,14;132,14;;;;;;;;;;;
2020-12-18;;112,85;114,49;117,72;121,21;123,07;124,90;127,59;129,33;131,60;132,71;;118,59;120,30;124,95;128,70;131,58;133,86;138,25;141,43;143,41;144,75;;112,86;114,24;117,72;121,20;123,34;124,67;127,11;128,95;130,77;131,77;;;;;;;;;;;
2020-12-19;;112,85;114,49;117,72;121,21;123,07;124,90;127,58;129,33;131,60;132,71;;118,59;120,30;124,95;128,70;131,58;133,86;138,25;141,43;143,40;144,75;;112,86;114,24;117,72;121,20;123,34;124,66;127,11;128,95;130,77;131,76;;;;;;;;;;;
2020-12-20;;112,85;114,49;117,72;121,20;123,07;124,90;127,58;129,33;131,60;132,71;;118,58;120,30;124,95;128,70;131,58;133,86;138,25;141,43;143,40;144,74;;112,86;114,24;117,72;121,20;123,34;124,66;127,11;128,95;130,77;131,76;;;;;;;;;;;
2020-12-21;;112,80;114,41;117,57;120,96;122,77;124,55;127,16;128,85;131,05;132,12;;118,44;120,09;124,61;128,24;131,05;133,21;137,49;140,59;142,35;143,63;;112,70;114,04;117,42;120,78;122,86;124,10;126,42;128,19;129,87;130,82;;;;;;;;;;;
2020-12-22;;112,92;114,53;117,71;121,13;122,96;124,76;127,39;129,10;131,31;132,39;;118,58;120,24;124,82;128,42;131,25;133,44;137,74;140,87;142,69;143,96;;112,82;114,16;117,55;120,95;123,03;124,27;126,62;128,41;130,12;131,05;;;;;;;;;;;
2020-12-23;;112,77;114,40;117,62;121,08;122,93;124,76;127,43;129,16;131,42;132,52;;118,31;120,02;124,67;128,35;131,23;133,50;137,86;141,04;143,00;144,33;;112,60;113,96;117,43;120,90;123,03;124,34;126,77;128,61;130,41;131,39;;;;;;;;;;;
2020-12-24;;112,85;114,49;117,73;121,22;123,09;124,93;127,62;129,38;131,66;132,77;;118,42;120,12;124,79;128,50;131,38;133,66;138,06;141,25;143,21;144,53;;112,68;114,06;117,56;121,05;123,19;124,52;126,97;128,81;130,62;131,59;;;;;;;;;;;
2020-12-25;;112,84;114,49;117,73;121,22;123,09;124,93;127,62;129,38;131,66;132,77;;118,42;120,12;124,79;128,50;131,38;133,66;138,06;141,25;143,21;144,53;;112,67;114,05;117,55;121,05;123,19;124,52;126,97;128,81;130,62;131,59;;;;;;;;;;;
2020-12-26;;112,84;114,49;117,73;121,22;123,09;124,93;127,62;129,37;131,65;132,77;;118,41;120,12;124,78;128,50;131,38;133,66;138,05;141,25;143,21;144,52;;112,67;114,05;117,55;121,05;123,19;124,52;126,97;128,81;130,62;131,59;;;;;;;;;;;
2020-12-27;;112,84;114,48;117,73;121,22;123,09;124,92;127,62;129,37;131,65;132,76;;118,41;120,12;124,78;128,49;131,38;133,66;138,05;141,25;143,21;144,52;;112,67;114,05;117,55;121,05;123,18;124,52;126,97;128,81;130,62;131,59;;;;;;;;;;;
2020-12-28;;112,97;114,65;117,95;121,51;123,41;125,29;128,04;129,84;132,17;133,31;;118,67;120,37;125,12;128,89;131,80;134,13;138,59;141,84;143,83;145,13;;112,88;114,29;117,85;121,42;123,59;124,96;127,46;129,33;131,18;132,14;;;;;;;;;;;
2020-12-29;;113,03;114,70;117,99;121,54;123,44;125,31;128,06;129,85;132,17;133,31;;118,74;120,48;125,22;129,10;132,03;134,40;138,89;142,13;144,23;145,58;;112,99;114,44;118,00;121,59;123,78;125,18;127,72;129,61;131,51;132,54;;;;;;;;;;;
2020-12-30;;112,98;114,62;117,88;121,38;123,25;125,10;127,80;129,56;131,85;132,96;;118,65;120,43;125,14;128,99;131,93;134,27;138,73;141,96;144,06;145,46;;112,94;114,36;117,92;121,47;123,66;125,04;127,55;129,45;131,36;132,40;;;;;;;;;;;
2020-12-31;;113,13;114,82;118,15;121,75;123,68;125,57;128,36;130,18;132,54;133,70;;118,79;120,61;125,42;129,36;132,37;134,74;139,31;142,63;144,74;146,17;;113,06;114,52;118,14;121,79;124,04;125,44;128,03;130,00;131,95;133,02;;;;;;;;;;;
2021-01-01;;113,13;114,82;118,15;121,75;123,67;125,57;128,36;130,18;132,54;133,70;;118,79;120,61;125,42;129,36;132,37;134,74;139,31;142,63;144,73;146,17;;113,06;114,52;118,14;121,79;124,04;125,44;128,03;129,99;131,95;133,02;;;;;;;;;;;
2021-01-02;;113,13;114,82;118,15;121,75;123,67;125,57;128,36;130,17;132,54;133,70;;118,79;120,61;125,42;129,36;132,37;134,74;139,30;142,63;144,73;146,17;;113,06;114,51;118,14;121,79;124,04;125,44;128,03;129,99;131,95;133,02;;;;;;;;;;;
2021-01-03;;113,13;114,82;118,15;121,75;123,67;125,57;128,36;130,17;132,54;133,69;;118,79;120,61;125,41;129,36;132,37;134,74;139,30;142,62;144,73;146,17;;113,06;114,51;118,13;121,79;124,03;125,44;128,03;129,99;131,95;133,01;;;;;;;;;;;
2021-01-04;;113,00;114,62;117,82;121,26;123,10;124,91;127,56;129,28;131,52;132,61;;118,76;120,57;125,26;129,10;132,04;134,36;138,78;141,99;144,13;145,59;;113,11;114,50;118,04;121,57;123,74;125,10;127,59;129,49;131,41;132,49;;;;;;;;;;;
2021-01-05;;112,95;114,61;117,88;121,41;123,30;125,15;127,88;129,65;131,96;133,09;;118,77;120,64;125,39;129,31;132,32;134,67;139,18;142,46;144,64;146,16;;113,11;114,53;118,15;121,74;123,96;125,36;127,92;129,89;131,87;132,99;;;;;;;;;;;
2021-01-06;;112,73;114,43;117,80;121,44;123,39;125,31;128,14;129,98;132,38;133,56;;118,80;120,69;125,56;129,52;132,58;135,01;139,61;142,96;145,26;146,78;;113,10;114,55;118,23;121,92;124,18;125,63;128,28;130,29;132,36;133,48;;;;;;;;;;;
2021-01-07;;112,84;114,64;118,20;122,07;124,14;126,20;129,23;131,22;133,81;135,09;;119,03;120,99;126,03;130,18;133,35;135,89;140,69;144,18;146,58;148,15;;113,28;114,82;118,66;122,54;124,91;126,46;129,27;131,39;133,59;134,75;;;;;;;;;;;
2021-01-08;;112,91;114,75;118,41;122,39;124,53;126,65;129,79;131,84;134,53;135,85;;119,24;121,31;126,46;130,82;134,10;136,72;141,65;145,26;147,81;149,50;;113,51;115,11;119,07;123,08;125,54;127,17;130,09;132,33;134,67;135,93;;;;;;;;;;;
2021-01-09;;112,91;114,75;118,41;122,39;124,53;126,65;129,78;131,84;134,53;135,85;;119,24;121,31;126,46;130,82;134,10;136,72;141,65;145,26;147,81;149,50;;113,51;115,11;119,07;123,08;125,54;127,17;130,09;132,33;134,67;135,93;;;;;;;;;;;
2021-01-10;;112,91;114,75;118,41;122,39;124,53;126,65;129,78;131,84;134,53;135,85;;119,24;121,30;126,46;130,81;134,10;136,72;141,65;145,25;147,81;149,50;;113,51;115,11;119,07;123,08;125,54;127,17;130,09;132,33;134,67;135,92;;;;;;;;;;;
2021-01-11;;112,78;114,63;118,30;122,30;124,45;126,58;129,73;131,79;134,50;135,83;;119,06;121,14;126,29;130,68;133,99;136,60;141,56;145,17;147,72;149,44;;113,33;114,94;118,89;122,91;125,39;127,02;129,95;132,20;134,56;135,84;;;;;;;;;;;
2021-01-12;;112,66;114,52;118,22;122,24;124,41;126,55;129,73;131,81;134,54;135,89;;118,75;120,86;126,03;130,47;133,80;136,44;141,44;145,08;147,69;149,43;;113,04;114,67;118,65;122,70;125,20;126,86;129,83;132,11;134,53;135,84;;;;;;;;;;;
2021-01-13;;112,99;114,85;118,54;122,55;124,72;126,86;130,03;132,11;134,83;136,17;;119,18;121,31;126,50;130,98;134,33;136,96;141,97;145,63;148,23;149,98;;113,45;115,09;119,08;123,15;125,66;127,31;130,29;132,58;135,00;136,30;;;;;;;;;;;
2021-01-14;;112,95;114,82;118,54;122,58;124,76;126,92;130,12;132,21;134,96;136,31;;119,19;121,34;126,55;131,09;134,45;137,12;142,16;145,82;148,51;150,32;;113,50;115,16;119,17;123,26;125,79;127,47;130,49;132,80;135,26;136,62;;;;;;;;;;;
2021-01-15;;112,93;114,77;118,42;122,39;124,53;126,65;129,78;131,83;134,52;135,84;;119,09;121,21;126,34;130,80;134,12;136,73;141,70;145,31;147,90;149,65;;113,38;115,01;118,98;122,99;125,49;127,13;130,06;132,33;134,73;136,04;;;;;;;;;;;
2021-01-16;;112,93;114,77;118,42;122,39;124,53;126,65;129,78;131,83;134,52;135,84;;119,09;121,20;126,34;130,80;134,12;136,73;141,69;145,31;147,89;149,64;;113,38;115,01;118,98;122,99;125,49;127,12;130,06;132,33;134,72;136,04;;;;;;;;;;;
2021-01-17;;112,92;114,77;118,42;122,39;124,53;126,65;129,78;131,83;134,51;135,83;;119,09;121,20;126,34;130,80;134,12;136,73;141,69;145,31;147,89;149,64;;113,38;115,01;118,97;122,99;125,48;127,12;130,06;132,33;134,72;136,04;;;;;;;;;;;
2021-01-18;;112,89;114,74;118,40;122,38;124,53;126,65;129,79;131,85;134,55;135,87;;118,98;121,11;126,28;130,75;134,09;136,72;141,71;145,35;147,97;149,74;;113,28;114,91;118,89;122,94;125,44;127,09;130,05;132,34;134,77;136,09;;;;;;;;;;;
2021-01-19;;113,01;114,87;118,56;122,59;124,75;126,90;130,08;132,16;134,89;136,23;;119,11;121,29;126,50;131,02;134,41;137,05;142,08;145,77;148,40;150,22;;113,42;115,06;119,11;123,19;125,73;127,40;130,39;132,73;135,18;136,54;;;;;;;;;;;
2021-01-20;;113,19;115,13;118,99;123,19;125,46;127,72;131,06;133,26;136,15;137,57;;119,34;121,61;127,00;131,66;135,19;137,91;143,14;146,97;149,74;151,66;;113,62;115,31;119,51;123,77;126,41;128,15;131,30;133,77;136,36;137,78;;;;;;;;;;;
2021-01-21;;112,98;114,91;118,75;122,94;125,21;127,46;130,79;132,98;135,85;137,27;;118,96;121,24;126,61;131,29;134,81;137,55;142,78;146,61;149,42;151,36;;113,28;114,98;119,18;123,44;126,08;127,85;131,01;133,48;136,10;137,54;;;;;;;;;;;
2021-01-22;;112,91;114,80;118,57;122,67;124,89;127,08;130,33;132,46;135,26;136,64;;118,90;121,11;126,39;130,96;134,40;137,08;142,21;145,96;148,67;150,55;;113,21;114,87;118,97;123,13;125,71;127,41;130,48;132,88;135,41;136,81;;;;;;;;;;;
2021-01-23;;112,91;114,80;118,57;122,67;124,89;127,08;130,33;132,46;135,26;136,64;;118,90;121,11;126,39;130,96;134,40;137,08;142,21;145,96;148,67;150,55;;113,21;114,87;118,96;123,13;125,71;127,41;130,48;132,88;135,41;136,80;;;;;;;;;;;
2021-01-24;;112,91;114,80;118,57;122,67;124,89;127,08;130,33;132,46;135,26;136,64;;118,89;121,11;126,39;130,96;134,40;137,08;142,21;145,96;148,67;150,55;;113,21;114,87;118,96;123,12;125,71;127,41;130,48;132,88;135,41;136,80;;;;;;;;;;;
2021-01-25;;113,18;115,09;118,89;123,02;125,26;127,47;130,75;132,90;135,72;137,12;;119,19;121,44;126,75;131,39;134,88;137,54;142,72;146,50;149,18;151,12;;113,50;115,17;119,31;123,51;126,12;127,82;130,91;133,35;135,89;137,33;;;;;;;;;;;
2021-01-26;;113,09;114,97;118,72;122,81;125,01;127,19;130,42;132,54;135,32;136,69;;119,11;121,31;126,60;131,15;134,59;137,25;142,37;146,12;148,77;150,63;;113,41;115,06;119,17;123,33;125,90;127,60;130,65;133,04;135,53;136,90;;;;;;;;;;;
2021-01-27;;112,86;114,66;118,21;122,06;124,13;126,17;129,19;131,17;133,75;135,01;;118,93;121,06;126,10;130,52;133,82;136,36;141,26;144,82;147,36;149,15;;113,28;114,88;118,80;122,73;125,19;126,80;129,67;131,91;134,28;135,61;;;;;;;;;;;
2021-01-28;;112,84;114,66;118,26;122,17;124,27;126,35;129,42;131,43;134,06;135,36;;118,92;121,01;126,13;130,47;133,78;136,33;141,25;144,85;147,31;149,02;;113,21;114,80;118,72;122,69;125,16;126,74;129,62;131,87;134,18;135,44;;;;;;;;;;;
2021-01-29;;112,38;114,08;117,44;121,08;123,02;124,94;127,76;129,59;131,99;133,16;;118,42;120,40;125,25;129,30;132,43;134,81;139,43;142,83;145,06;146,64;;112,77;114,24;117,94;121,64;123,94;125,38;128,01;130,09;132,19;133,33;;;;;;;;;;;
2021-01-30;;112,38;114,08;117,44;121,07;123,02;124,94;127,76;129,59;131,99;133,16;;118,42;120,40;125,25;129,30;132,43;134,80;139,43;142,83;145,06;146,63;;112,77;114,24;117,94;121,63;123,94;125,37;128,01;130,09;132,18;133,33;;;;;;;;;;;
2021-01-31;;112,38;114,08;117,44;121,07;123,02;124,93;127,75;129,59;131,98;133,16;;118,42;120,40;125,25;129,30;132,42;134,80;139,43;142,82;145,05;146,63;;112,77;114,24;117,94;121,63;123,94;125,37;128,01;130,09;132,18;133,32;;;;;;;;;;;
2021-02-01;;112,72;114,54;118,13;122,03;124,13;126,21;129,27;131,28;133,90;135,19;;118,85;120,99;126,12;130,46;133,80;136,33;141,25;144,89;147,34;149,07;;113,18;114,76;118,69;122,66;125,14;126,70;129,58;131,86;134,19;135,44;;;;;;;;;;;
2021-02-02;;112,86;114,78;118,60;122,77;125,02;127,25;130,55;132,73;135,58;136,98;;119,00;121,27;126,63;131,22;134,73;137,41;142,60;146,43;149,10;150,96;;113,31;114,99;119,13;123,35;125,98;127,68;130,78;133,23;135,78;137,13;;;;;;;;;;;
2021-02-03;;112,80;114,75;118,63;122,86;125,14;127,41;130,78;132,99;135,90;137,33;;119,08;121,39;126,82;131,56;135,12;137,87;143,14;147,03;149,81;151,71;;113,38;115,12;119,33;123,64;126,32;128,08;131,26;133,77;136,40;137,80;;;;;;;;;;;
2021-02-04;;112,91;114,92;118,93;123,31;125,69;128,05;131,56;133,87;136,91;138,41;;119,30;121,63;127,16;131,92;135,55;138,34;143,73;147,70;150,51;152,43;;113,55;115,30;119,57;123,98;126,70;128,50;131,76;134,32;137,01;138,43;;;;;;;;;;;
2021-02-05;;112,83;114,85;118,90;123,33;125,72;128,11;131,65;133,99;137,07;138,59;;119,15;121,49;127,05;131,89;135,53;138,35;143,77;147,76;150,60;152,54;;113,43;115,21;119,54;123,98;126,73;128,57;131,86;134,44;137,15;138,59;;;;;;;;;;;
2021-02-06;;112,83;114,85;118,90;123,32;125,72;128,11;131,65;133,99;137,07;138,59;;119,15;121,49;127,04;131,89;135,53;138,34;143,76;147,76;150,59;152,53;;113,43;115,21;119,54;123,98;126,73;128,56;131,85;134,44;137,15;138,59;;;;;;;;;;;
2021-02-07;;112,82;114,85;118,90;123,32;125,72;128,11;131,65;133,99;137,07;138,59;;119,15;121,49;127,04;131,89;135,53;138,34;143,76;147,76;150,59;152,53;;113,43;115,21;119,53;123,98;126,73;128,56;131,85;134,44;137,15;138,59;;;;;;;;;;;
2021-02-08;;112,94;115,01;119,13;123,65;126,10;128,54;132,16;134,56;137,71;139,28;;119,22;121,56;127,17;132,13;135,80;138,68;144,18;148,22;151,11;153,05;;113,46;115,30;119,69;124,21;127,01;128,91;132,27;134,88;137,65;139,12;;;;;;;;;;;
2021-02-09;;112,92;114,97;119,05;123,51;125,94;128,34;131,93;134,29;137,40;138,94;;119,15;121,49;127,05;132,01;135,65;138,50;143,97;147,97;150,85;152,81;;113,42;115,25;119,58;124,06;126,84;128,71;132,04;134,63;137,38;138,86;;;;;;;;;;;
2021-02-10;;112,93;114,96;119,01;123,45;125,85;128,24;131,79;134,13;137,21;138,73;;119,04;121,41;126,96;131,93;135,59;138,43;143,89;147,88;150,79;152,80;;113,35;115,17;119,51;123,97;126,76;128,62;131,95;134,55;137,32;138,84;;;;;;;;;;;
2021-02-11;;112,96;115,01;119,09;123,56;125,98;128,39;131,97;134,33;137,44;138,98;;119,20;121,59;127,16;132,15;135,82;138,68;144,16;148,17;151,11;153,14;;113,51;115,33;119,69;124,18;126,98;128,85;132,20;134,82;137,61;139,13;;;;;;;;;;;
2021-02-12;;112,81;114,90;119,07;123,64;126,12;128,59;132,27;134,70;137,91;139,50;;119,11;121,53;127,20;132,27;136,01;138,94;144,52;148,62;151,66;153,71;;113,40;115,26;119,69;124,28;127,13;129,05;132,49;135,18;138,06;139,61;;;;;;;;;;;
2021-02-13;;112,81;114,90;119,07;123,64;126,12;128,59;132,27;134,70;137,91;139,49;;119,10;121,53;127,20;132,27;136,01;138,94;144,52;148,62;151,66;153,71;;113,40;115,26;119,69;124,28;127,13;129,05;132,49;135,18;138,06;139,61;;;;;;;;;;;
2021-02-14;;112,81;114,90;119,06;123,64;126,12;128,59;132,27;134,70;137,90;139,49;;119,10;121,53;127,20;132,27;136,01;138,94;144,52;148,61;151,66;153,71;;113,40;115,26;119,69;124,28;127,13;129,05;132,49;135,18;138,05;139,61;;;;;;;;;;;
2021-02-15;;112,72;114,83;119,05;123,67;126,19;128,69;132,42;134,89;138,14;139,75;;118,85;121,32;127,05;132,22;136,01;139,02;144,69;148,83;152,04;154,17;;113,18;115,08;119,57;124,24;127,13;129,13;132,66;135,40;138,39;140,01;;;;;;;;;;;
2021-02-16;;112,45;114,58;118,83;123,51;126,05;128,58;132,36;134,86;138,16;139,79;;118,73;121,22;126,98;132,22;136,03;139,07;144,78;148,95;152,20;154,35;;113,06;114,98;119,52;124,23;127,15;129,19;132,76;135,52;138,56;140,20;;;;;;;;;;;
2021-02-17;;112,55;114,69;118,97;123,67;126,23;128,78;132,58;135,10;138,43;140,08;;118,75;121,27;127,06;132,34;136,19;139,23;144,99;149,20;152,45;154,64;;113,06;114,99;119,57;124,31;127,26;129,30;132,90;135,71;138,78;140,45;;;;;;;;;;;
2021-02-18;;112,32;114,41;118,60;123,20;125,69;128,18;131,88;134,33;137,57;139,17;;118,34;120,77;126,44;131,55;135,31;138,27;143,91;148,00;151,14;153,26;;112,66;114,53;119,00;123,62;126,49;128,47;131,97;134,68;137,64;139,26;;;;;;;;;;;
2021-02-19;;112,02;114,11;118,28;122,85;125,34;127,82;131,50;133,94;137,16;138,75;;118,09;120,52;126,16;131,22;134,95;137,90;143,49;147,55;150,71;152,85;;112,45;114,29;118,73;123,31;126,15;128,12;131,59;134,28;137,23;138,85;;;;;;;;;;;
2021-02-20;;112,02;114,11;118,28;122,85;125,34;127,81;131,50;133,94;137,16;138,75;;118,09;120,52;126,16;131,21;134,94;137,90;143,49;147,55;150,71;152,85;;112,45;114,29;118,73;123,31;126,15;128,11;131,59;134,28;137,22;138,85;;;;;;;;;;;
2021-02-21;;112,02;114,10;118,28;122,85;125,34;127,81;131,50;133,94;137,15;138,75;;118,09;120,52;126,15;131,21;134,94;137,90;143,49;147,55;150,71;152,85;;112,44;114,29;118,73;123,31;126,15;128,11;131,59;134,28;137,22;138,85;;;;;;;;;;;
2021-02-22;;111,80;113,85;117,93;122,41;124,84;127,26;130,86;133,23;136,36;137,91;;118,21;120,53;126,05;131,02;134,63;137,53;142,98;146,93;149,95;151,95;;112,51;114,34;118,68;123,14;125,91;127,84;131,20;133,77;136,60;138,13;;;;;;;;;;;
2021-02-23;;111,67;113,71;117,79;122,26;124,69;127,10;130,69;133,06;136,18;137,72;;118,03;120,36;125,86;130,82;134,43;137,32;142,77;146,72;149,73;151,71;;112,33;114,17;118,54;122,99;125,76;127,71;131,06;133,63;136,46;137,99;;;;;;;;;;;
2021-02-24;;111,62;113,72;117,91;122,51;125,02;127,51;131,22;133,68;136,92;138,53;;118,03;120,35;125,98;130,88;134,53;137,47;143,02;147,06;150,08;152,03;;112,26;114,09;118,53;123,09;125,88;127,85;131,29;133,90;136,76;138,24;;;;;;;;;;;
2021-02-25;;110,73;112,71;116,66;120,98;123,31;125,64;129,09;131,37;134,36;135,84;;117,22;119,49;124,86;129,64;133,15;136,00;141,29;145,12;148,12;150,05;;111,59;113,36;117,62;121,93;124,61;126,51;129,77;132,24;135,01;136,48;;;;;;;;;;;
2021-02-26;;111,06;112,99;116,84;121,05;123,32;125,57;128,91;131,11;134,00;135,42;;117,41;119,57;124,86;129,36;132,77;135,49;140,63;144,38;147,09;148,84;;111,68;113,36;117,48;121,66;124,24;125,99;129,09;131,46;134,01;135,32;;;;;;;;;;;
2021-02-27;;111,06;112,99;116,84;121,04;123,31;125,57;128,91;131,11;134,00;135,42;;117,41;119,57;124,86;129,36;132,77;135,49;140,63;144,38;147,08;148,84;;111,68;113,36;117,48;121,66;124,23;125,99;129,09;131,46;134,01;135,32;;;;;;;;;;;
2021-02-28;;111,06;112,99;116,84;121,04;123,31;125,57;128,91;131,11;134,00;135,42;;117,41;119,57;124,86;129,36;132,77;135,49;140,63;144,38;147,08;148,84;;111,68;113,36;117,47;121,66;124,23;125,99;129,09;131,46;134,01;135,32;;;;;;;;;;;
2021-03-01;;111,67;113,76;117,95;122,55;125,05;127,54;131,25;133,70;136,93;138,54;;118,44;120,74;126,38;131,24;134,88;137,80;143,31;147,34;150,28;152,15;;112,60;114,43;118,85;123,39;126,17;128,11;131,50;134,09;136,90;138,32;;;;;;;;;;;
2021-03-02;;111,64;113,69;117,78;122,27;124,71;127,13;130,74;133,11;136,25;137,80;;118,33;120,61;126,17;130,96;134,55;137,44;142,86;146,83;149,76;151,62;;112,53;114,32;118,68;123,14;125,88;127,78;131,11;133,66;136,43;137,83;;;;;;;;;;;
2021-03-03;;111,20;113,20;117,20;121,57;123,94;126,29;129,79;132,10;135,13;136,63;;117,85;120,17;125,65;130,44;134,02;136,89;142,26;146,17;149,18;151,10;;112,15;113,93;118,25;122,65;125,36;127,27;130,57;133,10;135,90;137,35;;;;;;;;;;;
2021-03-04;;110,88;112,83;116,71;120,95;123,25;125,52;128,90;131,13;134,05;135,49;;117,76;119,98;125,34;129,94;133,40;136,19;141,39;145,18;148,07;149,88;;112,04;113,75;117,97;122,22;124,83;126,67;129,84;132,26;134,93;136,28;;;;;;;;;;;
2021-03-05;;111,09;113,16;117,30;121,84;124,30;126,76;130,41;132,82;136,01;137,58;;118,08;120,38;125,99;130,81;134,44;137,34;142,82;146,85;149,76;151,59;;112,24;114,05;118,46;122,97;125,74;127,67;131,03;133,62;136,43;137,80;;;;;;;;;;;
2021-03-06;;111,09;113,16;117,30;121,84;124,30;126,76;130,41;132,82;136,01;137,58;;118,08;120,38;125,99;130,81;134,43;137,34;142,82;146,85;149,76;151,59;;112,24;114,05;118,46;122,97;125,73;127,67;131,03;133,62;136,43;137,80;;;;;;;;;;;
2021-03-07;;111,09;113,16;117,30;121,84;124,30;126,76;130,41;132,82;136,01;137,58;;118,08;120,38;125,99;130,80;134,43;137,34;142,81;146,84;149,76;151,59;;112,23;114,05;118,46;122,96;125,73;127,67;131,03;133,62;136,42;137,80;;;;;;;;;;;
2021-03-08;;110,92;113,01;117,19;121,79;124,28;126,77;130,47;132,92;136,15;137,75;;118,06;120,32;125,98;130,78;134,38;137,37;142,87;146,90;149,91;151,70;;112,16;113,99;118,43;122,98;125,75;127,74;131,15;133,72;136,56;137,91;;;;;;;;;;;
2021-03-09;;111,29;113,44;117,75;122,49;125,08;127,65;131,49;134,04;137,40;139,07;;118,44;120,74;126,53;131,47;135,16;138,22;143,87;148,01;151,10;152,91;;112,48;114,37;118,94;123,63;126,47;128,54;132,07;134,71;137,65;139,03;;;;;;;;;;;
2021-03-10;;111,44;113,61;117,96;122,76;125,36;127,97;131,85;134,43;137,84;139,53;;118,56;120,88;126,74;131,73;135,46;138,56;144,27;148,46;151,60;153,45;;112,59;114,50;119,10;123,85;126,73;128,81;132,39;135,08;138,06;139,46;;;;;;;;;;;
2021-03-11;;111,59;113,80;118,22;123,09;125,74;128,39;132,35;134,98;138,45;140,18;;118,87;121,28;127,23;132,30;136,11;139,25;145,04;149,31;152,53;154,46;;112,94;114,86;119,54;124,37;127,30;129,40;133,05;135,82;138,87;140,31;;;;;;;;;;;
2021-03-12;;111,22;113,45;117,94;122,89;125,59;128,29;132,32;135,00;138,55;140,32;;118,69;121,10;127,08;132,23;136,06;139,23;145,08;149,38;152,63;154,53;;112,75;114,71;119,41;124,29;127,25;129,39;133,08;135,87;138,96;140,41;;;;;;;;;;;
2021-03-13;;111,22;113,45;117,94;122,89;125,59;128,29;132,32;135,00;138,55;140,32;;118,69;121,10;127,08;132,23;136,06;139,23;145,08;149,38;152,62;154,53;;112,75;114,71;119,40;124,28;127,25;129,39;133,08;135,87;138,96;140,41;;;;;;;;;;;
2021-03-14;;111,22;113,45;117,94;122,89;125,59;128,28;132,32;135,00;138,55;140,32;;118,69;121,10;127,08;132,23;136,06;139,23;145,07;149,38;152,62;154,53;;112,74;114,71;119,40;124,28;127,25;129,39;133,08;135,87;138,95;140,40;;;;;;;;;;;
2021-03-15;;111,44;113,71;118,28;123,32;126,07;128,83;132,95;135,69;139,32;141,13;;119,02;121,42;127,45;132,65;136,50;139,70;145,60;149,95;153,17;155,05;;113,02;115,02;119,76;124,69;127,69;129,86;133,58;136,39;139,49;140,92;;;;;;;;;;;
2021-03-16;;111,47;113,76;118,36;123,44;126,22;128,99;133,15;135,92;139,58;141,41;;119,10;121,56;127,65;132,97;136,87;140,14;146,12;150,53;153,89;155,81;;113,13;115,17;119,98;124,99;128,03;130,26;134,07;136,93;140,13;141,61;;;;;;;;;;;
2021-03-17;;111,30;113,60;118,21;123,32;126,11;128,90;133,08;135,86;139,55;141,38;;118,67;121,10;127,19;132,50;136,39;139,65;145,65;150,06;153,40;155,33;;112,70;114,73;119,52;124,54;127,58;129,81;133,63;136,48;139,68;141,17;;;;;;;;;;;
2021-03-18;;110,92;113,16;117,66;122,64;125,35;128,06;132,12;134,81;138,39;140,16;;118,34;120,77;126,75;132,07;135,91;139,16;145,07;149,38;152,79;154,74;;112,44;114,48;119,20;124,13;127,14;129,36;133,13;135,93;139,12;140,65;;;;;;;;;;;
2021-03-19;;110,99;113,23;117,71;122,66;125,37;128,07;132,10;134,78;138,34;140,10;;118,46;120,84;126,78;132,06;135,85;139,06;144,92;149,19;152,50;154,40;;112,54;114,56;119,22;124,10;127,08;129,26;132,98;135,73;138,86;140,25;;;;;;;;;;;
2021-03-20;;110,99;113,23;117,71;122,66;125,37;128,06;132,10;134,78;138,34;140,10;;118,46;120,84;126,77;132,05;135,85;139,06;144,92;149,19;152,49;154,40;;112,53;114,56;119,22;124,10;127,08;129,26;132,98;135,73;138,86;140,25;;;;;;;;;;;
2021-03-21;;110,99;113,22;117,71;122,66;125,36;128,06;132,10;134,78;138,33;140,10;;118,46;120,84;126,77;132,05;135,85;139,06;144,92;149,19;152,49;154,39;;112,53;114,56;119,22;124,10;127,08;129,26;132,97;135,73;138,85;140,25;;;;;;;;;;;
2021-03-22;;111,23;113,47;117,98;122,95;125,67;128,38;132,44;135,13;138,71;140,48;;118,64;121,03;127,01;132,24;136,06;139,27;145,15;149,46;152,75;154,63;;112,68;114,69;119,39;124,30;127,28;129,46;133,19;135,96;139,08;140,41;;;;;;;;;;;
2021-03-23;;111,41;113,63;118,08;122,99;125,67;128,35;132,34;134,99;138,51;140,25;;118,79;121,15;127,08;132,26;136,04;139,22;145,04;149,30;152,52;154,36;;112,82;114,82;119,47;124,33;127,28;129,43;133,10;135,84;138,89;140,03;;;;;;;;;;;
2021-03-24;;111,47;113,66;118,05;122,89;125,53;128,16;132,09;134,69;138,14;139,85;;118,95;121,26;127,17;132,20;135,92;139,06;144,79;149,02;152,14;153,87;;112,95;114,90;119,52;124,31;127,21;129,31;132,91;135,60;138,56;139,28;;;;;;;;;;;
2021-03-25;;111,56;113,80;118,29;123,25;125,95;128,65;132,69;135,37;138,93;140,69;;119,20;121,51;127,49;132,61;136,37;139,56;145,39;149,67;152,80;154,52;;113,15;115,15;119,83;124,71;127,66;129,81;133,48;136,19;139,20;140,10;;;;;;;;;;;
2021-03-26;;111,61;113,93;118,60;123,76;126,58;129,40;133,63;136,44;140,18;142,04;;119,31;121,71;127,89;133,22;137,12;140,44;146,49;150,95;154,26;156,07;;113,22;115,31;120,16;125,25;128,32;130,59;134,44;137,30;140,49;141,82;;;;;;;;;;;
2021-03-27;;111,61;113,93;118,60;123,76;126,58;129,40;133,63;136,44;140,18;142,04;;119,31;121,71;127,88;133,22;137,12;140,44;146,49;150,95;154,26;156,07;;113,22;115,31;120,16;125,24;128,32;130,59;134,44;137,30;140,49;141,82;;;;;;;;;;;
2021-03-28;;111,61;113,93;118,59;123,75;126,57;129,40;133,63;136,44;140,18;142,04;;119,31;121,71;127,88;133,22;137,12;140,44;146,49;150,95;154,26;156,06;;113,22;115,30;120,15;125,24;128,32;130,59;134,44;137,30;140,48;141,82;;;;;;;;;;;
2021-03-29;;111,48;113,81;118,51;123,71;126,56;129,40;133,68;136,52;140,29;142,17;;119,12;121,55;127,77;133,18;137,12;140,48;146,59;151,10;154,48;156,33;;113,05;115,16;120,06;125,20;128,31;130,62;134,54;137,43;140,69;142,22;;;;;;;;;;;
2021-03-30;;111,40;113,75;118,48;123,71;126,57;129,44;133,74;136,60;140,41;142,30;;118,94;121,43;127,70;133,18;137,18;140,58;146,77;151,32;154,82;156,75;;112,91;115,04;119,97;125,18;128,33;130,67;134,65;137,61;140,95;142,67;;;;;;;;;;;
2021-03-31;;111,42;113,77;118,50;123,73;126,60;129,46;133,77;136,63;140,44;142,33;;119,10;121,55;127,81;133,17;137,13;140,50;146,63;151,16;154,57;156,43;;113,02;115,11;120,02;125,18;128,30;130,60;134,53;137,46;140,73;142,25;;;;;;;;;;;
2021-04-01;;111,71;114,09;118,89;124,21;127,12;130,04;134,42;137,34;141,23;143,16;;119,44;121,96;128,33;133,78;137,83;141,25;147,49;152,12;155,61;157,55;;113,35;115,47;120,47;125,73;128,91;131,25;135,27;138,28;141,64;143,35;;;;;;;;;;;
2021-04-02;;111,70;114,09;118,89;124,21;127,12;130,04;134,42;137,34;141,23;143,16;;119,44;121,96;128,32;133,78;137,83;141,25;147,49;152,12;155,61;157,54;;113,35;115,47;120,47;125,73;128,91;131,25;135,27;138,28;141,64;143,35;;;;;;;;;;;
2021-04-03;;111,70;114,09;118,89;124,21;127,12;130,04;134,42;137,34;141,22;143,16;;119,44;121,96;128,32;133,78;137,83;141,24;147,49;152,12;155,61;157,54;;113,35;115,46;120,47;125,73;128,90;131,25;135,27;138,28;141,64;143,35;;;;;;;;;;;
2021-04-04;;111,70;114,08;118,88;124,20;127,12;130,04;134,42;137,34;141,22;143,16;;119,43;121,96;128,32;133,77;137,82;141,24;147,49;152,12;155,61;157,54;;113,34;115,46;120,46;125,73;128,90;131,25;135,27;138,28;141,64;143,35;;;;;;;;;;;
2021-04-05;;111,88;114,33;119,27;124,75;127,77;130,79;135,33;138,36;142,39;144,41;;119,69;122,24;128,73;134,34;138,47;141,97;148,37;153,11;156,67;158,62;;113,54;115,73;120,83;126,24;129,50;131,91;136,05;139,14;142,59;144,58;;;;;;;;;;;
2021-04-06;;111,96;114,39;119,29;124,73;127,72;130,71;135,20;138,20;142,19;144,18;;119,54;122,11;128,58;134,12;138,25;141,74;148,12;152,84;156,45;158,44;;113,44;115,60;120,69;126,07;129,31;131,72;135,84;138,93;142,40;144,38;;;;;;;;;;;
2021-04-07;;111,88;114,29;119,15;124,54;127,49;130,45;134,90;137,87;141,81;143,78;;119,50;122,01;128,43;133,91;137,98;141,45;147,76;152,43;155,98;157,90;;113,39;115,54;120,57;125,89;129,09;131,48;135,55;138,58;141,99;143,80;;;;;;;;;;;
2021-04-08;;112,10;114,54;119,46;124,92;127,91;130,91;135,42;138,43;142,44;144,44;;119,67;122,21;128,70;134,22;138,33;141,84;148,21;152,93;156,53;158,48;;113,55;115,71;120,82;126,20;129,44;131,86;135,99;139,07;142,52;144,46;;;;;;;;;;;
2021-04-09;;112,05;114,53;119,53;125,09;128,14;131,21;135,81;138,89;143,00;145,04;;119,53;122,06;128,61;134,17;138,31;141,87;148,32;153,10;156,73;158,66;;113,37;115,56;120,72;126,18;129,45;131,93;136,12;139,23;142,72;144,85;;;;;;;;;;;
2021-04-10;;112,05;114,52;119,53;125,09;128,14;131,20;135,81;138,89;142,99;145,04;;119,53;122,06;128,61;134,17;138,31;141,87;148,32;153,10;156,73;158,66;;113,37;115,56;120,72;126,18;129,45;131,92;136,12;139,23;142,72;144,85;;;;;;;;;;;
2021-04-11;;112,04;114,52;119,53;125,09;128,14;131,20;135,81;138,89;142,99;145,04;;119,52;122,06;128,61;134,17;138,31;141,87;148,32;153,10;156,73;158,66;;113,37;115,56;120,72;126,18;129,45;131,92;136,12;139,22;142,71;144,85;;;;;;;;;;;
2021-04-12;;111,98;114,45;119,42;124,94;127,97;131,02;135,59;138,65;142,72;144,75;;119,56;122,05;128,54;134,02;138,10;141,63;148,02;152,74;156,31;158,19;;113,40;115,57;120,66;126,05;129,28;131,72;135,86;138,91;142,34;144,32;;;;;;;;;;;
2021-04-13;;112,10;114,58;119,57;125,12;128,17;131,23;135,82;138,89;142,99;145,03;;119,43;121,93;128,46;133,99;138,09;141,64;148,07;152,83;156,41;158,30;;113,27;115,46;120,59;126,03;129,28;131,74;135,91;138,99;142,44;144,49;;;;;;;;;;;
2021-04-14;;111,96;114,41;119,34;124,82;127,83;130,84;135,37;138,40;142,42;144,44;;119,18;121,70;128,19;133,69;137,80;141,32;147,71;152,44;156,06;157,99;;113,10;115,26;120,39;125,79;129,02;131,48;135,64;138,71;142,16;144,23;;;;;;;;;;;
2021-04-15;;112,40;114,89;119,92;125,52;128,59;131,68;136,31;139,41;143,54;145,61;;119,52;122,06;128,65;134,24;138,40;141,99;148,49;153,29;156,96;158,92;;113,39;115,59;120,81;126,31;129,61;132,11;136,35;139,49;143,00;145,30;;;;;;;;;;;
2021-04-16;;112,29;114,81;119,89;125,55;128,67;131,79;136,49;139,64;143,83;145,93;;119,42;122,00;128,66;134,31;138,52;142,17;148,75;153,61;157,39;159,41;;113,32;115,53;120,80;126,39;129,71;132,26;136,59;139,77;143,36;145,93;;;;;;;;;;;
2021-04-17;;112,29;114,81;119,89;125,55;128,66;131,79;136,49;139,63;143,83;145,92;;119,42;122,00;128,66;134,31;138,52;142,16;148,74;153,60;157,39;159,41;;113,32;115,53;120,80;126,38;129,71;132,26;136,58;139,77;143,36;145,93;;;;;;;;;;;
2021-04-18;;112,29;114,80;119,89;125,55;128,66;131,79;136,49;139,63;143,83;145,92;;119,42;122,00;128,66;134,31;138,52;142,16;148,74;153,60;157,38;159,41;;113,32;115,53;120,80;126,38;129,71;132,26;136,58;139,76;143,35;145,93;;;;;;;;;;;
2021-04-19;;112,12;114,60;119,61;125,18;128,24;131,31;135,93;139,01;143,12;145,17;;119,21;121,76;128,36;133,98;138,14;141,77;148,28;153,08;156,87;158,87;;113,14;115,35;120,57;126,09;129,38;131,92;136,20;139,34;142,90;145,32;;;;;;;;;;;
2021-04-20;;112,01;114,42;119,27;124,65;127,59;130,55;134,98;137,94;141,87;143,83;;119,10;121,62;128,05;133,45;137,53;141,00;147,31;151,99;155,55;157,48;;113,07;115,18;120,27;125,60;128,80;131,21;135,30;138,34;141,73;143,62;;;;;;;;;;;
2021-04-21;;112,15;114,59;119,50;124,96;127,95;130,95;135,46;138,47;142,48;144,48;;119,29;121,80;128,32;133,69;137,79;141,29;147,66;152,40;155,96;157,88;;113,19;115,30;120,44;125,83;129,04;131,47;135,60;138,67;142,08;144,07;;;;;;;;;;;
2021-04-22;;112,20;114,63;119,54;124,98;127,97;130,96;135,45;138,45;142,44;144,44;;119,27;121,78;128,29;133,75;137,85;141,40;147,78;152,49;156,17;158,12;;113,20;115,34;120,48;125,89;129,11;131,57;135,73;138,80;142,26;144,37;;;;;;;;;;;
2021-04-23;;112,22;114,69;119,67;125,20;128,23;131,28;135,86;138,92;142,99;145,02;;119,27;121,82;128,40;133,88;138,04;141,60;148,06;152,85;156,54;158,55;;113,19;115,33;120,53;126,01;129,26;131,75;135,97;139,09;142,59;144,92;;;;;;;;;;;
2021-04-24;;112,22;114,69;119,67;125,20;128,23;131,28;135,86;138,92;142,99;145,02;;119,26;121,82;128,40;133,88;138,04;141,60;148,06;152,85;156,54;158,54;;113,19;115,33;120,53;126,00;129,26;131,74;135,96;139,09;142,59;144,92;;;;;;;;;;;
2021-04-25;;112,22;114,68;119,66;125,20;128,23;131,28;135,86;138,91;142,99;145,02;;119,26;121,82;128,39;133,88;138,03;141,60;148,06;152,84;156,54;158,54;;113,19;115,33;120,53;126,00;129,26;131,74;135,96;139,09;142,59;144,91;;;;;;;;;;;
2021-04-26;;112,19;114,66;119,65;125,20;128,24;131,30;135,89;138,96;143,05;145,09;;119,22;121,78;128,35;133,84;137,99;141,55;148,01;152,79;156,50;158,52;;113,15;115,29;120,50;125,97;129,22;131,70;135,92;139,05;142,56;144,94;;;;;;;;;;;
2021-04-27;;112,03;114,50;119,48;125,03;128,07;131,12;135,71;138,77;142,85;144,89;;119,20;121,77;128,35;133,78;137,94;141,49;147,93;152,72;156,41;158,43;;113,13;115,25;120,45;125,91;129,15;131,62;135,83;138,96;142,46;144,75;;;;;;;;;;;
2021-04-28;;111,99;114,46;119,44;124,97;128,01;131,06;135,64;138,70;142,78;144,81;;119,08;121,66;128,24;133,68;137,85;141,40;147,85;152,64;156,35;158,38;;113,02;115,14;120,34;125,80;129,05;131,53;135,74;138,89;142,40;144,71;;;;;;;;;;;
2021-04-29;;111,88;114,37;119,39;124,97;128,03;131,11;135,74;138,83;142,95;145,01;;118,89;121,48;128,10;133,56;137,76;141,35;147,85;152,68;156,42;158,44;;112,82;114,96;120,22;125,73;129,00;131,51;135,77;138,95;142,50;144,88;;;;;;;;;;;
2021-04-30;;111,90;114,37;119,36;124,90;127,95;131,00;135,59;138,66;142,75;144,79;;118,87;121,43;128,02;133,43;137,59;141,15;147,61;152,41;156,09;158,08;;112,80;114,92;120,13;125,60;128,85;131,32;135,54;138,68;142,19;144,45;;;;;;;;;;;
2021-05-01;;111,90;114,37;119,36;124,90;127,94;131,00;135,59;138,66;142,74;144,79;;118,87;121,43;128,02;133,42;137,59;141,14;147,60;152,41;156,09;158,07;;112,80;114,92;120,13;125,60;128,85;131,32;135,54;138,68;142,18;144,45;;;;;;;;;;;
2021-05-02;;111,89;114,37;119,36;124,90;127,94;131,00;135,59;138,65;142,74;144,78;;118,87;121,43;128,02;133,42;137,59;141,14;147,60;152,41;156,08;158,07;;112,80;114,92;120,12;125,59;128,84;131,32;135,54;138,68;142,18;144,45;;;;;;;;;;;
2021-05-03;;111,98;114,45;119,44;124,98;128,02;131,07;135,66;138,72;142,81;144,85;;118,95;121,47;128,06;133,45;137,59;141,16;147,61;152,40;156,08;158,03;;112,85;114,97;120,17;125,64;128,88;131,36;135,58;138,69;142,18;144,43;;;;;;;;;;;
2021-05-04;;112,01;114,45;119,35;124,80;127,79;130,78;135,28;138,28;142,28;144,27;;119,02;121,52;128,01;133,33;137,42;140,90;147,25;151,97;155,51;157,43;;112,94;115,02;120,16;125,53;128,72;131,14;135,26;138,32;141,71;143,76;;;;;;;;;;;
2021-05-05;;112,10;114,57;119,56;125,09;128,13;131,18;135,77;138,83;142,91;144,94;;119,05;121,58;128,18;133,59;137,74;141,33;147,80;152,59;156,31;158,28;;112,95;115,08;120,31;125,79;129,04;131,54;135,78;138,91;142,42;144,75;;;;;;;;;;;
2021-05-06;;112,17;114,65;119,66;125,23;128,29;131,36;135,97;139,05;143,16;145,21;;119,09;121,64;128,27;133,77;137,94;141,57;148,10;152,93;156,69;158,67;;112,99;115,16;120,41;125,95;129,23;131,77;136,05;139,20;142,76;145,19;;;;;;;;;;;
2021-05-07;;112,18;114,68;119,74;125,36;128,44;131,54;136,21;139,32;143,48;145,55;;119,03;121,59;128,27;133,80;138,00;141,68;148,25;153,11;156,97;158,96;;112,95;115,13;120,42;126,00;129,31;131,89;136,23;139,40;143,02;145,55;;;;;;;;;;;
2021-05-08;;112,18;114,68;119,73;125,35;128,44;131,54;136,20;139,32;143,47;145,55;;119,03;121,59;128,27;133,80;137,99;141,67;148,25;153,11;156,96;158,96;;112,94;115,13;120,42;126,00;129,31;131,89;136,23;139,40;143,01;145,55;;;;;;;;;;;
2021-05-09;;112,18;114,68;119,73;125,35;128,44;131,54;136,20;139,32;143,47;145,55;;119,03;121,59;128,27;133,80;137,99;141,67;148,25;153,11;156,96;158,96;;112,94;115,13;120,42;126,00;129,30;131,89;136,23;139,40;143,01;145,55;;;;;;;;;;;
2021-05-10;;111,95;114,41;119,38;124,90;127,93;130,96;135,53;138,58;142,64;144,67;;118,93;121,47;128,06;133,58;137,72;141,38;147,86;152,64;156,50;158,45;;112,88;115,07;120,32;125,83;129,09;131,67;135,95;139,07;142,65;144,92;;;;;;;;;;;
2021-05-11;;111,54;113,94;118,77;124,13;127,07;130,01;134,43;137,37;141,29;143,25;;118,43;120,91;127,35;132,64;136,68;140,20;146,51;151,17;154,81;156,67;;112,42;114,52;119,62;124,95;128,12;130,58;134,70;137,71;141,13;142,91;;;;;;;;;;;
2021-05-12;;111,13;113,47;118,19;123,41;126,27;129,13;133,43;136,28;140,08;141,97;;118,11;120,58;126,93;132,10;136,08;139,57;145,75;150,33;153,98;155,80;;112,15;114,21;119,23;124,45;127,55;129,97;134,01;136,96;140,34;141,80;;;;;;;;;;;
2021-05-13;;111,22;113,60;118,39;123,70;126,61;129,53;133,90;136,82;140,70;142,63;;118,16;120,58;127,01;132,10;136,09;139,59;145,81;150,45;154,02;155,79;;112,12;114,17;119,21;124,49;127,60;130,02;134,08;137,04;140,39;141,90;;;;;;;;;;;
2021-05-14;;111,52;113,96;118,88;124,34;127,34;130,35;134,86;137,88;141,89;143,90;;118,28;120,74;127,30;132,57;136,64;140,25;146,65;151,39;155,13;156,97;;112,21;114,32;119,48;124,91;128,11;130,62;134,83;137,88;141,36;143,37;;;;;;;;;;;
2021-05-15;;111,52;113,96;118,88;124,34;127,34;130,34;134,86;137,88;141,89;143,90;;118,27;120,74;127,30;132,57;136,64;140,25;146,65;151,39;155,13;156,97;;112,21;114,32;119,47;124,91;128,10;130,61;134,82;137,88;141,36;143,37;;;;;;;;;;;
2021-05-16;;111,51;113,95;118,88;124,34;127,34;130,34;134,86;137,88;141,89;143,89;;118,27;120,74;127,30;132,56;136,64;140,25;146,65;151,39;155,13;156,97;;112,21;114,32;119,47;124,91;128,10;130,61;134,82;137,88;141,36;143,36;;;;;;;;;;;
2021-05-17;;111,43;113,86;118,75;124,19;127,17;130,16;134,65;137,64;141,63;143,62;;118,18;120,66;127,21;132,48;136,55;140,18;146,57;151,30;155,08;156,93;;112,14;114,25;119,40;124,83;128,02;130,54;134,75;137,81;141,31;143,25;;;;;;;;;;;
2021-05-18;;111,29;113,67;118,47;123,79;126,70;129,62;134,00;136,91;140,79;142,73;;118,01;120,51;126,97;132,27;136,31;139,91;146,21;150,87;154,68;156,56;;112,06;114,17;119,26;124,61;127,78;130,28;134,43;137,46;140,95;142,74;;;;;;;;;;;
2021-05-19;;111,12;113,47;118,20;123,44;126,31;129,18;133,48;136,35;140,16;142,05;;117,83;120,29;126,65;131,85;135,84;139,34;145,55;150,14;153,79;155,64;;111,88;113,95;118,94;124,18;127,30;129,71;133,77;136,73;140,11;141,77;;;;;;;;;;;
2021-05-20;;111,44;113,85;118,70;124,09;127,04;130,00;134,45;137,41;141,36;143,32;;118,04;120,53;127,03;132,31;136,37;139,95;146,29;150,98;154,74;156,63;;112,05;114,14;119,26;124,64;127,82;130,30;134,47;137,51;140,98;142,98;;;;;;;;;;;
2021-05-21;;111,55;113,98;118,86;124,28;127,25;130,23;134,70;137,68;141,65;143,64;;118,25;120,75;127,29;132,63;136,71;140,32;146,70;151,42;155,23;157,13;;112,25;114,37;119,51;124,93;128,13;130,63;134,84;137,90;141,40;143,44;;;;;;;;;;;
2021-05-22;;111,55;113,97;118,86;124,28;127,25;130,22;134,70;137,68;141,65;143,63;;118,25;120,75;127,29;132,63;136,71;140,32;146,70;151,42;155,23;157,13;;112,25;114,37;119,51;124,93;128,13;130,63;134,84;137,90;141,40;143,44;;;;;;;;;;;
2021-05-23;;111,55;113,97;118,86;124,27;127,24;130,22;134,70;137,68;141,65;143,63;;118,25;120,75;127,29;132,63;136,70;140,32;146,70;151,42;155,22;157,13;;112,25;114,36;119,50;124,93;128,12;130,63;134,84;137,90;141,40;143,44;;;;;;;;;;;
2021-05-24;;111,73;114,18;119,13;124,62;127,64;130,66;135,20;138,23;142,27;144,29;;118,46;120,96;127,57;132,95;137,06;140,71;147,16;151,93;155,75;157,62;;112,41;114,56;119,75;125,24;128,47;131,00;135,26;138,35;141,88;143,93;;;;;;;;;;;
2021-05-25;;111,92;114,35;119,26;124,70;127,68;130,68;135,17;138,17;142,16;144,15;;118,64;121,17;127,76;133,15;137,26;140,89;147,31;152,07;155,89;157,80;;112,62;114,76;119,95;125,41;128,64;131,16;135,40;138,49;142,02;143,98;;;;;;;;;;;
2021-05-26;;112,04;114,48;119,42;124,90;127,91;130,92;135,45;138,47;142,50;144,50;;118,91;121,46;128,07;133,49;137,63;141,26;147,71;152,49;156,31;158,26;;112,88;115,02;120,24;125,73;128,97;131,49;135,74;138,86;142,39;144,46;;;;;;;;;;;
2021-05-27;;111,93;114,39;119,36;124,88;127,92;130,96;135,53;138,58;142,64;144,67;;118,77;121,34;128,00;133,41;137,58;141,23;147,71;152,52;156,38;158,36;;112,75;114,88;120,14;125,66;128,92;131,46;135,74;138,89;142,45;144,68;;;;;;;;;;;
2021-05-28;;112,07;114,57;119,60;125,19;128,27;131,35;135,99;139,09;143,22;145,28;;118,91;121,52;128,23;133,79;137,99;141,72;148,28;153,15;157,11;159,10;;112,88;115,08;120,40;126,00;129,31;131,92;136,28;139,47;143,12;145,41;;;;;;;;;;;
2021-05-29;;112,07;114,56;119,60;125,19;128,26;131,35;135,99;139,08;143,22;145,28;;118,91;121,52;128,23;133,78;137,99;141,71;148,28;153,15;157,11;159,10;;112,88;115,08;120,40;126,00;129,31;131,92;136,28;139,47;143,12;145,40;;;;;;;;;;;
2021-05-30;;112,07;114,56;119,60;125,19;128,26;131,35;135,99;139,08;143,21;145,28;;118,91;121,51;128,23;133,78;137,99;141,71;148,28;153,15;157,11;159,09;;112,88;115,08;120,40;126,00;129,31;131,91;136,28;139,47;143,12;145,40;;;;;;;;;;;
2021-05-31;;112,00;114,46;119,42;124,93;127,96;130,99;135,55;138,59;142,64;144,66;;118,90;121,54;128,22;133,73;137,94;141,62;148,13;152,99;156,92;158,94;;112,91;115,07;120,35;125,90;129,19;131,75;136,06;139,26;142,89;145,03;;;;;;;;;;;
2021-06-01;;111,95;114,42;119,40;124,93;127,97;131,02;135,60;138,66;142,73;144,77;;118,91;121,59;128,30;133,85;138,10;141,80;148,35;153,23;157,26;159,33;;112,95;115,12;120,42;126,00;129,31;131,89;136,23;139,47;143,15;145,39;;;;;;;;;;;
2021-06-02;;112,09;114,58;119,60;125,19;128,26;131,34;135,97;139,07;143,19;145,25;;119,05;121,73;128,48;134,10;138,37;142,11;148,72;153,63;157,69;159,79;;113,07;115,26;120,61;126,25;129,58;132,20;136,59;139,85;143,57;146,03;;;;;;;;;;;
2021-06-03;;111,98;114,49;119,55;125,19;128,28;131,38;136,06;139,18;143,35;145,43;;119,04;121,75;128,53;134,22;138,52;142,29;148,95;153,90;158,00;160,11;;113,06;115,29;120,66;126,34;129,71;132,35;136,79;140,08;143,84;146,32;;;;;;;;;;;
2021-06-04;;112,31;114,85;119,97;125,67;128,80;131,95;136,69;139,86;144,08;146,20;;119,30;122,01;128,86;134,60;138,93;142,73;149,46;154,46;158,57;160,66;;113,28;115,53;120,97;126,71;130,11;132,79;137,28;140,59;144,39;146,91;;;;;;;;;;;
2021-06-05;;112,31;114,84;119,97;125,67;128,80;131,95;136,69;139,85;144,08;146,19;;119,30;122,01;128,86;134,59;138,92;142,73;149,45;154,46;158,57;160,66;;113,28;115,53;120,96;126,71;130,11;132,79;137,28;140,59;144,39;146,90;;;;;;;;;;;
2021-06-06;;112,31;114,84;119,97;125,67;128,80;131,95;136,69;139,85;144,08;146,19;;119,30;122,01;128,86;134,59;138,92;142,73;149,45;154,45;158,57;160,65;;113,28;115,53;120,96;126,70;130,11;132,79;137,28;140,59;144,38;146,90;;;;;;;;;;;
2021-06-07;;112,23;114,76;119,87;125,55;128,68;131,82;136,55;139,71;143,92;146,03;;119,20;121,90;128,73;134,46;138,78;142,60;149,31;154,29;158,43;160,51;;113,19;115,45;120,86;126,59;129,99;132,67;137,16;140,46;144,26;146,77;;;;;;;;;;;
2021-06-08;;112,39;114,91;120,01;125,69;128,81;131,94;136,66;139,81;144,02;146,12;;119,33;122,01;128,84;134,54;138,84;142,65;149,34;154,31;158,43;160,49;;113,31;115,56;120,96;126,68;130,07;132,74;137,21;140,49;144,26;146,75;;;;;;;;;;;
2021-06-09;;112,56;115,07;120,13;125,76;128,85;131,96;136,63;139,75;143,90;145,98;;119,53;122,20;129,00;134,65;138,92;142,71;149,35;154,30;158,37;160,41;;113,51;115,74;121,11;126,79;130,15;132,79;137,22;140,48;144,20;146,51;;;;;;;;;;;
2021-06-10;;112,72;115,26;120,38;126,07;129,20;132,35;137,08;140,24;144,46;146,57;;119,57;122,26;129,13;134,84;139,16;142,98;149,70;154,70;158,82;160,89;;113,54;115,78;121,22;126,96;130,36;133,04;137,53;140,83;144,61;147,08;;;;;;;;;;;
2021-06-11;;112,90;115,47;120,68;126,47;129,65;132,86;137,68;140,91;145,21;147,37;;119,91;122,65;129,62;135,41;139,80;143,67;150,48;155,57;159,76;161,86;;113,86;116,14;121,65;127,49;130,94;133,66;138,22;141,59;145,44;148,02;;;;;;;;;;;
2021-06-12;;112,90;115,47;120,67;126,47;129,65;132,85;137,68;140,90;145,21;147,37;;119,91;122,65;129,62;135,40;139,79;143,67;150,48;155,56;159,76;161,86;;113,86;116,14;121,65;127,49;130,94;133,65;138,22;141,59;145,44;148,02;;;;;;;;;;;
2021-06-13;;112,90;115,47;120,67;126,47;129,65;132,85;137,68;140,90;145,21;147,36;;119,91;122,65;129,61;135,40;139,79;143,66;150,48;155,56;159,75;161,86;;113,86;116,14;121,65;127,49;130,94;133,65;138,22;141,59;145,44;148,02;;;;;;;;;;;
2021-06-14;;112,77;115,35;120,59;126,42;129,63;132,85;137,71;140,96;145,31;147,48;;119,81;122,55;129,54;135,35;139,75;143,64;150,48;155,58;159,81;161,92;;113,76;116,05;121,57;127,43;130,90;133,63;138,22;141,61;145,48;148,15;;;;;;;;;;;
2021-06-15;;112,70;115,29;120,51;126,33;129,53;132,75;137,60;140,85;145,18;147,35;;119,68;122,41;129,38;135,23;139,62;143,53;150,37;155,46;159,72;161,83;;113,63;115,93;121,45;127,31;130,78;133,53;138,14;141,51;145,40;148,12;;;;;;;;;;;
2021-06-16;;112,53;115,10;120,31;126,11;129,30;132,50;137,33;140,56;144,88;147,04;;119,67;122,38;129,30;135,12;139,47;143,37;150,16;155,21;159,45;161,53;;113,62;115,92;121,40;127,23;130,67;133,41;137,98;141,31;145,18;147,79;;;;;;;;;;;
2021-06-17;;112,79;115,42;120,76;126,72;130,00;133,30;138,28;141,62;146,08;148,32;;119,62;122,38;129,42;135,36;139,81;143,76;150,72;155,88;160,19;162,38;;113,55;115,88;121,47;127,43;130,95;133,74;138,44;141,87;145,83;149,04;;;;;;;;;;;
2021-06-18;;112,89;115,48;120,71;126,53;129,74;132,96;137,82;141,06;145,40;147,57;;119,44;122,18;129,09;134,95;139,34;143,19;150,03;155,09;159,27;161,47;;113,42;115,70;121,20;127,04;130,50;133,22;137,80;141,17;145,03;148,14;;;;;;;;;;;
2021-06-19;;112,89;115,48;120,70;126,53;129,74;132,96;137,81;141,06;145,40;147,57;;119,44;122,17;129,09;134,95;139,34;143,18;150,02;155,09;159,27;161,47;;113,42;115,70;121,20;127,03;130,50;133,21;137,79;141,17;145,03;148,14;;;;;;;;;;;
2021-06-20;;112,89;115,47;120,70;126,53;129,74;132,96;137,81;141,06;145,40;147,57;;119,44;122,17;129,09;134,94;139,34;143,18;150,02;155,08;159,26;161,46;;113,41;115,70;121,20;127,03;130,50;133,21;137,79;141,17;145,03;148,14;;;;;;;;;;;
2021-06-21;;112,79;115,42;120,73;126,66;129,93;133,21;138,16;141,48;145,92;148,14;;119,46;122,18;129,20;134,95;139,37;143,25;150,14;155,27;159,44;161,61;;113,37;115,63;121,16;127,06;130,53;133,25;137,87;141,27;145,14;148,25;;;;;;;;;;;
2021-06-22;;112,90;115,57;120,97;127,01;130,34;133,69;138,74;142,13;146,67;148,94;;119,52;122,26;129,35;135,30;139,77;143,74;150,75;155,96;160,22;162,38;;113,41;115,76;121,37;127,38;130,93;133,73;138,46;141,91;145,87;149,18;;;;;;;;;;;
2021-06-23;;112,78;115,42;120,76;126,72;130,00;133,30;138,29;141,63;146,09;148,32;;119,49;122,23;129,25;135,11;139,55;143,44;150,37;155,53;159,72;161,88;;113,40;115,71;121,27;127,20;130,70;133,45;138,10;141,52;145,43;148,55;;;;;;;;;;;
2021-06-24;;112,94;115,62;121,04;127,10;130,45;133,81;138,90;142,30;146,87;149,15;;119,68;122,47;129,61;135,56;140,07;144,04;151,09;156,34;160,65;162,87;;113,58;115,91;121,56;127,60;131,16;133,96;138,72;142,22;146,22;149,58;;;;;;;;;;;
2021-06-25;;112,76;115,46;120,93;127,04;130,41;133,81;138,94;142,39;147,00;149,31;;119,42;122,25;129,42;135,46;140,01;144,03;151,15;156,44;160,83;163,11;;113,35;115,71;121,40;127,49;131,10;133,94;138,76;142,31;146,39;150,00;;;;;;;;;;;
2021-06-26;;112,76;115,46;120,92;127,04;130,41;133,81;138,94;142,38;146,99;149,31;;119,42;122,25;129,42;135,45;140,01;144,03;151,14;156,43;160,83;163,11;;113,35;115,71;121,40;127,49;131,10;133,94;138,76;142,31;146,39;150,00;;;;;;;;;;;
2021-06-27;;112,76;115,46;120,92;127,04;130,41;133,81;138,94;142,38;146,99;149,30;;119,41;122,24;129,42;135,45;140,01;144,02;151,14;156,43;160,83;163,11;;113,34;115,71;121,40;127,49;131,09;133,94;138,76;142,31;146,38;150,00;;;;;;;;;;;
2021-06-28;;112,99;115,69;121,17;127,30;130,68;134,08;139,23;142,68;147,30;149,62;;119,67;122,50;129,69;135,74;140,32;144,31;151,44;156,75;161,09;163,36;;113,57;115,94;121,64;127,74;131,36;134,19;139,00;142,56;146,62;150,17;;;;;;;;;;;
2021-06-29;;113,03;115,74;121,24;127,39;130,79;134,21;139,37;142,84;147,48;149,81;;119,71;122,55;129,78;135,85;140,44;144,46;151,63;156,97;161,34;163,60;;113,59;115,97;121,68;127,82;131,45;134,29;139,13;142,71;146,80;150,34;;;;;;;;;;;
2021-06-30;;113,18;115,90;121,41;127,57;130,97;134,40;139,58;143,05;147,71;150,04;;119,99;122,83;130,07;136,11;140,71;144,70;151,85;157,21;161,49;163,73;;113,85;116,22;121,95;128,08;131,72;134,54;139,35;142,94;146,98;150,42;;;;;;;;;;;
2021-07-01;;113,22;115,96;121,51;127,72;131,15;134,60;139,83;143,33;148,03;150,39;;120,09;122,93;130,23;136,25;140,87;144,89;152,09;157,49;161,78;164,01;;113,92;116,28;122,04;128,22;131,86;134,70;139,54;143,15;147,21;150,67;;;;;;;;;;;
2021-07-02;;113,51;116,30;121,94;128,26;131,75;135,28;140,61;144,19;148,99;151,40;;120,44;123,27;130,64;136,76;141,41;145,48;152,77;158,23;162,54;164,72;;114,19;116,61;122,43;128,70;132,39;135,28;140,19;143,83;147,92;151,47;;;;;;;;;;;
2021-07-03;;113,51;116,29;121,94;128,26;131,75;135,28;140,61;144,19;148,99;151,40;;120,44;123,27;130,64;136,76;141,41;145,48;152,77;158,23;162,53;164,72;;114,19;116,61;122,43;128,70;132,39;135,28;140,19;143,83;147,92;151,47;;;;;;;;;;;
2021-07-04;;113,51;116,29;121,94;128,26;131,75;135,27;140,60;144,19;148,99;151,40;;120,43;123,26;130,64;136,76;141,41;145,47;152,76;158,23;162,53;164,72;;114,19;116,61;122,43;128,70;132,39;135,27;140,19;143,83;147,92;151,47;;;;;;;;;;;
2021-07-05;;113,48;116,26;121,90;128,22;131,71;135,23;140,56;144,14;148,94;151,35;;120,31;123,14;130,52;136,64;141,29;145,37;152,67;158,14;162,47;164,66;;114,07;116,50;122,33;128,61;132,30;135,21;140,13;143,77;147,88;151,44;;;;;;;;;;;
2021-07-06;;113,80;116,57;122,19;128,48;131,96;135,46;140,76;144,32;149,09;151,49;;120,69;123,50;130,84;136,96;141,58;145,63;152,88;158,32;162,57;164,70;;114,42;116,85;122,65;128,88;132,57;135,44;140,32;143,92;147,97;151,31;;;;;;;;;;;
2021-07-07;;114,05;116,85;122,52;128,87;132,39;135,93;141,28;144,88;149,71;152,13;;120,91;123,73;131,07;137,24;141,90;146,00;153,30;158,77;163,06;165,22;;114,61;117,04;122,89;129,18;132,89;135,79;140,70;144,36;148,44;151,79;;;;;;;;;;;
2021-07-08;;113,92;116,63;122,12;128,25;131,63;135,03;140,17;143,61;148,23;150,54;;120,72;123,41;130,59;136,48;141,00;144,94;151,99;157,28;161,30;163,34;;114,42;116,80;122,43;128,50;132,09;134,83;139,54;143,02;146,88;150,11;;;;;;;;;;;
2021-07-09;;113,79;116,56;122,20;128,50;131,99;135,50;140,81;144,38;149,16;151,56;;120,64;123,38;130,67;136,74;141,35;145,43;152,65;158,04;162,24;164,36;;114,32;116,72;122,49;128,72;132,40;135,26;140,09;143,69;147,70;150,99;;;;;;;;;;;
2021-07-10;;113,79;116,56;122,20;128,50;131,99;135,50;140,81;144,38;149,16;151,56;;120,64;123,38;130,66;136,74;141,35;145,42;152,64;158,04;162,24;164,35;;114,32;116,72;122,49;128,72;132,40;135,26;140,09;143,69;147,70;150,98;;;;;;;;;;;
2021-07-11;;113,79;116,56;122,19;128,50;131,98;135,50;140,81;144,38;149,16;151,56;;120,64;123,38;130,66;136,74;141,35;145,42;152,64;158,04;162,24;164,35;;114,32;116,72;122,49;128,72;132,39;135,26;140,09;143,69;147,70;150,98;;;;;;;;;;;
2021-07-12;;113,89;116,69;122,39;128,76;132,29;135,84;141,22;144,84;149,69;152,12;;120,73;123,50;130,91;137,09;141,74;145,87;153,19;158,67;162,95;165,14;;114,41;116,87;122,71;129,03;132,76;135,67;140,60;144,25;148,35;151,70;;;;;;;;;;;
2021-07-13;;113,81;116,62;122,33;128,73;132,27;135,83;141,24;144,87;149,74;152,18;;120,72;123,54;130,96;137,19;141,87;145,99;153,35;158,87;163,20;165,41;;114,43;116,91;122,77;129,12;132,86;135,78;140,75;144,42;148,57;151,96;;;;;;;;;;;
2021-07-14;;114,01;116,82;122,52;128,90;132,43;135,99;141,37;144,99;149,85;152,28;;120,96;123,77;131,16;137,35;142,02;146,13;153,46;158,98;163,27;165,46;;114,64;117,12;122,95;129,27;133,00;135,90;140,84;144,51;148,62;152,01;;;;;;;;;;;
2021-07-15;;114,07;116,84;122,46;128,75;132,23;135,73;141,03;144,58;149,35;151,74;;121,05;123,87;131,14;137,25;141,90;145,93;153,18;158,63;162,86;164,99;;114,76;117,19;122,95;129,20;132,86;135,72;140,58;144,20;148,23;151,57;;;;;;;;;;;
2021-07-16;;114,01;116,75;122,29;128,49;131,92;135,36;140,57;144,07;148,75;151,10;;120,94;123,72;130,89;136,90;141,49;145,46;152,59;157,97;162,11;164,18;;114,66;117,06;122,75;128,90;132,51;135,30;140,08;143,63;147,58;150,87;;;;;;;;;;;
2021-07-17;;114,01;116,74;122,29;128,49;131,92;135,36;140,57;144,07;148,75;151,09;;120,93;123,72;130,89;136,90;141,49;145,46;152,59;157,97;162,11;164,18;;114,66;117,06;122,75;128,90;132,50;135,30;140,08;143,63;147,58;150,87;;;;;;;;;;;
2021-07-18;;114,01;116,74;122,29;128,49;131,91;135,36;140,57;144,07;148,75;151,09;;120,93;123,72;130,89;136,90;141,48;145,46;152,59;157,96;162,10;164,18;;114,66;117,06;122,75;128,90;132,50;135,30;140,07;143,63;147,58;150,87;;;;;;;;;;;
2021-07-19;;114,12;116,75;122,05;127,96;131,22;134,48;139,41;142,71;147,11;149,31;;121,07;123,73;130,66;136,30;140,72;144,47;151,27;156,43;160,22;162,13;;114,80;117,10;122,53;128,37;131,81;134,40;138,90;142,24;145,89;149,03;;;;;;;;;;;
2021-07-20;;114,35;117,06;122,55;128,68;132,06;135,46;140,59;144,03;148,64;150,95;;121,29;123,98;131,02;136,85;141,38;145,28;152,26;157,53;161,51;163,43;;114,94;117,27;122,83;128,88;132,42;135,12;139,76;143,22;147,02;150,20;;;;;;;;;;;
2021-07-21;;114,23;117,00;122,62;128,90;132,37;135,86;141,15;144,69;149,44;151,83;;121,19;123,92;131,11;137,11;141,70;145,73;152,87;158,24;162,37;164,40;;114,83;117,21;122,91;129,10;132,73;135,54;140,31;143,86;147,81;151,06;;;;;;;;;;;
2021-07-22;;114,47;117,25;122,89;129,20;132,69;136,20;141,51;145,07;149,85;152,24;;121,45;124,22;131,41;137,44;142,06;146,09;153,26;158,65;162,81;164,86;;115,09;117,47;123,22;129,42;133,06;135,88;140,69;144,27;148,24;151,51;;;;;;;;;;;
2021-07-23;;114,60;117,45;123,24;129,74;133,33;136,95;142,44;146,13;151,08;153,57;;121,64;124,40;131,69;137,86;142,55;146,70;154,02;159,50;163,77;165,89;;115,19;117,62;123,45;129,80;133,52;136,42;141,33;145,01;149,10;152,41;;;;;;;;;;;
2021-07-24;;114,60;117,45;123,24;129,74;133,33;136,95;142,44;146,13;151,08;153,57;;121,64;124,40;131,69;137,86;142,55;146,70;154,01;159,49;163,77;165,89;;115,19;117,62;123,45;129,80;133,52;136,42;141,33;145,01;149,09;152,41;;;;;;;;;;;
2021-07-25;;114,60;117,45;123,24;129,74;133,33;136,95;142,44;146,13;151,08;153,56;;121,63;124,40;131,69;137,86;142,55;146,70;154,01;159,49;163,77;165,89;;115,19;117,62;123,45;129,80;133,52;136,42;141,33;145,00;149,09;152,40;;;;;;;;;;;
2021-07-26;;114,56;117,40;123,17;129,65;133,23;136,84;142,31;145,99;150,92;153,39;;121,60;124,25;131,57;137,66;142,30;146,44;153,70;159,13;163,31;165,43;;115,10;117,54;123,31;129,63;133,34;136,20;141,06;144,68;148,73;152,00;;;;;;;;;;;
2021-07-27;;114,55;117,40;123,17;129,65;133,23;136,84;142,31;145,98;150,92;153,39;;121,59;124,25;131,57;137,66;142,30;146,44;153,70;159,13;163,31;165,43;;115,10;117,54;123,31;129,62;133,34;136,20;141,05;144,67;148,72;152,00;;;;;;;;;;;
2021-07-28;;114,69;117,51;123,23;129,64;133,18;136,76;142,16;145,79;150,66;153,11;;121,79;124,40;131,69;137,71;142,30;146,41;153,60;158,98;163,08;165,19;;115,27;117,69;123,40;129,64;133,32;136,15;140,93;144,50;148,49;151,73;;;;;;;;;;;
2021-07-29;;114,62;117,44;123,16;129,58;133,12;136,69;142,10;145,73;150,60;153,04;;121,75;124,40;131,71;137,77;142,38;146,50;153,72;159,11;163,27;165,41;;115,26;117,68;123,43;129,69;133,38;136,23;141,04;144,63;148,66;151,93;;;;;;;;;;;
2021-07-30;;114,62;117,41;123,06;129,39;132,89;136,41;141,73;145,31;150,10;152,50;;121,80;124,41;131,63;137,58;142,14;146,21;153,33;158,64;162,71;164,80;;115,31;117,68;123,36;129,53;133,17;135,97;140,69;144,22;148,17;151,37;;;;;;;;;;;
2021-07-31;;114,62;117,41;123,06;129,39;132,89;136,41;141,73;145,31;150,10;152,50;;121,80;124,41;131,63;137,58;142,14;146,21;153,33;158,64;162,71;164,80;;115,31;117,68;123,36;129,53;133,17;135,97;140,69;144,22;148,16;151,37;;;;;;;;;;;
2021-08-01;;114,62;117,41;123,06;129,39;132,88;136,41;141,73;145,31;150,10;152,50;;121,80;124,40;131,62;137,58;142,13;146,20;153,33;158,64;162,71;164,79;;115,31;117,68;123,36;129,53;133,17;135,97;140,69;144,22;148,16;151,37;;;;;;;;;;;
2021-08-02;;114,83;117,62;123,28;129,61;133,10;136,62;141,94;145,52;150,30;152,71;;122,01;124,64;131,94;137,92;142,48;146,54;153,70;159,04;163,12;165,26;;115,54;117,95;123,67;129,84;133,49;136,30;141,05;144,59;148,56;151,82;;;;;;;;;;;
2021-08-03;;115,00;117,82;123,56;129,98;133,53;137,11;142,53;146,17;151,04;153,49;;122,19;124,85;132,20;138,29;142,91;147,03;154,28;159,70;163,86;166,02;;115,68;118,12;123,89;130,17;133,87;136,73;141,55;145,15;149,20;152,49;;;;;;;;;;;
2021-08-04;;115,13;117,95;123,66;130,05;133,58;137,14;142,52;146,14;150,98;153,42;;122,15;124,85;132,16;138,24;142,86;146,98;154,22;159,62;163,81;165,98;;115,69;118,11;123,89;130,15;133,83;136,70;141,51;145,13;149,16;152,45;;;;;;;;;;;
2021-08-05;;115,17;118,03;123,82;130,32;133,91;137,53;143,02;146,70;151,64;154,13;;122,24;124,93;132,32;138,49;143,15;147,33;154,65;160,11;164,36;166,56;;115,73;118,19;124,03;130,38;134,11;137,02;141,91;145,56;149,68;152,99;;;;;;;;;;;
2021-08-06;;114,72;117,62;123,53;130,17;133,84;137,55;143,18;146,96;152,05;154,60;;121,93;124,67;132,15;138,46;143,19;147,46;154,91;160,47;164,85;167,09;;115,43;117,92;123,86;130,34;134,15;137,13;142,15;145,88;150,12;153,48;;;;;;;;;;;
2021-08-07;;114,71;117,62;123,53;130,17;133,84;137,55;143,18;146,96;152,05;154,60;;121,93;124,67;132,15;138,46;143,19;147,46;154,91;160,46;164,85;167,09;;115,42;117,92;123,86;130,34;134,15;137,13;142,15;145,88;150,11;153,48;;;;;;;;;;;
2021-08-08;;114,71;117,62;123,53;130,17;133,84;137,55;143,17;146,96;152,04;154,60;;121,93;124,67;132,15;138,46;143,19;147,45;154,91;160,46;164,85;167,09;;115,42;117,92;123,86;130,34;134,15;137,13;142,14;145,88;150,11;153,48;;;;;;;;;;;
2021-08-09;;114,69;117,60;123,53;130,18;133,87;137,59;143,24;147,04;152,14;154,71;;121,89;124,64;132,13;138,47;143,21;147,48;154,96;160,53;164,94;167,19;;115,39;117,89;123,84;130,34;134,16;137,15;142,18;145,93;150,19;153,57;;;;;;;;;;;
2021-08-10;;114,82;117,75;123,71;130,41;134,12;137,86;143,54;147,37;152,51;155,09;;121,95;124,73;132,27;138,68;143,46;147,78;155,32;160,94;165,42;167,70;;115,44;117,96;123,96;130,53;134,37;137,41;142,50;146,29;150,61;154,03;;;;;;;;;;;
2021-08-11;;114,83;117,78;123,76;130,48;134,21;137,97;143,69;147,53;152,70;155,30;;121,94;124,72;132,33;138,78;143,56;147,91;155,50;161,14;165,65;167,97;;115,42;117,97;124,00;130,60;134,48;137,53;142,66;146,47;150,83;154,26;;;;;;;;;;;
2021-08-12;;114,72;117,68;123,72;130,51;134,28;138,08;143,86;147,75;152,98;155,62;;122,02;124,79;132,43;138,90;143,70;148,08;155,69;161,36;165,89;168,22;;115,48;118,04;124,08;130,71;134,61;137,68;142,82;146,64;151,04;154,48;;;;;;;;;;;
2021-08-13;;114,88;117,83;123,82;130,55;134,28;138,05;143,77;147,62;152,79;155,40;;122,26;124,97;132,55;138,92;143,66;147,99;155,52;161,13;165,53;167,87;;115,68;118,23;124,21;130,75;134,61;137,63;142,69;146,46;150,76;154,17;;;;;;;;;;;
2021-08-14;;114,88;117,82;123,81;130,55;134,28;138,05;143,77;147,62;152,79;155,40;;122,26;124,97;132,55;138,92;143,66;147,99;155,52;161,12;165,53;167,86;;115,68;118,22;124,21;130,75;134,61;137,62;142,69;146,46;150,76;154,17;;;;;;;;;;;
2021-08-15;;114,88;117,82;123,81;130,55;134,28;138,05;143,76;147,61;152,79;155,39;;122,26;124,96;132,55;138,91;143,66;147,99;155,52;161,12;165,53;167,86;;115,68;118,22;124,21;130,75;134,61;137,62;142,69;146,46;150,76;154,17;;;;;;;;;;;
2021-08-16;;114,95;117,89;123,86;130,58;134,30;138,06;143,76;147,59;152,75;155,35;;122,27;124,95;132,47;138,79;143,53;147,84;155,33;160,90;165,27;167,55;;115,67;118,20;124,13;130,66;134,50;137,48;142,51;146,26;150,52;153,89;;;;;;;;;;;
2021-08-17;;114,91;117,84;123,81;130,51;134,23;137,98;143,67;147,50;152,65;155,24;;122,22;124,88;132,36;138,65;143,38;147,68;155,14;160,70;165,03;167,31;;115,61;118,13;124,03;130,53;134,36;137,32;142,32;146,06;150,29;153,65;;;;;;;;;;;
2021-08-18;;114,82;117,71;123,59;130,18;133,83;137,51;143,10;146,85;151,89;154,43;;122,14;124,80;132,24;138,47;143,15;147,39;154,78;160,28;164,56;166,84;;115,58;118,08;123,93;130,34;134,12;137,06;141,98;145,68;149,86;153,19;;;;;;;;;;;
2021-08-19;;114,87;117,75;123,59;130,14;133,76;137,42;142,96;146,68;151,68;154,19;;122,21;124,78;132,11;138,21;142,84;147,03;154,31;159,74;163,88;166,07;;115,59;118,05;123,79;130,13;133,87;136,73;141,55;145,19;149,25;152,51;;;;;;;;;;;
2021-08-20;;114,98;117,89;123,80;130,45;134,12;137,84;143,46;147,25;152,34;154,89;;122,34;124,89;132,25;138,38;143,05;147,30;154,62;160,08;164,25;166,43;;115,66;118,13;123,90;130,30;134,07;136,96;141,82;145,49;149,59;152,84;;;;;;;;;;;
2021-08-21;;114,98;117,89;123,80;130,44;134,12;137,83;143,46;147,25;152,34;154,89;;122,34;124,89;132,25;138,38;143,05;147,29;154,62;160,07;164,25;166,43;;115,66;118,13;123,90;130,30;134,07;136,96;141,82;145,49;149,59;152,84;;;;;;;;;;;
2021-08-22;;114,97;117,88;123,80;130,44;134,12;137,83;143,46;147,25;152,33;154,89;;122,34;124,89;132,24;138,38;143,05;147,29;154,62;160,07;164,25;166,43;;115,66;118,12;123,90;130,30;134,07;136,96;141,82;145,48;149,58;152,84;;;;;;;;;;;
2021-08-23;;115,02;117,97;123,96;130,70;134,43;138,20;143,91;147,76;152,94;155,54;;122,38;124,98;132,47;138,74;143,46;147,78;155,23;160,78;165,07;167,33;;115,71;118,23;124,10;130,60;134,45;137,40;142,37;146,11;150,32;153,64;;;;;;;;;;;
2021-08-24;;114,94;117,90;123,91;130,68;134,43;138,22;143,97;147,84;153,04;155,66;;122,28;124,97;132,53;138,89;143,66;147,99;155,52;161,13;165,54;167,81;;115,68;118,22;124,16;130,73;134,60;137,60;142,65;146,43;150,71;154,10;;;;;;;;;;;
2021-08-25;;114,70;117,68;123,75;130,57;134,35;138,18;143,99;147,90;153,17;155,82;;121,95;124,68;132,29;138,73;143,53;147,92;155,53;161,18;165,67;167,97;;115,39;117,94;123,95;130,58;134,49;137,54;142,67;146,50;150,84;154,26;;;;;;;;;;;
2021-08-26;;114,63;117,58;123,57;130,31;134,04;137,82;143,54;147,40;152,58;155,19;;121,84;124,53;132,08;138,43;143,19;147,51;155,03;160,63;165,02;167,30;;115,28;117,82;123,75;130,30;134,17;137,17;142,22;145,98;150,25;153,63;;;;;;;;;;;
2021-08-27;;114,82;117,80;123,85;130,65;134,43;138,24;144,03;147,93;153,18;155,82;;122,07;124,78;132,39;138,81;143,60;147,99;155,59;161,23;165,69;167,98;;115,48;118,02;124,03;130,64;134,55;137,60;142,71;146,52;150,84;154,25;;;;;;;;;;;
2021-08-28;;114,82;117,80;123,84;130,65;134,42;138,24;144,03;147,93;153,17;155,81;;122,07;124,78;132,39;138,81;143,60;147,99;155,59;161,22;165,69;167,98;;115,48;118,02;124,02;130,64;134,55;137,60;142,71;146,52;150,84;154,24;;;;;;;;;;;
2021-08-29;;114,82;117,79;123,84;130,65;134,42;138,24;144,03;147,93;153,17;155,81;;122,07;124,78;132,39;138,81;143,60;147,99;155,59;161,22;165,69;167,98;;115,48;118,02;124,02;130,64;134,55;137,60;142,71;146,52;150,84;154,24;;;;;;;;;;;
2021-08-30;;114,99;117,98;124,06;130,90;134,70;138,54;144,36;148,29;153,57;156,23;;122,27;125,01;132,66;139,13;143,95;148,36;156,00;161,68;166,18;168,49;;115,68;118,24;124,27;130,92;134,86;137,92;143,07;146,91;151,27;154,71;;;;;;;;;;;
2021-08-31;;114,76;117,74;123,81;130,64;134,43;138,26;144,07;147,99;153,26;155,91;;121,95;124,76;132,44;138,97;143,82;148,22;155,91;161,64;166,21;168,52;;115,44;118,02;124,08;130,77;134,72;137,81;143,01;146,88;151,26;154,75;;;;;;;;;;;
2021-09-01;;114,75;117,72;123,78;130,59;134,37;138,19;143,99;147,90;153,16;155,80;;121,88;124,68;132,40;138,93;143,77;148,17;155,86;161,59;166,16;168,51;;115,39;117,98;124,05;130,73;134,68;137,78;142,98;146,85;151,24;154,73;;;;;;;;;;;
2021-09-02;;114,87;117,85;123,93;130,78;134,57;138,41;144,23;148,15;153,44;156,09;;122,04;124,84;132,59;139,15;143,99;148,42;156,14;161,88;166,46;168,83;;115,53;118,13;124,22;130,93;134,89;138,01;143,23;147,11;151,52;155,02;;;;;;;;;;;
2021-09-03;;114,71;117,70;123,79;130,64;134,44;138,29;144,12;148,06;153,35;156,02;;121,85;124,65;132,46;139,03;143,86;148,28;156,01;161,77;166,35;168,73;;115,37;118,00;124,09;130,81;134,79;137,89;143,14;147,01;151,44;154,97;;;;;;;;;;;
2021-09-04;;114,71;117,70;123,79;130,64;134,44;138,29;144,12;148,06;153,35;156,02;;121,85;124,65;132,46;139,03;143,86;148,27;156,01;161,77;166,35;168,73;;115,37;118,00;124,09;130,80;134,79;137,89;143,14;147,00;151,44;154,97;;;;;;;;;;;
2021-09-05;;114,71;117,70;123,79;130,64;134,44;138,28;144,12;148,05;153,35;156,01;;121,85;124,65;132,45;139,02;143,86;148,27;156,00;161,77;166,35;168,73;;115,36;118,00;124,09;130,80;134,78;137,89;143,14;147,00;151,44;154,97;;;;;;;;;;;
2021-09-06;;114,79;117,80;123,93;130,84;134,67;138,55;144,44;148,41;153,75;156,45;;121,99;124,82;132,71;139,37;144,23;148,69;156,50;162,32;166,98;169,42;;115,51;118,18;124,32;131,10;135,12;138,27;143,58;147,48;152,00;155,58;;;;;;;;;;;
2021-09-07;;114,50;117,51;123,63;130,53;134,36;138,23;144,12;148,08;153,42;156,11;;121,61;124,46;132,36;139,03;143,90;148,33;156,16;162,00;166,66;169,11;;115,16;117,86;123,99;130,78;134,80;137,95;143,28;147,18;151,70;155,31;;;;;;;;;;;
2021-09-08;;114,56;117,56;123,66;130,54;134,35;138,21;144,07;148,02;153,33;156,01;;121,71;124,52;132,41;139,01;143,85;148,25;156,02;161,84;166,42;168,83;;115,25;117,95;124,02;130,78;134,79;137,89;143,18;147,04;151,51;155,10;;;;;;;;;;;
2021-09-09;;114,72;117,69;123,72;130,51;134,28;138,08;143,86;147,75;152,98;155,61;;121,99;124,74;132,56;139,04;143,82;148,16;155,82;161,55;166,02;168,39;;115,49;118,15;124,13;130,78;134,73;137,77;142,95;146,73;151,12;154,65;;;;;;;;;;;
2021-09-10;;114,47;117,41;123,38;130,09;133,80;137,56;143,26;147,09;152,25;154,84;;121,67;124,42;132,23;138,67;143,41;147,70;155,31;161,01;165,44;167,82;;115,24;117,90;123,85;130,44;134,37;137,38;142,53;146,28;150,63;154,16;;;;;;;;;;;
2021-09-11;;114,47;117,41;123,38;130,08;133,80;137,56;143,25;147,09;152,25;154,84;;121,67;124,42;132,23;138,67;143,41;147,70;155,31;161,01;165,44;167,82;;115,24;117,90;123,85;130,44;134,37;137,38;142,53;146,28;150,63;154,16;;;;;;;;;;;
2021-09-12;;114,47;117,40;123,37;130,08;133,80;137,56;143,25;147,09;152,24;154,84;;121,67;124,42;132,23;138,67;143,40;147,69;155,31;161,01;165,44;167,82;;115,24;117,90;123,85;130,44;134,37;137,38;142,53;146,28;150,62;154,16;;;;;;;;;;;
2021-09-13;;114,59;117,54;123,55;130,31;134,05;137,84;143,58;147,45;152,65;155,27;;121,81;124,57;132,44;138,93;143,69;148,02;155,68;161,43;165,89;168,30;;115,35;118,04;124,03;130,67;134,63;137,67;142,86;146,64;151,03;154,58;;;;;;;;;;;
2021-09-14;;114,68;117,60;123,54;130,22;133,92;137,65;143,31;147,13;152,25;154,82;;121,87;124,59;132,45;138,86;143,58;147,84;155,44;161,14;165,51;167,92;;115,42;118,11;124,02;130,59;134,52;137,50;142,63;146,35;150,68;154,22;;;;;;;;;;;
2021-09-15;;114,64;117,59;123,60;130,35;134,09;137,87;143,60;147,46;152,66;155,27;;121,81;124,52;132,39;138,82;143,57;147,87;155,51;161,24;165,63;168,01;;115,32;118,02;123,93;130,55;134,52;137,51;142,67;146,41;150,76;154,30;;;;;;;;;;;
2021-09-16;;114,55;117,52;123,58;130,39;134,17;137,99;143,79;147,70;152,96;155,60;;121,81;124,51;132,41;138,89;143,65;147,99;155,68;161,43;165,85;168,26;;115,30;118,01;123,95;130,61;134,60;137,62;142,81;146,59;150,97;154,51;;;;;;;;;;;
2021-09-17;;114,28;117,22;123,21;129,94;133,67;137,44;143,16;147,01;152,19;154,80;;121,45;124,16;132,03;138,46;143,19;147,48;155,11;160,82;165,21;167,58;;114,99;117,69;123,59;130,20;134,16;137,15;142,31;146,03;150,38;153,91;;;;;;;;;;;
2021-09-18;;114,28;117,22;123,21;129,94;133,67;137,44;143,16;147,01;152,19;154,80;;121,45;124,15;132,03;138,46;143,19;147,48;155,10;160,82;165,21;167,58;;114,99;117,69;123,59;130,20;134,16;137,15;142,30;146,03;150,38;153,91;;;;;;;;;;;
2021-09-19;;114,28;117,22;123,21;129,94;133,67;137,44;143,16;147,01;152,19;154,80;;121,45;124,15;132,03;138,46;143,19;147,48;155,10;160,82;165,21;167,57;;114,99;117,69;123,59;130,20;134,16;137,15;142,30;146,03;150,38;153,91;;;;;;;;;;;
2021-09-20;;114,24;117,08;122,85;129,31;132,88;136,49;141,94;145,61;150,53;153,00;;121,39;123,99;131,69;137,83;142,41;146,51;153,87;159,40;163,51;165,76;;114,94;117,58;123,23;129,58;133,41;136,23;141,14;144,68;148,80;152,21;;;;;;;;;;;
2021-09-21;;114,28;117,13;122,91;129,39;132,98;136,59;142,06;145,74;150,68;153,16;;121,48;124,09;131,77;137,94;142,53;146,66;154,03;159,56;163,71;165,99;;115,03;117,64;123,34;129,70;133,51;136,37;141,27;144,84;148,98;152,40;;;;;;;;;;;
2021-09-22;;114,46;117,35;123,22;129,82;133,47;137,15;142,73;146,49;151,53;154,06;;121,70;124,35;132,06;138,32;142,98;147,20;154,66;160,24;164,49;166,80;;115,21;117,82;123,60;130,06;133,92;136,84;141,82;145,46;149,68;153,11;;;;;;;;;;;
2021-09-23;;114,14;117,10;123,14;129,92;133,68;137,48;143,26;147,15;152,38;155,01;;121,37;124,09;131,93;138,41;143,16;147,53;155,19;160,90;165,37;167,76;;114,88;117,54;123,50;130,14;134,11;137,16;142,32;146,10;150,49;154,00;;;;;;;;;;;
2021-09-24;;113,95;116,94;123,01;129,85;133,65;137,49;143,32;147,25;152,54;155,20;;121,14;123,83;131,76;138,27;143,04;147,41;155,13;160,89;165,36;167,76;;114,62;117,33;123,27;129,96;133,98;137,02;142,23;146,02;150,45;153,99;;;;;;;;;;;
2021-09-25;;113,95;116,94;123,01;129,85;133,65;137,49;143,32;147,25;152,53;155,20;;121,14;123,83;131,76;138,27;143,04;147,41;155,13;160,89;165,35;167,75;;114,61;117,33;123,27;129,96;133,98;137,02;142,23;146,01;150,45;153,99;;;;;;;;;;;
2021-09-26;;113,95;116,93;123,01;129,85;133,65;137,48;143,31;147,24;152,53;155,19;;121,14;123,83;131,75;138,27;143,04;147,41;155,13;160,88;165,35;167,75;;114,61;117,33;123,27;129,96;133,98;137,02;142,23;146,01;150,44;153,98;;;;;;;;;;;
2021-09-27;;113,82;116,80;122,87;129,69;133,48;137,31;143,13;147,05;152,32;154,98;;121,12;123,81;131,75;138,26;143,02;147,40;155,11;160,86;165,34;167,73;;114,59;117,29;123,26;129,95;133,96;137,01;142,23;146,00;150,44;153,99;;;;;;;;;;;
2021-09-28;;113,25;116,13;121,97;128,53;132,17;135,84;141,40;145,14;150,16;152,69;;120,47;123,14;130,88;137,17;141,81;146,02;153,50;159,09;163,39;165,67;;114,04;116,67;122,45;128,92;132,80;135,72;140,75;144,38;148,65;152,10;;;;;;;;;;;
2021-09-29;;113,39;116,29;122,19;128,81;132,48;136,18;141,80;145,58;150,66;153,22;;120,68;123,34;131,06;137,40;142,07;146,32;153,84;159,44;163,79;166,07;;114,20;116,82;122,63;129,15;133,04;135,99;141,04;144,70;149,00;152,45;;;;;;;;;;;
2021-09-30;;113,23;116,10;121,94;128,49;132,11;135,77;141,32;145,05;150,06;152,58;;120,43;123,09;130,77;137,03;141,66;145,86;153,30;158,85;163,14;165,41;;114,00;116,60;122,42;128,86;132,71;135,63;140,65;144,27;148,51;151,94;;;;;;;;;;;
2021-10-01;;113,52;116,41;122,29;128,90;132,56;136,25;141,85;145,62;150,68;153,23;;120,82;123,46;131,12;137,39;142,05;146,29;153,75;159,31;163,62;165,84;;114,30;116,88;122,69;129,17;133,03;135,96;140,98;144,62;148,87;152,28;;;;;;;;;;;
2021-10-02;;113,52;116,41;122,29;128,90;132,56;136,25;141,85;145,62;150,68;153,23;;120,81;123,46;131,11;137,39;142,05;146,28;153,75;159,31;163,62;165,84;;114,30;116,87;122,69;129,17;133,03;135,96;140,98;144,62;148,87;152,28;;;;;;;;;;;
2021-10-03;;113,52;116,41;122,29;128,90;132,55;136,25;141,85;145,62;150,68;153,22;;120,81;123,46;131,11;137,39;142,05;146,28;153,74;159,31;163,62;165,84;;114,30;116,87;122,69;129,16;133,02;135,96;140,98;144,62;148,87;152,28;;;;;;;;;;;
2021-10-04;;113,26;116,08;121,80;128,22;131,77;135,34;140,76;144,40;149,28;151,73;;120,53;123,11;130,63;136,72;141,28;145,40;152,68;158,10;162,25;164,42;;114,07;116,58;122,31;128,61;132,37;135,22;140,09;143,62;147,73;151,05;;;;;;;;;;;
2021-10-05;;113,20;116,10;121,98;128,58;132,24;135,94;141,54;145,31;150,37;152,92;;120,61;123,23;130,79;137,05;141,70;145,95;153,38;158,89;163,21;165,44;;114,10;116,62;122,46;128,91;132,73;135,69;140,68;144,32;148,56;151,93;;;;;;;;;;;
2021-10-06;;113,25;116,17;122,11;128,78;132,48;136,22;141,89;145,71;150,85;153,43;;120,61;123,24;130,80;137,08;141,75;146,01;153,47;159,02;163,33;165,52;;114,06;116,60;122,44;128,94;132,79;135,74;140,76;144,42;148,67;152,04;;;;;;;;;;;
2021-10-07;;113,25;116,23;122,30;129,13;132,92;136,75;142,57;146,50;151,78;154,44;;120,63;123,36;131,04;137,53;142,31;146,69;154,33;160,00;164,54;166,82;;114,11;116,69;122,68;129,35;133,28;136,35;141,53;145,33;149,73;153,19;;;;;;;;;;;
2021-10-08;;113,00;115,97;122,03;128,86;132,65;136,48;142,30;146,23;151,51;154,17;;120,37;123,11;130,79;137,28;142,05;146,42;154,05;159,72;164,26;166,55;;113,88;116,47;122,46;129,12;133,05;136,11;141,30;145,09;149,50;152,97;;;;;;;;;;;
2021-10-09;;112,99;115,97;122,03;128,86;132,65;136,48;142,30;146,22;151,51;154,17;;120,37;123,11;130,79;137,28;142,04;146,42;154,05;159,72;164,26;166,55;;113,88;116,46;122,46;129,12;133,05;136,11;141,30;145,09;149,50;152,97;;;;;;;;;;;
2021-10-10;;112,99;115,97;122,03;128,86;132,65;136,48;142,30;146,22;151,51;154,17;;120,37;123,11;130,79;137,27;142,04;146,41;154,05;159,72;164,26;166,54;;113,88;116,46;122,46;129,11;133,04;136,11;141,30;145,08;149,50;152,97;;;;;;;;;;;
2021-10-11;;112,85;115,80;121,81;128,57;132,32;136,11;141,87;145,75;150,98;153,60;;120,19;122,95;130,63;137,10;141,85;146,20;153,81;159,47;164,00;166,31;;113,75;116,34;122,32;128,94;132,85;135,91;141,09;144,86;149,26;152,74;;;;;;;;;;;
2021-10-12;;112,90;115,85;121,85;128,60;132,35;136,13;141,88;145,76;150,97;153,59;;120,24;122,97;130,63;137,06;141,80;146,13;153,71;159,34;163,83;166,13;;113,77;116,33;122,31;128,90;132,80;135,85;140,99;144,74;149,11;152,57;;;;;;;;;;;
2021-10-13;;113,17;116,13;122,15;128,92;132,67;136,47;142,23;146,12;151,34;153,97;;120,52;123,26;130,93;137,37;142,12;146,47;154,06;159,70;164,20;166,51;;114,04;116,60;122,59;129,18;133,09;136,14;141,29;145,05;149,43;152,89;;;;;;;;;;;
2021-10-14;;113,61;116,65;122,83;129,80;133,67;137,59;143,55;147,57;152,99;155,72;;121,04;123,82;131,62;138,25;143,09;147,58;155,35;161,12;165,78;168,16;;114,49;117,10;123,22;130,00;134,00;137,16;142,45;146,33;150,85;154,38;;;;;;;;;;;
2021-10-15;;113,55;116,63;122,93;130,03;133,98;137,99;144,08;148,19;153,74;156,54;;121,02;123,86;131,79;138,57;143,49;148,05;155,97;161,85;166,66;169,12;;114,49;117,16;123,37;130,28;134,35;137,59;143,00;146,98;151,63;155,25;;;;;;;;;;;
2021-10-16;;113,55;116,63;122,93;130,03;133,98;137,98;144,08;148,19;153,74;156,54;;121,02;123,86;131,78;138,57;143,48;148,05;155,97;161,85;166,66;169,11;;114,49;117,16;123,37;130,28;134,35;137,59;143,00;146,97;151,63;155,24;;;;;;;;;;;
2021-10-17;;113,55;116,63;122,92;130,03;133,98;137,98;144,07;148,19;153,74;156,54;;121,01;123,86;131,78;138,57;143,48;148,04;155,97;161,84;166,65;169,11;;114,48;117,15;123,37;130,28;134,35;137,59;143,00;146,97;151,62;155,24;;;;;;;;;;;
2021-10-18;;113,47;116,57;122,89;130,02;133,99;138,01;144,13;148,27;153,85;156,67;;121,01;123,85;131,76;138,55;143,48;148,05;155,97;161,86;166,68;169,11;;114,46;117,13;123,35;130,27;134,35;137,59;143,01;146,99;151,65;155,26;;;;;;;;;;;
2021-10-19;;113,34;116,46;122,84;130,05;134,06;138,13;144,32;148,51;154,17;157,02;;120,77;123,65;131,61;138,50;143,47;148,09;156,10;162,05;166,96;169,44;;114,23;116,92;123,21;130,21;134,34;137,62;143,14;147,18;151,91;155,57;;;;;;;;;;;
2021-10-20;;113,34;116,49;122,92;130,18;134,23;138,34;144,59;148,83;154,54;157,43;;120,87;123,78;131,78;138,72;143,72;148,38;156,45;162,44;167,40;169,90;;114,33;117,03;123,39;130,43;134,58;137,91;143,48;147,55;152,33;156,01;;;;;;;;;;;
2021-10-21;;113,19;116,36;122,82;130,13;134,20;138,33;144,64;148,90;154,66;157,57;;120,73;123,62;131,60;138,56;143,57;148,25;156,33;162,32;167,31;169,79;;114,17;116,86;123,22;130,29;134,45;137,79;143,36;147,45;152,25;155,92;;;;;;;;;;;
2021-10-22;;113,31;116,46;122,91;130,20;134,27;138,39;144,67;148,92;154,66;157,56;;120,90;123,79;131,79;138,74;143,75;148,44;156,52;162,50;167,49;170,00;;114,34;117,03;123,38;130,45;134,60;137,94;143,51;147,59;152,39;156,07;;;;;;;;;;;
2021-10-23;;113,31;116,46;122,91;130,20;134,27;138,39;144,67;148,92;154,66;157,56;;120,90;123,79;131,79;138,74;143,74;148,43;156,52;162,50;167,49;169,99;;114,33;117,03;123,38;130,45;134,60;137,94;143,51;147,59;152,39;156,07;;;;;;;;;;;
2021-10-24;;113,30;116,46;122,91;130,20;134,26;138,39;144,67;148,92;154,66;157,56;;120,90;123,79;131,79;138,74;143,74;148,43;156,51;162,50;167,49;169,99;;114,33;117,02;123,38;130,45;134,60;137,94;143,51;147,59;152,39;156,07;;;;;;;;;;;
2021-10-25;;113,45;116,64;123,16;130,54;134,66;138,83;145,20;149,51;155,34;158,29;;121,13;124,05;132,09;139,12;144,17;148,91;157,07;163,10;168,18;170,69;;114,54;117,24;123,67;130,81;135,00;138,39;144,03;148,16;153,02;156,73;;;;;;;;;;;
2021-10-26;;113,61;116,82;123,39;130,83;134,98;139,19;145,61;149,97;155,85;158,82;;121,31;124,24;132,34;139,43;144,51;149,29;157,52;163,60;168,71;171,29;;114,70;117,44;123,90;131,10;135,33;138,74;144,43;148,60;153,51;157,26;;;;;;;;;;;
2021-10-27;;113,91;117,08;123,55;130,87;134,95;139,09;145,39;149,66;155,41;158,32;;121,65;124,52;132,52;139,46;144,47;149,15;157,23;163,23;168,17;170,69;;115,02;117,74;124,08;131,15;135,31;138,63;144,19;148,28;153,06;156,74;;;;;;;;;;;
2021-10-28;;113,79;116,97;123,48;130,85;134,95;139,11;145,46;149,76;155,56;158,49;;121,41;124,26;132,26;139,22;144,24;148,97;157,08;163,08;168,04;170,57;;114,77;117,47;123,85;130,95;135,14;138,48;144,06;148,17;152,96;156,63;;;;;;;;;;;
2021-10-29;;113,73;116,96;123,59;131,10;135,29;139,54;146,03;150,43;156,38;159,39;;121,15;124,04;132,16;139,26;144,37;149,18;157,45;163,57;168,64;171,21;;114,49;117,25;123,71;130,95;135,24;138,64;144,35;148,56;153,45;157,18;;;;;;;;;;;
2021-10-30;;113,73;116,96;123,59;131,09;135,28;139,54;146,03;150,43;156,38;159,38;;121,15;124,04;132,16;139,26;144,37;149,18;157,45;163,57;168,64;171,21;;114,48;117,25;123,71;130,95;135,23;138,64;144,35;148,56;153,44;157,17;;;;;;;;;;;
2021-10-31;;113,72;116,96;123,58;131,09;135,28;139,53;146,03;150,43;156,37;159,38;;121,15;124,04;132,15;139,25;144,37;149,18;157,44;163,57;168,63;171,20;;114,48;117,25;123,71;130,95;135,23;138,63;144,35;148,56;153,44;157,17;;;;;;;;;;;
2021-11-01;;113,74;117,00;123,67;131,24;135,46;139,75;146,31;150,75;156,76;159,80;;121,13;124,02;132,30;139,50;144,63;149,51;157,88;164,07;169,21;171,86;;114,46;117,28;123,81;131,13;135,49;138,95;144,75;148,99;153,98;157,76;;;;;;;;;;;
2021-11-02;;114,04;117,31;124,00;131,58;135,82;140,12;146,69;151,14;157,16;160,21;;121,60;124,49;132,75;139,95;145,09;149,97;158,33;164,52;169,66;172,29;;114,87;117,70;124,19;131,52;135,86;139,31;145,08;149,33;154,32;158,09;;;;;;;;;;;
2021-11-03;;114,02;117,32;124,08;131,75;136,04;140,40;147,05;151,57;157,68;160,78;;121,57;124,48;132,81;140,08;145,27;150,22;158,67;164,91;170,13;172,78;;114,83;117,67;124,23;131,65;136,04;139,54;145,39;149,69;154,75;158,54;;;;;;;;;;;
2021-11-04;;114,45;117,79;124,63;132,40;136,74;141,15;147,89;152,47;158,67;161,81;;122,11;125,04;133,48;140,85;146,09;151,08;159,63;165,96;171,25;173,95;;115,32;118,21;124,83;132,33;136,79;140,32;146,25;150,60;155,74;159,60;;;;;;;;;;;
2021-11-05;;115,04;118,37;125,19;132,93;137,26;141,66;148,37;152,93;159,10;162,22;;122,71;125,61;134,04;141,36;146,58;151,57;160,09;166,38;171,62;174,29;;115,88;118,75;125,37;132,84;137,28;140,80;146,70;151,02;156,13;159,95;;;;;;;;;;;
2021-11-06;;115,04;118,37;125,19;132,93;137,26;141,65;148,37;152,93;159,10;162,22;;122,71;125,61;134,04;141,36;146,58;151,57;160,09;166,38;171,62;174,29;;115,88;118,75;125,36;132,84;137,28;140,80;146,70;151,02;156,13;159,95;;;;;;;;;;;
2021-11-07;;115,03;118,36;125,19;132,93;137,26;141,65;148,37;152,93;159,09;162,22;;122,71;125,61;134,03;141,36;146,57;151,56;160,09;166,38;171,62;174,29;;115,88;118,75;125,36;132,84;137,28;140,80;146,70;151,02;156,12;159,95;;;;;;;;;;;
2021-11-08;;114,71;118,04;124,87;132,62;136,95;141,35;148,08;152,64;158,82;161,95;;122,47;125,38;133,78;141,11;146,33;151,32;159,84;166,11;171,38;174,05;;115,68;118,53;125,15;132,63;137,06;140,59;146,49;150,81;155,92;159,75;;;;;;;;;;;
2021-11-09;;114,93;118,24;125,01;132,69;136,98;141,34;147,99;152,50;158,61;161,70;;122,78;125,67;134,01;141,27;146,45;151,40;159,83;166,06;171,26;173,89;;115,98;118,80;125,36;132,76;137,15;140,64;146,45;150,73;155,77;159,56;;;;;;;;;;;
2021-11-10;;114,39;117,70;124,47;132,16;136,45;140,82;147,48;152,01;158,13;161,23;;122,20;125,14;133,45;140,76;145,96;150,93;159,40;165,64;170,92;173,58;;115,46;118,28;124,86;132,30;136,68;140,21;146,05;150,37;155,46;159,27;;;;;;;;;;;
2021-11-11;;114,38;117,72;124,56;132,33;136,67;141,08;147,83;152,41;158,61;161,75;;122,17;125,17;133,57;141,00;146,26;151,29;159,87;166,20;171,59;174,30;;115,45;118,30;124,95;132,48;136,92;140,51;146,44;150,83;156,01;159,88;;;;;;;;;;;
2021-11-12;;114,47;117,87;124,84;132,76;137,20;141,71;148,62;153,32;159,68;162,90;;122,34;125,37;133,91;141,47;146,80;151,90;160,63;167,08;172,59;175,35;;115,56;118,48;125,22;132,88;137,40;141,05;147,12;151,58;156,89;160,84;;;;;;;;;;;
2021-11-13;;114,47;117,86;124,83;132,76;137,20;141,71;148,62;153,31;159,68;162,90;;122,34;125,37;133,90;141,47;146,80;151,90;160,63;167,08;172,58;175,35;;115,56;118,48;125,22;132,88;137,40;141,05;147,12;151,58;156,89;160,83;;;;;;;;;;;
2021-11-14;;114,46;117,86;124,83;132,76;137,20;141,71;148,62;153,31;159,68;162,90;;122,33;125,37;133,90;141,47;146,80;151,90;160,63;167,08;172,58;175,34;;115,56;118,48;125,22;132,88;137,40;141,05;147,12;151,58;156,89;160,83;;;;;;;;;;;
2021-11-15;;114,31;117,73;124,76;132,75;137,23;141,79;148,77;153,51;159,95;163,21;;122,08;125,15;133,75;141,41;146,78;151,93;160,74;167,25;172,85;175,66;;115,33;118,28;125,09;132,84;137,40;141,10;147,25;151,76;157,17;161,15;;;;;;;;;;;
2021-11-16;;114,35;117,83;124,97;133,11;137,67;142,31;149,44;154,28;160,86;164,20;;122,19;125,30;133,98;141,78;147,23;152,46;161,40;168,01;173,75;176,59;;115,40;118,39;125,27;133,15;137,78;141,55;147,81;152,40;157,92;161,97;;;;;;;;;;;
2021-11-17;;114,43;117,91;125,05;133,19;137,75;142,40;149,52;154,37;160,95;164,28;;122,28;125,40;134,07;141,87;147,32;152,55;161,50;168,12;173,85;176,70;;115,48;118,47;125,33;133,19;137,83;141,59;147,84;152,44;157,95;162,01;;;;;;;;;;;
2021-11-18;;114,54;118,00;125,11;133,20;137,74;142,36;149,43;154,25;160,78;164,09;;122,48;125,54;134,14;141,83;147,24;152,42;161,28;167,84;173,44;176,24;;115,63;118,61;125,39;133,18;137,78;141,48;147,64;152,19;157,61;161,61;;;;;;;;;;;
2021-11-19;;114,79;118,24;125,34;133,43;137,96;142,57;149,64;154,44;160,96;164,27;;122,70;125,75;134,36;142,04;147,44;152,60;161,44;168,00;173,57;176,35;;115,83;118,83;125,59;133,38;137,98;141,65;147,81;152,34;157,75;161,75;;;;;;;;;;;
2021-11-20;;114,78;118,24;125,34;133,43;137,96;142,57;149,63;154,44;160,96;164,27;;122,70;125,75;134,36;142,03;147,44;152,60;161,44;168,00;173,57;176,35;;115,83;118,82;125,58;133,38;137,97;141,65;147,81;152,34;157,75;161,75;;;;;;;;;;;
2021-11-21;;114,78;118,24;125,34;133,43;137,96;142,57;149,63;154,44;160,96;164,26;;122,70;125,75;134,35;142,03;147,44;152,59;161,43;168,00;173,57;176,35;;115,83;118,82;125,58;133,38;137,97;141,65;147,81;152,33;157,75;161,74;;;;;;;;;;;
2021-11-22;;114,45;117,92;125,05;133,18;137,74;142,38;149,49;154,33;160,90;164,23;;122,30;125,37;134,00;141,76;147,19;152,39;161,30;167,91;173,56;176,35;;115,44;118,46;125,27;133,13;137,76;141,47;147,70;152,28;157,75;161,77;;;;;;;;;;;
2021-11-23;;114,02;117,49;124,61;132,72;137,27;141,90;149,00;153,83;160,39;163,72;;121,72;124,77;133,36;141,08;146,50;151,67;160,55;167,15;172,76;175,50;;114,86;117,86;124,65;132,49;137,12;140,80;147,03;151,59;157,04;161,03;;;;;;;;;;;
2021-11-24;;114,17;117,68;124,88;133,09;137,70;142,40;149,60;154,51;161,17;164,56;;121,83;124,90;133,51;141,28;146,76;151,98;160,92;167,57;173,22;175,97;;114,93;117,95;124,80;132,70;137,37;141,08;147,38;151,99;157,47;161,48;;;;;;;;;;;
2021-11-25;;114,25;117,75;124,95;133,16;137,77;142,46;149,66;154,56;161,22;164,60;;121,99;125,06;133,68;141,48;146,95;152,18;161,13;167,78;173,47;176,23;;115,09;118,10;124,95;132,86;137,53;141,25;147,54;152,16;157,66;161,69;;;;;;;;;;;
2021-11-26;;114,38;117,67;124,39;132,02;136,28;140,60;147,20;151,67;157,72;160,78;;122,04;124,88;133,03;140,14;145,28;150,07;158,35;164,55;169,54;171,99;;115,14;117,98;124,32;131,64;135,98;139,31;145,01;149,20;154,13;157,84;;;;;;;;;;;
2021-11-27;;114,38;117,67;124,39;132,02;136,27;140,60;147,19;151,67;157,72;160,77;;122,04;124,87;133,03;140,14;145,28;150,07;158,35;164,54;169,54;171,99;;115,14;117,98;124,32;131,64;135,97;139,31;145,01;149,20;154,12;157,83;;;;;;;;;;;
2021-11-28;;114,38;117,67;124,39;132,02;136,27;140,59;147,19;151,66;157,71;160,77;;122,04;124,87;133,03;140,13;145,28;150,07;158,35;164,54;169,54;171,99;;115,14;117,98;124,32;131,64;135,97;139,30;145,01;149,20;154,12;157,83;;;;;;;;;;;
2021-11-29;;114,45;117,81;124,70;132,54;136,92;141,37;148,17;152,79;159,05;162,22;;122,20;125,05;133,24;140,49;145,73;150,66;159,09;165,38;170,52;173,00;;115,21;118,07;124,50;131,98;136,38;139,81;145,62;149,92;154,97;158,71;;;;;;;;;;;
2021-11-30;;114,46;117,72;124,38;131,92;136,12;140,39;146,90;151,31;157,27;160,28;;122,24;125,04;133,01;139,98;145,09;149,83;157,98;164,07;168,97;171,34;;115,31;118,07;124,31;131,53;135,77;139,05;144,62;148,75;153,56;157,19;;;;;;;;;;;
2021-12-01;;114,33;117,51;124,02;131,38;135,48;139,64;145,97;150,25;156,03;158,95;;122,05;124,87;132,78;139,70;144,75;149,42;157,48;163,52;168,36;170,82;;115,22;117,96;124,14;131,25;135,42;138,67;144,14;148,25;152,99;156,63;;;;;;;;;;;
2021-12-02;;114,48;117,72;124,35;131,85;136,03;140,27;146,73;151,11;157,03;160,02;;122,38;125,24;133,21;140,22;145,35;150,09;158,26;164,37;169,33;171,73;;115,52;118,28;124,52;131,74;135,98;139,28;144,85;149,01;153,83;157,49;;;;;;;;;;;
2021-12-03;;114,63;117,83;124,38;131,78;135,90;140,08;146,45;150,76;156,57;159,51;;122,48;125,30;133,24;140,16;145,23;149,90;157,98;164,05;168,89;171,27;;115,62;118,39;124,54;131,69;135,89;139,12;144,62;148,71;153,46;157,10;;;;;;;;;;;
2021-12-04;;114,63;117,83;124,38;131,78;135,90;140,08;146,45;150,76;156,57;159,51;;122,48;125,30;133,24;140,16;145,23;149,90;157,98;164,05;168,89;171,27;;115,62;118,38;124,54;131,68;135,88;139,12;144,62;148,71;153,46;157,10;;;;;;;;;;;
2021-12-05;;114,63;117,83;124,37;131,78;135,90;140,08;146,45;150,75;156,57;159,51;;122,48;125,29;133,24;140,16;145,23;149,90;157,98;164,05;168,88;171,27;;115,61;118,38;124,54;131,68;135,88;139,12;144,62;148,71;153,45;157,09;;;;;;;;;;;
2021-12-06;;114,70;117,98;124,68;132,27;136,50;140,80;147,36;151,80;157,80;160,84;;122,61;125,43;133,49;140,57;145,73;150,54;158,79;164,96;169,95;172,41;;115,68;118,48;124,77;132,08;136,37;139,71;145,35;149,55;154,44;158,12;;;;;;;;;;;
2021-12-07;;114,97;118,40;125,44;133,44;137,92;142,48;149,45;154,19;160,61;163,86;;122,91;125,88;134,28;141,81;147,17;152,26;160,94;167,41;172,81;175,48;;115,95;118,89;125,49;133,19;137,71;141,28;147,28;151,75;157,01;160,89;;;;;;;;;;;
2021-12-08;;114,61;118,02;125,02;132,98;137,43;141,96;148,89;153,60;159,98;163,21;;122,43;125,38;133,76;141,25;146,58;151,64;160,30;166,73;172,10;174,75;;115,51;118,44;125,05;132,70;137,21;140,76;146,76;151,20;156,42;160,30;;;;;;;;;;;
2021-12-09;;114,66;118,05;125,00;132,89;137,31;141,79;148,65;153,31;159,62;162,82;;122,53;125,51;133,84;141,30;146,63;151,65;160,26;166,68;172,03;174,66;;115,64;118,57;125,13;132,76;137,23;140,76;146,72;151,14;156,35;160,22;;;;;;;;;;;
2021-12-10;;114,74;118,15;125,14;133,09;137,53;142,05;148,97;153,67;160,03;163,25;;122,65;125,60;133,89;141,35;146,70;151,74;160,35;166,79;172,13;174,73;;115,70;118,62;125,17;132,82;137,30;140,83;146,79;151,23;156,42;160,27;;;;;;;;;;;
2021-12-11;;114,74;118,15;125,14;133,09;137,53;142,05;148,97;153,66;160,03;163,25;;122,65;125,60;133,89;141,35;146,70;151,74;160,35;166,78;172,13;174,73;;115,70;118,62;125,17;132,82;137,30;140,83;146,79;151,23;156,42;160,27;;;;;;;;;;;
2021-12-12;;114,74;118,15;125,14;133,09;137,53;142,05;148,97;153,66;160,03;163,25;;122,65;125,60;133,89;141,35;146,70;151,73;160,35;166,78;172,13;174,73;;115,70;118,62;125,17;132,82;137,30;140,83;146,79;151,22;156,42;160,27;;;;;;;;;;;
2021-12-13;;114,90;118,27;125,16;132,99;137,36;141,81;148,60;153,21;159,45;162,60;;122,93;125,83;134,04;141,37;146,64;151,59;160,08;166,42;171,63;174,18;;115,97;118,86;125,31;132,84;137,25;140,70;146,54;150,89;155,98;159,78;;;;;;;;;;;
2021-12-14;;114,90;118,27;125,16;132,99;137,36;141,81;148,60;153,21;159,45;162,60;;122,92;125,83;134,04;141,36;146,64;151,59;160,07;166,42;171,63;174,18;;115,97;118,86;125,31;132,84;137,25;140,70;146,54;150,89;155,98;159,78;;;;;;;;;;;
2021-12-15;;114,77;118,18;125,18;133,14;137,59;142,11;149,04;153,74;160,11;163,34;;122,72;125,61;133,87;141,27;146,60;151,61;160,18;166,59;171,85;174,40;;115,72;118,65;125,12;132,76;137,23;140,71;146,63;151,03;156,18;159,99;;;;;;;;;;;
2021-12-16;;114,68;118,05;124,94;132,77;137,15;141,60;148,39;153,00;159,25;162,41;;122,63;125,53;133,79;141,14;146,42;151,38;159,90;166,28;171,48;174,12;;115,69;118,62;125,05;132,60;137,03;140,49;146,35;150,71;155,82;159,65;;;;;;;;;;;
2021-12-17;;114,71;118,03;124,84;132,56;136,87;141,25;147,93;152,47;158,60;161,70;;122,66;125,52;133,69;140,93;146,14;151,03;159,43;165,70;170,80;173,36;;115,73;118,60;124,97;132,41;136,77;140,18;145,93;150,21;155,22;158,99;;;;;;;;;;;
2021-12-18;;114,71;118,03;124,84;132,56;136,87;141,25;147,93;152,46;158,59;161,70;;122,66;125,52;133,69;140,92;146,14;151,03;159,42;165,69;170,80;173,36;;115,72;118,60;124,97;132,40;136,77;140,18;145,93;150,21;155,22;158,98;;;;;;;;;;;
2021-12-19;;114,70;118,03;124,84;132,56;136,87;141,24;147,93;152,46;158,59;161,69;;122,66;125,52;133,69;140,92;146,14;151,03;159,42;165,69;170,80;173,36;;115,72;118,60;124,97;132,40;136,77;140,17;145,92;150,20;155,22;158,98;;;;;;;;;;;
2021-12-20;;114,39;117,63;124,25;131,75;135,93;140,16;146,63;151,00;156,91;159,89;;122,33;125,07;133,00;139,95;145,03;149,77;157,88;163,95;168,79;171,23;;115,39;118,18;124,35;131,55;135,77;139,03;144,55;148,66;153,45;157,07;;;;;;;;;;;
2021-12-21;;114,39;117,76;124,67;132,51;136,89;141,35;148,16;152,78;159,04;162,21;;122,29;125,15;133,37;140,69;145,94;150,92;159,40;165,72;170,90;173,49;;115,33;118,22;124,67;132,19;136,62;140,08;145,91;150,25;155,33;159,12;;;;;;;;;;;
2021-12-22;;114,47;117,86;124,83;132,75;137,18;141,69;148,57;153,25;159,59;162,79;;122,46;125,32;133,58;140,97;146,26;151,30;159,85;166,20;171,46;174,10;;115,47;118,36;124,87;132,45;136,91;140,42;146,30;150,69;155,83;159,64;;;;;;;;;;;
2021-12-23;;114,38;117,84;124,95;133,05;137,58;142,19;149,25;154,05;160,56;163,86;;122,26;125,20;133,62;141,21;146,59;151,75;160,50;167,00;172,44;175,18;;115,29;118,25;124,90;132,65;137,22;140,84;146,90;151,41;156,71;160,62;;;;;;;;;;;
2021-12-24;;114,37;117,82;124,90;132,95;137,46;142,05;149,08;153,85;160,32;163,60;;122,25;125,18;133,57;141,13;146,49;151,64;160,36;166,83;172,24;174,97;;115,28;118,23;124,86;132,59;137,13;140,74;146,78;151,27;156,54;160,44;;;;;;;;;;;
2021-12-25;;114,37;117,82;124,90;132,95;137,46;142,05;149,07;153,85;160,32;163,60;;122,25;125,18;133,57;141,12;146,49;151,64;160,35;166,82;172,24;174,97;;115,28;118,23;124,86;132,59;137,13;140,74;146,77;151,27;156,54;160,44;;;;;;;;;;;
2021-12-26;;114,37;117,82;124,90;132,95;137,46;142,05;149,07;153,85;160,32;163,60;;122,24;125,17;133,57;141,12;146,49;151,63;160,35;166,82;172,24;174,97;;115,28;118,23;124,86;132,59;137,13;140,74;146,77;151,27;156,54;160,44;;;;;;;;;;;
2021-12-27;;114,37;117,82;124,89;132,95;137,46;142,05;149,07;153,84;160,32;163,60;;122,24;125,17;133,57;141,12;146,49;151,63;160,35;166,82;172,24;174,96;;115,28;118,23;124,86;132,59;137,13;140,74;146,77;151,27;156,54;160,44;;;;;;;;;;;
2021-12-28;;114,60;118,13;125,38;133,66;138,30;143,02;150,26;155,20;161,89;165,29;;122,55;125,55;134,12;141,90;147,39;152,69;161,64;168,29;173,91;176,75;;115,54;118,56;125,35;133,28;137,96;141,68;147,91;152,56;158,02;162,02;;;;;;;;;;;
2021-12-29;;114,26;117,78;125,01;133,25;137,87;142,58;149,80;154,71;161,38;164,76;;122,06;125,02;133,55;141,30;146,77;152,05;160,97;167,58;173,17;175,99;;115,07;118,07;124,86;132,76;137,43;141,14;147,35;151,98;157,41;161,38;;;;;;;;;;;
2021-12-30;;114,34;117,85;125,07;133,30;137,91;142,61;149,82;154,72;161,37;164,75;;122,14;125,12;133,64;141,38;146,85;152,14;161,05;167,65;173,25;176,07;;115,16;118,15;124,95;132,84;137,49;141,21;147,42;152,06;157,47;161,45;;;;;;;;;;;
2021-12-31;;114,29;117,77;124,92;133,06;137,61;142,25;149,36;154,20;160,75;164,08;;122,08;125,07;133,53;141,21;146,65;151,88;160,72;167,27;172,82;175,62;;115,14;118,10;124,84;132,66;137,27;140,96;147,10;151,69;157,05;161,00;;;;;;;;;;;
2022-01-01;;114,29;117,77;124,92;133,05;137,61;142,25;149,36;154,19;160,75;164,08;;122,08;125,07;133,53;141,21;146,65;151,88;160,72;167,27;172,82;175,62;;115,14;118,10;124,84;132,66;137,27;140,96;147,10;151,69;157,05;161,00;;;;;;;;;;;
2022-01-02;;114,29;117,77;124,91;133,05;137,61;142,25;149,36;154,19;160,75;164,08;;122,08;125,07;133,53;141,21;146,64;151,88;160,72;167,27;172,82;175,62;;115,14;118,10;124,84;132,66;137,27;140,96;147,09;151,68;157,04;161,00;;;;;;;;;;;
2022-01-03;;114,29;117,77;124,91;133,05;137,61;142,25;149,36;154,19;160,75;164,07;;122,08;125,06;133,52;141,21;146,64;151,87;160,72;167,27;172,81;175,61;;115,14;118,10;124,84;132,66;137,27;140,96;147,09;151,68;157,04;160,99;;;;;;;;;;;
2022-01-04;;114,09;117,65;124,98;133,34;138,03;142,81;150,15;155,15;161,95;165,40;;121,86;124,92;133,63;141,61;147,17;152,58;161,72;168,47;174,29;177,26;;114,91;117,97;124,92;133,00;137,76;141,61;148,00;152,76;158,40;162,49;;;;;;;;;;;
2022-01-05;;113,51;116,97;124,09;132,20;136,74;141,36;148,44;153,26;159,79;163,11;;121,40;124,38;132,95;140,71;146,13;151,39;160,29;166,87;172,47;175,41;;114,51;117,54;124,32;132,18;136,81;140,54;146,73;151,34;156,80;160,81;;;;;;;;;;;
2022-01-06;;113,25;116,71;123,81;131,90;136,43;141,04;148,11;152,92;159,44;162,75;;121,04;124,03;132,52;140,24;145,66;150,90;159,77;166,32;171,91;174,76;;114,14;117,13;123,85;131,69;136,30;140,00;146,15;150,75;156,17;160,13;;;;;;;;;;;
2022-01-07;;112,96;116,38;123,40;131,39;135,87;140,42;147,39;152,13;158,56;161,82;;120,74;123,73;132,13;139,77;145,15;150,33;159,10;165,60;171,13;173,95;;113,90;116,85;123,54;131,29;135,85;139,51;145,60;150,15;155,51;159,44;;;;;;;;;;;
2022-01-08;;112,96;116,38;123,40;131,39;135,87;140,42;147,39;152,13;158,56;161,82;;120,74;123,72;132,12;139,77;145,15;150,33;159,10;165,60;171,12;173,95;;113,89;116,85;123,54;131,29;135,84;139,51;145,60;150,15;155,51;159,44;;;;;;;;;;;
2022-01-09;;112,95;116,38;123,40;131,39;135,86;140,42;147,39;152,13;158,56;161,82;;120,74;123,72;132,12;139,77;145,15;150,33;159,10;165,59;171,12;173,95;;113,89;116,85;123,53;131,29;135,84;139,51;145,60;150,15;155,50;159,44;;;;;;;;;;;
2022-01-10;;112,88;116,29;123,30;131,28;135,75;140,29;147,26;151,99;158,40;161,66;;120,69;123,69;132,06;139,67;145,05;150,18;158,92;165,41;170,91;173,68;;113,84;116,81;123,45;131,19;135,73;139,36;145,44;149,96;155,30;159,24;;;;;;;;;;;
2022-01-11;;113,03;116,49;123,59;131,68;136,21;140,82;147,89;152,70;159,22;162,53;;120,84;123,89;132,30;140,03;145,47;150,68;159,52;166,08;171,70;174,50;;113,98;116,95;123,67;131,49;136,08;139,78;145,93;150,54;155,95;159,92;;;;;;;;;;;
2022-01-12;;113,10;116,55;123,64;131,71;136,23;140,84;147,89;152,68;159,19;162,49;;120,93;124,02;132,47;140,24;145,69;150,89;159,76;166,36;172,01;174,87;;114,11;117,10;123,84;131,68;136,27;139,98;146,16;150,78;156,23;160,25;;;;;;;;;;;
2022-01-13;;113,05;116,42;123,31;131,14;135,52;139,97;146,78;151,40;157,66;160,83;;120,91;123,94;132,28;139,84;145,17;150,25;158,91;165,34;170,81;173,62;;114,12;117,05;123,68;131,32;135,79;139,41;145,41;149,90;155,19;159,12;;;;;;;;;;;
2022-01-14;;112,66;116,03;122,95;130,80;135,20;139,67;146,51;151,16;157,45;160,64;;120,49;123,52;131,81;139,38;144,72;149,80;158,47;164,91;170,39;173,16;;113,70;116,61;123,23;130,88;135,36;138,98;144,98;149,47;154,78;158,69;;;;;;;;;;;
2022-01-15;;112,66;116,03;122,94;130,80;135,20;139,67;146,51;151,15;157,45;160,64;;120,49;123,52;131,81;139,38;144,72;149,80;158,47;164,90;170,39;173,16;;113,69;116,61;123,23;130,88;135,36;138,97;144,98;149,47;154,78;158,69;;;;;;;;;;;
2022-01-16;;112,66;116,03;122,94;130,80;135,20;139,67;146,51;151,15;157,45;160,63;;120,49;123,51;131,81;139,38;144,72;149,80;158,46;164,90;170,39;173,16;;113,69;116,61;123,22;130,88;135,35;138,97;144,98;149,47;154,78;158,69;;;;;;;;;;;
2022-01-17;;112,63;116,02;122,99;130,92;135,36;139,87;146,78;151,47;157,84;161,06;;120,45;123,50;131,84;139,48;144,86;149,99;158,72;165,21;170,76;173,58;;113,65;116,59;123,25;130,97;135,48;139,14;145,20;149,74;155,10;159,05;;;;;;;;;;;
2022-01-18;;112,09;115,43;122,27;130,04;134,39;138,81;145,57;150,16;156,37;159,52;;119,91;122,92;131,15;138,65;143,94;148,96;157,54;163,92;169,34;172,11;;113,16;116,07;122,62;130,20;134,62;138,20;144,14;148,58;153,85;157,74;;;;;;;;;;;
2022-01-19;;112,02;115,31;122,03;129,66;133,92;138,25;144,86;149,34;155,41;158,48;;119,83;122,81;130,86;138,21;143,44;148,38;156,80;163,05;168,37;171,08;;113,11;115,93;122,40;129,84;134,15;137,67;143,47;147,85;152,98;156,78;;;;;;;;;;;
2022-01-20;;112,05;115,29;121,93;129,46;133,66;137,93;144,44;148,85;154,81;157,83;;119,85;122,87;130,90;138,21;143,41;148,29;156,65;162,87;168,15;170,90;;113,21;116,03;122,49;129,85;134,13;137,62;143,38;147,73;152,82;156,64;;;;;;;;;;;
2022-01-21;;112,01;115,13;121,50;128,70;132,71;136,77;142,96;147,13;152,77;155,61;;119,79;122,71;130,52;137,52;142,56;147,23;155,28;161,29;166,27;168,88;;113,19;115,93;122,15;129,23;133,34;136,66;142,14;146,29;151,11;154,80;;;;;;;;;;;
2022-01-22;;112,01;115,13;121,50;128,70;132,71;136,77;142,95;147,13;152,77;155,61;;119,79;122,71;130,52;137,52;142,56;147,23;155,28;161,29;166,27;168,88;;113,19;115,93;122,15;129,23;133,34;136,65;142,14;146,29;151,11;154,80;;;;;;;;;;;
2022-01-23;;112,00;115,13;121,50;128,70;132,71;136,77;142,95;147,13;152,77;155,61;;119,78;122,71;130,52;137,52;142,56;147,23;155,28;161,29;166,26;168,88;;113,19;115,93;122,15;129,22;133,33;136,65;142,14;146,29;151,10;154,79;;;;;;;;;;;
2022-01-24;;111,92;115,03;121,36;128,52;132,50;136,53;142,66;146,81;152,40;155,22;;119,70;122,54;130,26;137,10;142,08;146,65;154,57;160,50;165,31;167,71;;113,05;115,76;121,86;128,86;132,94;136,14;141,56;145,58;150,28;153,87;;;;;;;;;;;
2022-01-25;;111,71;114,78;121,03;128,08;132,00;135,96;142,00;146,08;151,57;154,33;;119,51;122,32;129,96;136,72;141,65;146,19;154,02;159,88;164,64;167,05;;112,88;115,54;121,56;128,48;132,49;135,67;140,98;144,97;149,61;153,16;;;;;;;;;;;
2022-01-26;;111,40;114,48;120,76;127,86;131,80;135,80;141,88;145,98;151,52;154,31;;119,20;122,04;129,70;136,56;141,52;146,13;154,04;159,93;164,79;167,30;;112,61;115,29;121,38;128,35;132,39;135,63;140,99;145,05;149,76;153,35;;;;;;;;;;;
2022-01-27;;111,53;114,63;120,95;128,10;132,08;136,10;142,24;146,38;151,97;154,78;;119,45;122,28;129,86;136,71;141,70;146,33;154,23;160,11;164,98;167,47;;112,81;115,45;121,52;128,49;132,52;135,77;141,09;145,18;149,87;153,43;;;;;;;;;;;
2022-01-28;;111,75;114,95;121,48;128,88;133,01;137,19;143,57;147,89;153,73;156,68;;119,70;122,55;130,30;137,33;142,42;147,17;155,27;161,32;166,32;168,82;;112,97;115,70;121,86;129,04;133,21;136,53;142,03;146,22;151,06;154,70;;;;;;;;;;;
2022-01-29;;111,75;114,95;121,48;128,88;133,01;137,19;143,57;147,89;153,73;156,68;;119,70;122,55;130,30;137,33;142,42;147,17;155,27;161,32;166,32;168,82;;112,96;115,69;121,86;129,04;133,20;136,53;142,03;146,22;151,06;154,70;;;;;;;;;;;
2022-01-30;;111,75;114,95;121,48;128,88;133,00;137,19;143,57;147,89;153,73;156,68;;119,70;122,55;130,30;137,33;142,42;147,17;155,26;161,31;166,32;168,82;;112,96;115,69;121,85;129,04;133,20;136,52;142,03;146,22;151,06;154,70;;;;;;;;;;;
2022-01-31;;111,80;115,09;121,82;129,46;133,72;138,05;144,67;149,16;155,24;158,31;;119,77;122,69;130,61;137,87;143,08;147,97;156,30;162,51;167,72;170,31;;113,01;115,80;122,11;129,50;133,79;137,24;142,93;147,25;152,28;156,02;;;;;;;;;;;
2022-02-01;;111,79;115,12;121,93;129,66;133,99;138,39;145,11;149,67;155,85;158,97;;119,70;122,65;130,67;138,05;143,31;148,29;156,74;163,02;168,35;171,02;;112,94;115,77;122,18;129,66;134,01;137,54;143,32;147,73;152,85;156,64;;;;;;;;;;;
2022-02-02;;111,98;115,32;122,19;129,99;134,36;138,79;145,58;150,19;156,43;159,59;;119,85;122,79;130,91;138,35;143,64;148,66;157,18;163,53;168,88;171,61;;113,07;115,95;122,39;129,95;134,35;137,89;143,75;148,18;153,36;157,20;;;;;;;;;;;
2022-02-03;;111,05;114,22;120,71;128,06;132,15;136,30;142,64;146,92;152,71;155,64;;118,61;121,46;129,25;136,30;141,37;146,12;154,23;160,27;165,27;167,87;;111,99;114,74;120,94;128,10;132,28;135,62;141,15;145,35;150,18;153,85;;;;;;;;;;;
2022-02-04;;110,54;113,74;120,27;127,68;131,81;136,01;142,40;146,74;152,59;155,55;;117,98;120,87;128,67;135,76;140,86;145,62;153,76;159,85;164,91;167,47;;111,41;114,16;120,39;127,60;131,80;135,16;140,75;144,98;149,85;153,54;;;;;;;;;;;
2022-02-05;;110,54;113,74;120,27;127,68;131,81;136,00;142,40;146,74;152,59;155,55;;117,98;120,87;128,67;135,76;140,85;145,62;153,76;159,85;164,91;167,47;;111,41;114,16;120,39;127,60;131,80;135,16;140,75;144,98;149,84;153,54;;;;;;;;;;;
2022-02-06;;110,54;113,74;120,27;127,68;131,81;136,00;142,40;146,73;152,59;155,55;;117,98;120,87;128,66;135,76;140,85;145,61;153,76;159,85;164,91;167,47;;111,41;114,16;120,39;127,60;131,80;135,16;140,75;144,98;149,84;153,53;;;;;;;;;;;
2022-02-07;;110,39;113,58;120,11;127,52;131,65;135,84;142,24;146,58;152,44;155,40;;117,72;120,62;128,44;135,56;140,66;145,44;153,60;159,70;164,78;167,40;;111,16;113,92;120,19;127,40;131,62;135,00;140,61;144,86;149,74;153,45;;;;;;;;;;;
2022-02-08;;110,25;113,50;120,16;127,72;131,94;136,23;142,78;147,23;153,24;156,28;;117,62;120,54;128,47;135,73;140,90;145,77;154,08;160,27;165,48;168,13;;111,03;113,83;120,21;127,57;131,86;135,32;141,07;145,40;150,41;154,17;;;;;;;;;;;
2022-02-09;;110,64;113,97;120,82;128,60;132,96;137,39;144,17;148,77;155,01;158,17;;118,08;121,10;129,22;136,73;142,02;147,05;155,60;161,97;167,42;170,18;;111,46;114,33;120,91;128,48;132,90;136,49;142,45;146,94;152,16;156,03;;;;;;;;;;;
2022-02-10;;109,81;113,07;119,76;127,35;131,59;135,90;142,49;146,96;153,02;156,08;;117,13;120,16;128,18;135,58;140,79;145,71;154,13;160,39;165,76;168,52;;110,66;113,49;120,00;127,43;131,75;135,30;141,16;145,57;150,70;154,54;;;;;;;;;;;
2022-02-11;;109,87;113,06;119,59;127,00;131,13;135,32;141,72;146,06;151,92;154,89;;117,16;120,14;128,10;135,33;140,44;145,25;153,51;159,67;164,87;167,59;;110,70;113,49;119,90;127,16;131,41;134,86;140,59;144,88;149,87;153,67;;;;;;;;;;;
2022-02-12;;109,87;113,06;119,59;127,00;131,13;135,32;141,72;146,06;151,92;154,88;;117,15;120,13;128,09;135,32;140,44;145,25;153,51;159,67;164,87;167,59;;110,69;113,49;119,89;127,16;131,41;134,86;140,58;144,88;149,87;153,66;;;;;;;;;;;
2022-02-13;;109,87;113,06;119,59;127,00;131,13;135,32;141,72;146,06;151,92;154,88;;117,15;120,13;128,09;135,32;140,44;145,25;153,51;159,66;164,86;167,58;;110,69;113,49;119,89;127,16;131,41;134,86;140,58;144,88;149,87;153,66;;;;;;;;;;;
2022-02-14;;109,56;112,75;119,30;126,71;130,86;135,06;141,48;145,83;151,71;154,68;;116,89;119,83;127,72;134,90;140,00;144,79;152,99;159,12;164,29;166,90;;110,40;113,18;119,55;126,81;131,04;134,46;140,17;144,43;149,39;153,14;;;;;;;;;;;
2022-02-15;;109,53;112,79;119,48;127,08;131,32;135,64;142,23;146,71;152,77;155,84;;116,81;119,81;127,80;135,18;140,38;145,31;153,71;159,95;165,31;168,01;;110,31;113,10;119,61;127,03;131,35;134,90;140,75;145,14;150,25;154,06;;;;;;;;;;;
2022-02-16;;109,70;112,96;119,66;127,27;131,52;135,84;142,44;146,93;153,00;156,07;;117,07;120,11;128,18;135,60;140,82;145,75;154,19;160,48;165,88;168,60;;110,58;113,41;119,96;127,42;131,77;135,32;141,22;145,63;150,79;154,64;;;;;;;;;;;
2022-02-17;;109,60;112,76;119,22;126,53;130,61;134,75;141,06;145,34;151,11;154,03;;117,04;120,02;127,89;135,05;140,13;144,88;153,04;159,13;164,29;166,93;;110,60;113,36;119,74;126,95;131,14;134,55;140,23;144,47;149,42;153,16;;;;;;;;;;;
2022-02-18;;109,67;112,78;119,15;126,36;130,37;134,44;140,64;144,83;150,49;153,35;;117,11;120,05;127,83;134,87;139,89;144,57;152,61;158,62;163,66;166,24;;110,66;113,38;119,67;126,77;130,90;134,25;139,82;143,98;148,82;152,51;;;;;;;;;;;
2022-02-19;;109,66;112,78;119,15;126,35;130,37;134,44;140,64;144,83;150,49;153,35;;117,11;120,04;127,83;134,87;139,89;144,56;152,61;158,62;163,66;166,24;;110,66;113,38;119,67;126,77;130,90;134,25;139,81;143,98;148,82;152,51;;;;;;;;;;;
2022-02-20;;109,66;112,78;119,15;126,35;130,37;134,43;140,63;144,83;150,49;153,35;;117,11;120,04;127,83;134,87;139,89;144,56;152,61;158,62;163,66;166,23;;110,66;113,38;119,66;126,77;130,90;134,25;139,81;143,97;148,82;152,51;;;;;;;;;;;
2022-02-21;;109,60;112,71;119,05;126,22;130,22;134,27;140,43;144,61;150,24;153,08;;116,98;119,87;127,60;134,56;139,54;144,17;152,15;158,11;163,07;165,57;;110,52;113,22;119,48;126,53;130,63;133,93;139,47;143,58;148,36;152,01;;;;;;;;;;;
2022-02-22;;109,33;112,39;118,63;125,67;129,60;133,57;139,61;143,70;149,20;151,98;;116,70;119,54;127,13;133,96;138,88;143,44;151,28;157,13;161,98;164,45;;110,25;112,89;119,05;125,97;130,00;133,24;138,64;142,68;147,35;150,93;;;;;;;;;;;
2022-02-23;;108,92;111,90;117,99;124,86;128,67;132,53;138,40;142,36;147,69;150,37;;116,34;119,16;126,65;133,34;138,16;142,62;150,30;156,04;160,78;163,23;;109,96;112,55;118,61;125,39;129,31;132,49;137,76;141,71;146,29;149,81;;;;;;;;;;;
2022-02-24;;109,25;112,34;118,66;125,80;129,78;133,81;139,95;144,10;149,70;152,53;;116,92;119,64;127,20;133,95;138,83;143,39;151,16;156,98;161,75;164,04;;110,23;112,85;118,90;125,84;129,87;133,04;138,40;142,36;147,05;150,55;;;;;;;;;;;
2022-02-25;;109,42;112,60;119,09;126,46;130,56;134,73;141,09;145,40;151,22;154,16;;117,02;119,83;127,59;134,60;139,62;144,37;152,40;158,40;163,41;165,90;;110,34;113,04;119,28;126,44;130,60;133,94;139,49;143,64;148,52;152,14;;;;;;;;;;;
2022-02-26;;109,42;112,59;119,09;126,46;130,56;134,73;141,09;145,40;151,22;154,16;;117,02;119,82;127,58;134,60;139,61;144,36;152,40;158,39;163,41;165,90;;110,34;113,04;119,28;126,44;130,60;133,94;139,48;143,63;148,52;152,14;;;;;;;;;;;
2022-02-27;;109,42;112,59;119,09;126,45;130,56;134,73;141,09;145,40;151,22;154,16;;117,02;119,82;127,58;134,60;139,61;144,36;152,40;158,39;163,40;165,89;;110,34;113,04;119,28;126,43;130,60;133,94;139,48;143,63;148,52;152,13;;;;;;;;;;;
2022-02-28;;109,88;113,05;119,52;126,85;130,93;135,08;141,40;145,68;151,46;154,38;;117,56;120,32;128,09;135,03;140,01;144,72;152,70;158,65;163,58;166,05;;110,78;113,47;119,68;126,78;130,93;134,23;139,72;143,82;148,67;152,26;;;;;;;;;;;
2022-03-01;;110,57;113,66;119,98;127,12;131,09;135,11;141,23;145,36;150,94;153,75;;118,65;121,34;128,97;135,66;140,51;145,04;152,76;158,56;163,26;165,55;;111,81;114,45;120,48;127,39;131,39;134,53;139,83;143,73;148,42;151,92;;;;;;;;;;;
2022-03-02;;110,05;113,28;119,90;127,40;131,59;135,84;142,34;146,74;152,69;155,69;;118,19;120,94;128,73;135,76;140,78;145,56;153,60;159,59;164,63;167,00;;111,29;113,97;120,23;127,46;131,63;134,96;140,54;144,65;149,62;153,21;;;;;;;;;;;
2022-03-03;;109,97;113,16;119,67;127,06;131,17;135,35;141,72;146,03;151,86;154,81;;118,15;120,87;128,59;135,49;140,45;145,12;153,04;158,97;163,87;166,15;;111,25;113,92;120,12;127,24;131,35;134,60;140,12;144,13;149,01;152,56;;;;;;;;;;;
2022-03-04;;110,36;113,52;119,97;127,27;131,34;135,46;141,74;145,99;151,73;154,63;;118,75;121,37;128,92;135,59;140,46;144,98;152,70;158,50;163,18;165,23;;111,73;114,34;120,40;127,37;131,40;134,49;139,88;143,73;148,44;151,89;;;;;;;;;;;
2022-03-05;;110,36;113,52;119,97;127,27;131,33;135,46;141,74;145,99;151,73;154,62;;118,74;121,37;128,92;135,58;140,45;144,98;152,70;158,50;163,18;165,23;;111,73;114,34;120,40;127,37;131,40;134,49;139,88;143,73;148,44;151,89;;;;;;;;;;;
2022-03-06;;110,36;113,52;119,97;127,27;131,33;135,46;141,74;145,99;151,73;154,62;;118,74;121,37;128,92;135,58;140,45;144,98;152,69;158,50;163,18;165,23;;111,72;114,34;120,39;127,37;131,40;134,49;139,88;143,73;148,44;151,89;;;;;;;;;;;
2022-03-07;;109,63;112,66;118,84;125,81;129,68;133,60;139,56;143,58;149,00;151,72;;118,10;120,58;127,82;134,12;138,78;143,12;150,45;155,96;160,34;162,28;;111,12;113,59;119,40;126,04;129,85;132,77;137,84;141,47;145,91;149,18;;;;;;;;;;;
2022-03-08;;108,95;111,95;118,06;124,96;128,79;132,67;138,56;142,54;147,89;150,59;;117,40;119,84;127,00;133,23;137,85;142,17;149,43;154,86;159,20;161,12;;110,44;112,86;118,62;125,19;128,96;131,87;136,86;140,46;144,85;148,07;;;;;;;;;;;
2022-03-09;;108,81;111,91;118,24;125,40;129,39;133,43;139,58;143,74;149,36;152,19;;117,08;119,61;126,96;133,51;138,29;142,85;150,41;156,03;160,65;162,81;;110,13;112,62;118,60;125,43;129,36;132,47;137,66;141,50;146,11;149,44;;;;;;;;;;;
2022-03-10;;108,36;111,47;117,82;125,01;129,01;133,07;139,25;143,44;149,09;151,94;;116,30;118,87;126,41;133,06;137,86;142,41;150,08;155,81;160,49;162,67;;109,44;112,04;118,10;125,01;129,02;132,15;137,50;141,36;146,05;149,47;;;;;;;;;;;
2022-03-11;;108,20;111,27;117,54;124,64;128,59;132,59;138,69;142,81;148,37;151,17;;116,26;118,79;126,22;132,77;137,52;142,05;149,61;155,23;159,85;162,03;;109,42;111,95;117,97;124,78;128,72;131,83;137,06;140,88;145,50;148,85;;;;;;;;;;;
2022-03-12;;108,20;111,27;117,54;124,64;128,59;132,59;138,68;142,81;148,37;151,17;;116,26;118,79;126,21;132,77;137,52;142,04;149,61;155,23;159,84;162,03;;109,42;111,95;117,96;124,78;128,72;131,82;137,06;140,88;145,50;148,85;;;;;;;;;;;
2022-03-13;;108,19;111,27;117,54;124,64;128,58;132,59;138,68;142,80;148,36;151,17;;116,26;118,79;126,21;132,76;137,51;142,04;149,61;155,23;159,84;162,03;;109,42;111,95;117,96;124,78;128,72;131,82;137,06;140,88;145,49;148,85;;;;;;;;;;;
2022-03-14;;107,44;110,50;116,74;123,81;127,74;131,73;137,80;141,90;147,44;150,24;;115,46;117,91;125,33;131,85;136,56;141,10;148,63;154,21;158,78;161,05;;108,64;111,17;117,16;123,94;127,88;130,98;136,18;139,98;144,59;147,93;;;;;;;;;;;
2022-03-15;;107,70;110,84;117,28;124,56;128,63;132,75;139,05;143,31;149,07;151,99;;115,81;118,21;125,72;132,34;137,12;141,76;149,43;155,09;159,71;161,98;;108,84;111,43;117,44;124,38;128,42;131,55;136,84;140,71;145,41;148,75;;;;;;;;;;;
2022-03-16;;108,06;111,34;118,06;125,71;129,99;134,33;140,99;145,50;151,62;154,72;;116,11;118,76;126,60;133,71;138,74;143,65;151,78;157,79;162,89;165,37;;109,19;111,91;118,28;125,60;129,86;133,27;138,95;143,13;148,20;151,78;;;;;;;;;;;
2022-03-17;;108,22;111,53;118,31;126,02;130,34;134,73;141,46;146,02;152,21;155,34;;116,22;118,96;126,92;134,15;139,24;144,20;152,45;158,55;163,78;166,33;;109,38;112,14;118,63;126,04;130,35;133,82;139,64;143,89;149,06;152,73;;;;;;;;;;;
2022-03-18;;108,65;112,04;119,01;126,96;131,41;135,95;142,90;147,63;154,04;157,30;;116,71;119,51;127,61;135,04;140,24;145,33;153,79;160,04;165,45;168,07;;109,81;112,63;119,28;126,88;131,30;134,88;140,88;145,26;150,59;154,35;;;;;;;;;;;
2022-03-19;;108,65;112,04;119,01;126,96;131,41;135,95;142,90;147,63;154,04;157,30;;116,71;119,51;127,61;135,04;140,24;145,33;153,79;160,04;165,45;168,07;;109,81;112,63;119,28;126,88;131,30;134,88;140,88;145,25;150,58;154,35;;;;;;;;;;;
2022-03-20;;108,65;112,04;119,01;126,96;131,41;135,95;142,90;147,62;154,04;157,30;;116,71;119,51;127,61;135,04;140,24;145,33;153,79;160,04;165,44;168,06;;109,81;112,62;119,27;126,88;131,30;134,88;140,88;145,25;150,58;154,34;;;;;;;;;;;
2022-03-21;;108,04;111,44;118,45;126,45;130,93;135,50;142,51;147,28;153,76;157,05;;116,04;118,83;126,96;134,44;139,64;144,77;153,28;159,55;165,01;167,66;;109,17;112,00;118,67;126,33;130,77;134,38;140,42;144,82;150,21;153,99;;;;;;;;;;;
2022-03-22;;107,85;111,35;118,55;126,78;131,41;136,13;143,38;148,33;155,06;158,48;;116,00;118,89;127,17;134,89;140,22;145,50;154,24;160,69;166,40;169,15;;109,10;112,00;118,85;126,70;131,26;135,01;141,27;145,82;151,42;155,32;;;;;;;;;;;
2022-03-23;;108,21;111,65;118,72;126,80;131,33;135,95;143,03;147,86;154,42;157,75;;116,26;119,14;127,38;134,99;140,24;145,40;154,02;160,40;165,98;168,70;;109,39;112,28;119,06;126,79;131,28;134,94;141,12;145,58;151,08;154,98;;;;;;;;;;;
2022-03-24;;107,96;111,46;118,68;126,94;131,58;136,32;143,60;148,56;155,31;158,74;;116,13;119,02;127,31;135,04;140,36;145,62;154,36;160,83;166,52;169,25;;109,19;112,11;118,96;126,83;131,39;135,12;141,41;145,95;151,56;155,49;;;;;;;;;;;
2022-03-25;;107,57;111,11;118,41;126,77;131,47;136,28;143,67;148,71;155,58;159,07;;115,81;118,70;127,06;134,88;140,25;145,58;154,42;160,96;166,74;169,50;;108,88;111,84;118,75;126,72;131,35;135,12;141,51;146,10;151,80;155,75;;;;;;;;;;;
2022-03-26;;107,56;111,11;118,41;126,77;131,47;136,28;143,66;148,71;155,58;159,07;;115,81;118,70;127,06;134,88;140,25;145,58;154,42;160,95;166,74;169,49;;108,88;111,84;118,74;126,72;131,35;135,12;141,50;146,10;151,80;155,75;;;;;;;;;;;
2022-03-27;;107,56;111,10;118,40;126,77;131,47;136,27;143,66;148,71;155,58;159,07;;115,81;118,70;127,06;134,88;140,25;145,58;154,42;160,95;166,74;169,49;;108,88;111,84;118,74;126,72;131,35;135,12;141,50;146,10;151,80;155,75;;;;;;;;;;;
2022-03-28;;107,68;111,26;118,64;127,10;131,87;136,73;144,23;149,34;156,31;159,86;;115,92;118,83;127,17;135,05;140,47;145,85;154,76;161,33;167,18;169,94;;108,96;111,91;118,86;126,90;131,55;135,36;141,79;146,44;152,18;156,14;;;;;;;;;;;
2022-03-29;;107,84;111,44;118,86;127,38;132,18;137,08;144,62;149,78;156,81;160,39;;116,01;118,93;127,39;135,35;140,79;146,24;155,24;161,86;167,78;170,65;;109,08;112,05;119,07;127,16;131,86;135,74;142,22;146,93;152,72;156,73;;;;;;;;;;;
2022-03-30;;107,87;111,41;118,70;127,04;131,74;136,53;143,90;148,93;155,77;159,26;;115,99;118,91;127,24;135,06;140,43;145,78;154,62;161,15;166,93;169,76;;109,13;112,06;119,00;126,94;131,55;135,35;141,72;146,35;151,99;155,97;;;;;;;;;;;
2022-03-31;;107,95;111,42;118,55;126,70;131,28;135,95;143,12;148,00;154,64;158,01;;116,13;119,00;127,20;134,82;140,10;145,30;153,95;160,34;165,93;168,67;;109,29;112,17;118,97;126,74;131,24;134,93;141,13;145,63;151,11;155,00;;100,00;100,00;100,00;100,00;100,00;100,00;100,00;100,00;100,00;100,00
2022-04-01;;107,89;111,42;118,69;127,01;131,69;136,47;143,82;148,83;155,65;159,11;;115,97;118,91;127,22;135,04;140,42;145,75;154,59;161,11;166,91;169,70;;109,12;112,03;118,98;126,92;131,52;135,32;141,70;146,32;151,97;155,93;;99,97;100,03;100,14;100,28;100,34;100,40;100,50;100,57;100,66;100,71
2022-04-02;;107,89;111,42;118,69;127,01;131,69;136,47;143,81;148,82;155,64;159,11;;115,97;118,91;127,22;135,04;140,42;145,75;154,59;161,10;166,91;169,70;;109,12;112,03;118,98;126,92;131,52;135,32;141,69;146,32;151,96;155,93;;99,97;100,03;100,14;100,28;100,34;100,40;100,50;100,57;100,66;100,71
2022-04-03;;107,89;111,42;118,69;127,01;131,69;136,47;143,81;148,82;155,64;159,11;;115,96;118,91;127,22;135,04;140,42;145,75;154,59;161,10;166,91;169,70;;109,12;112,03;118,98;126,92;131,52;135,32;141,69;146,31;151,96;155,93;;99,97;100,03;100,14;100,28;100,33;100,40;100,50;100,57;100,66;100,71
2022-04-04;;108,18;111,77;119,19;127,70;132,48;137,37;144,90;150,04;157,05;160,61;;116,40;119,43;127,85;135,85;141,33;146,77;155,79;162,43;168,42;171,28;;109,54;112,50;119,58;127,67;132,36;136,26;142,79;147,52;153,32;157,38;;100,22;100,36;100,59;100,88;101,00;101,14;101,36;101,50;101,71;101,80
2022-04-05;;107,43;111,01;118,40;126,88;131,65;136,53;144,04;149,17;156,16;159,72;;115,46;118,50;126,91;134,94;140,42;145,86;154,89;161,54;167,58;170,48;;108,69;111,66;118,77;126,87;131,55;135,48;142,05;146,80;152,63;156,71;;99,49;99,67;99,91;100,23;100,37;100,51;100,75;100,91;101,14;101,24
2022-04-06;;106,98;110,50;117,78;126,11;130,80;135,58;142,95;147,97;154,82;158,30;;115,10;118,08;126,33;134,17;139,56;144,89;153,74;160,25;166,12;168,92;;108,32;111,22;118,20;126,14;130,72;134,54;140,96;145,59;151,28;155,27;;99,02;99,16;99,30;99,51;99,61;99,69;99,84;99,95;100,10;100,16
2022-04-07;;106,86;110,40;117,70;126,07;130,78;135,59;142,99;148,05;154,93;158,44;;114,92;117,87;126,06;133,90;139,29;144,64;153,48;159,98;165,84;168,62;;108,11;110,99;117,95;125,90;130,48;134,30;140,70;145,35;151,01;154,97;;98,93;99,03;99,20;99,40;99,49;99,59;99,75;99,85;99,99;100,06
2022-04-08;;106,60;110,17;117,53;125,97;130,72;135,59;143,07;148,18;155,15;158,70;;114,71;117,70;125,96;133,92;139,36;144,79;153,73;160,31;166,30;169,17;;107,91;110,82;117,85;125,90;130,52;134,42;140,90;145,62;151,41;155,42;;98,72;98,85;99,05;99,30;99,41;99,53;99,72;99,85;100,02;100,10
2022-04-09;;106,60;110,16;117,53;125,97;130,72;135,58;143,07;148,18;155,15;158,70;;114,71;117,70;125,96;133,92;139,36;144,79;153,73;160,30;166,30;169,17;;107,91;110,82;117,85;125,90;130,52;134,42;140,89;145,62;151,41;155,42;;98,72;98,85;99,05;99,30;99,41;99,53;99,72;99,85;100,02;100,10
2022-04-10;;106,60;110,16;117,52;125,97;130,72;135,58;143,06;148,18;155,15;158,69;;114,71;117,70;125,96;133,92;139,36;144,79;153,73;160,30;166,30;169,16;;107,91;110,82;117,85;125,89;130,52;134,42;140,89;145,62;151,41;155,42;;98,72;98,85;99,04;99,30;99,41;99,53;99,72;99,84;100,02;100,10
2022-04-11;;105,92;109,40;116,59;124,82;129,45;134,18;141,46;146,42;153,18;156,61;;113,94;116,85;124,97;132,73;138,05;143,36;152,09;158,50;164,31;167,13;;107,20;110,04;116,94;124,79;129,30;133,10;139,40;144,00;149,62;153,53;;98,09;98,16;98,25;98,38;98,43;98,49;98,58;98,64;98,72;98,76
2022-04-12;;106,05;109,53;116,68;124,88;129,48;134,19;141,42;146,35;153,06;156,48;;114,11;117,02;125,08;132,78;138,08;143,37;152,03;158,39;164,16;166,93;;107,36;110,16;117,04;124,84;129,32;133,10;139,35;143,92;149,49;153,37;;98,09;98,16;98,21;98,31;98,35;98,38;98,44;98,49;98,55;98,57
2022-04-13;;106,31;109,84;117,13;125,48;130,19;134,99;142,38;147,43;154,31;157,81;;114,42;117,38;125,58;133,46;138,84;144,23;153,07;159,56;165,49;168,29;;107,62;110,48;117,46;125,42;130,00;133,86;140,25;144,91;150,63;154,59;;98,23;98,32;98,43;98,58;98,65;98,71;98,81;98,90;99,00;99,04
2022-04-14;;105,88;109,42;116,72;125,08;129,80;134,61;142,02;147,09;153,99;157,50;;113,88;116,87;125,16;133,11;138,51;143,93;152,84;159,38;165,39;168,27;;107,15;110,05;117,09;125,10;129,71;133,62;140,09;144,78;150,59;154,59;;97,97;98,09;98,25;98,47;98,56;98,66;98,81;98,92;99,07;99,13
2022-04-15;;105,88;109,42;116,72;125,08;129,79;134,61;142,02;147,08;153,99;157,50;;113,88;116,87;125,16;133,11;138,51;143,93;152,84;159,38;165,39;168,27;;107,15;110,05;117,09;125,10;129,71;133,62;140,09;144,78;150,58;154,59;;97,97;98,09;98,25;98,47;98,56;98,66;98,80;98,92;99,07;99,13
2022-04-16;;105,88;109,42;116,71;125,08;129,79;134,61;142,02;147,08;153,98;157,50;;113,88;116,87;125,16;133,11;138,51;143,93;152,84;159,38;165,38;168,27;;107,15;110,04;117,08;125,10;129,71;133,62;140,08;144,78;150,58;154,59;;97,97;98,09;98,24;98,47;98,56;98,65;98,80;98,92;99,07;99,13
2022-04-17;;105,88;109,42;116,71;125,08;129,79;134,61;142,02;147,08;153,98;157,49;;113,88;116,87;125,16;133,11;138,51;143,92;152,84;159,37;165,38;168,26;;107,15;110,04;117,08;125,09;129,71;133,61;140,08;144,78;150,58;154,59;;97,97;98,09;98,24;98,47;98,56;98,65;98,80;98,92;99,07;99,13
2022-04-18;;105,63;109,15;116,40;124,72;129,40;134,19;141,55;146,58;153,44;156,93;;113,67;116,63;124,82;132,70;138,06;143,46;152,29;158,76;164,71;167,56;;106,95;109,80;116,79;124,74;129,31;133,18;139,57;144,24;149,98;153,92;;97,94;98,05;98,19;98,39;98,47;98,55;98,69;98,79;98,93;98,98
2022-04-19;;105,33;108,93;116,36;124,90;129,71;134,64;142,23;147,43;154,52;158,14;;113,38;116,34;124,61;132,63;138,08;143,59;152,58;159,14;165,24;168,08;;106,59;109,47;116,56;124,68;129,34;133,30;139,84;144,60;150,47;154,45;;97,48;97,60;97,92;98,28;98,43;98,62;98,88;99,07;99,30;99,43
2022-04-20;;105,63;109,19;116,55;124,99;129,75;134,61;142,11;147,23;154,21;157,77;;113,79;116,71;124,99;132,94;138,34;143,81;152,73;159,24;165,24;168,12;;106,97;109,85;116,91;124,94;129,58;133,50;139,97;144,67;150,48;154,45;;97,64;97,73;97,97;98,24;98,35;98,49;98,69;98,83;99,00;99,09
2022-04-21;;105,12;108,63;115,89;124,21;128,89;133,68;141,05;146,09;152,95;156,45;;113,20;116,09;124,33;132,20;137,54;142,95;151,78;158,23;164,16;167,06;;106,45;109,32;116,31;124,26;128,85;132,73;139,12;143,77;149,53;153,47;;97,25;97,31;97,49;97,69;97,77;97,87;98,01;98,12;98,24;98,30
2022-04-22;;104,62;108,02;115,03;123,05;127,55;132,15;139,21;144,03;150,58;153,91;;112,58;115,41;123,46;131,07;136,27;141,49;150,04;156,31;161,99;164,78;;105,91;108,71;115,49;123,19;127,63;131,36;137,51;141,99;147,52;151,35;;96,84;96,85;96,85;96,87;96,88;96,88;96,87;96,89;96,90;96,89
2022-04-23;;104,62;108,02;115,03;123,05;127,55;132,15;139,21;144,03;150,58;153,91;;112,58;115,41;123,46;131,07;136,26;141,48;150,04;156,30;161,98;164,77;;105,91;108,71;115,49;123,19;127,62;131,35;137,51;141,99;147,52;151,35;;96,83;96,85;96,85;96,87;96,88;96,88;96,87;96,89;96,90;96,89
2022-04-24;;104,62;108,02;115,03;123,04;127,55;132,15;139,21;144,02;150,58;153,90;;112,58;115,41;123,46;131,07;136,26;141,48;150,04;156,30;161,98;164,77;;105,91;108,71;115,49;123,18;127,62;131,35;137,51;141,99;147,52;151,35;;96,83;96,85;96,85;96,87;96,88;96,88;96,87;96,89;96,90;96,89
2022-04-25;;105,09;108,51;115,55;123,61;128,13;132,75;139,85;144,69;151,28;154,62;;113,08;115,83;123,83;131,35;136,53;141,72;150,22;156,45;162,01;164,67;;106,27;109,05;115,77;123,45;127,88;131,55;137,65;142,08;147,54;151,30;;97,21;97,16;97,20;97,21;97,21;97,24;97,23;97,24;97,23;97,24
2022-04-26;;105,13;108,43;115,23;122,97;127,31;131,74;138,51;143,12;149,38;152,55;;113,07;115,80;123,65;130,94;135,99;140,99;149,24;155,31;160,64;163,24;;106,36;109,10;115,63;123,06;127,35;130,88;136,76;141,03;146,28;149,97;;97,25;97,17;96,98;96,77;96,69;96,57;96,39;96,30;96,16;96,07
2022-04-27;;105,04;108,42;115,38;123,33;127,79;132,34;139,33;144,09;150,56;153,84;;113,08;115,87;123,82;131,30;136,45;141,59;150,02;156,23;161,76;164,42;;106,33;109,10;115,76;123,37;127,76;131,40;137,44;141,84;147,26;151,02;;97,12;97,11;97,05;97,00;96,97;96,94;96,87;96,85;96,81;96,78
2022-04-28;;105,09;108,59;115,82;124,11;128,78;133,54;140,88;145,88;152,71;156,18;;112,99;115,87;124,00;131,79;137,12;142,46;151,21;157,64;163,48;166,24;;106,18;109,03;115,90;123,81;128,37;132,17;138,50;143,10;148,78;152,68;;97,20;97,26;97,42;97,60;97,68;97,77;97,89;97,98;98,09;98,15
2022-04-29;;104,34;107,69;114,60;122,50;126,93;131,45;138,38;143,10;149,52;152,78;;112,18;115,08;123,09;130,69;135,87;141,03;149,54;155,79;161,48;164,28;;105,58;108,37;115,12;122,76;127,15;130,87;136,99;141,45;146,98;150,84;;96,53;96,60;96,53;96,53;96,54;96,49;96,44;96,45;96,46;96,42
2022-04-30;;104,33;107,69;114,60;122,50;126,93;131,44;138,38;143,10;149,52;152,78;;112,18;115,08;123,08;130,69;135,87;141,02;149,54;155,79;161,48;164,28;;105,57;108,37;115,11;122,76;127,15;130,87;136,99;141,45;146,98;150,84;;96,53;96,60;96,53;96,53;96,54;96,49;96,44;96,45;96,46;96,42
2022-05-01;;104,33;107,69;114,60;122,49;126,93;131,44;138,38;143,10;149,52;152,78;;112,18;115,08;123,08;130,69;135,87;141,02;149,53;155,79;161,48;164,28;;105,57;108,37;115,11;122,76;127,15;130,87;136,99;141,45;146,98;150,84;;96,53;96,60;96,53;96,53;96,53;96,49;96,44;96,45;96,46;96,42
2022-05-02;;104,03;107,42;114,39;122,36;126,83;131,40;138,41;143,20;149,70;153,00;;111,93;114,84;122,84;130,48;135,69;140,87;149,42;155,70;161,44;164,18;;105,31;108,11;114,85;122,55;126,97;130,70;136,86;141,33;146,90;150,76;;96,46;96,55;96,53;96,59;96,62;96,61;96,61;96,64;96,69;96,67
2022-05-03;;104,14;107,54;114,55;122,56;127,07;131,67;138,73;143,55;150,10;153,43;;112,07;114,97;123,02;130,69;135,92;141,13;149,73;156,05;161,80;164,57;;105,40;108,21;114,99;122,73;127,17;130,92;137,11;141,62;147,23;151,10;;96,39;96,48;96,49;96,58;96,61;96,62;96,64;96,68;96,74;96,74
2022-05-04;;104,53;108,04;115,28;123,58;128,25;133,03;140,38;145,40;152,24;155,72;;112,38;115,30;123,47;131,31;136,66;142,01;150,82;157,29;163,19;165,94;;105,60;108,47;115,37;123,32;127,91;131,73;138,12;142,75;148,48;152,41;;96,70;96,79;96,97;97,19;97,28;97,39;97,53;97,64;97,78;97,84
2022-05-05;;103,71;107,08;114,00;121,92;126,37;130,90;137,87;142,61;149,06;152,34;;111,42;114,28;122,25;129,82;134,99;140,13;148,62;154,87;160,52;163,22;;104,82;107,61;114,34;121,99;126,40;130,08;136,23;140,67;146,16;149,99;;95,99;96,05;95,98;95,97;95,97;95,93;95,88;95,88;95,88;95,84
2022-05-06;;103,07;106,37;113,17;120,93;125,29;129,73;136,54;141,17;147,47;150,67;;110,50;113,25;121,11;128,49;133,56;138,57;146,89;153,04;158,46;161,09;;103,89;106,68;113,21;120,71;125,06;128,61;134,60;138,92;144,26;148,00;;95,25;95,21;95,05;94,91;94,85;94,75;94,60;94,53;94,43;94,36
2022-05-07;;103,07;106,37;113,17;120,93;125,29;129,73;136,53;141,17;147,47;150,67;;110,50;113,25;121,11;128,49;133,56;138,57;146,89;153,04;158,45;161,09;;103,89;106,68;113,21;120,71;125,06;128,61;134,60;138,92;144,26;148,00;;95,24;95,21;95,05;94,91;94,84;94,75;94,60;94,53;94,43;94,36
2022-05-08;;103,07;106,37;113,17;120,93;125,29;129,72;136,53;141,17;147,47;150,66;;110,49;113,25;121,11;128,48;133,56;138,57;146,89;153,04;158,45;161,09;;103,89;106,68;113,21;120,71;125,05;128,61;134,60;138,92;144,26;147,99;;95,24;95,21;95,05;94,90;94,84;94,75;94,60;94,53;94,43;94,36
2022-05-09;;102,90;106,03;112,47;119,78;123,86;128,02;134,36;138,67;144,50;147,45;;110,31;112,95;120,44;127,35;132,21;136,90;144,75;150,58;155,56;157,96;;103,77;106,42;112,63;119,71;123,80;127,09;132,69;136,73;141,66;145,19;;95,07;94,94;94,51;94,06;93,88;93,62;93,24;93,02;92,73;92,55
2022-05-10;;103,19;106,32;112,75;120,04;124,12;128,26;134,60;138,89;144,70;147,64;;110,68;113,29;120,73;127,62;132,47;137,16;144,97;150,77;155,71;158,11;;104,06;106,70;112,85;119,91;123,98;127,26;132,79;136,82;141,73;145,22;;95,33;95,16;94,71;94,22;94,02;93,75;93,34;93,10;92,78;92,59
2022-05-11;;103,28;106,36;112,65;119,78;123,76;127,80;133,96;138,13;143,77;146,62;;110,83;113,44;120,80;127,59;132,38;137,01;144,70;150,41;155,27;157,72;;104,25;106,84;112,95;119,88;123,86;127,10;132,51;136,50;141,33;144,79;;95,39;95,19;94,58;93,95;93,68;93,32;92,79;92,48;92,07;91,82
2022-05-12;;103,76;106,87;113,24;120,47;124,50;128,59;134,84;139,08;144,81;147,70;;111,43;113,99;121,45;128,26;133,07;137,73;145,48;151,23;156,09;158,49;;104,75;107,38;113,48;120,48;124,52;127,75;133,19;137,17;142,05;145,51;;95,79;95,57;95,02;94,41;94,16;93,83;93,33;93,04;92,63;92,41
2022-05-13;;103,83;107,10;113,80;121,44;125,72;130,07;136,74;141,28;147,42;150,54;;111,41;114,12;121,90;129,15;134,17;139,11;147,29;153,34;158,61;161,20;;104,71;107,46;113,88;121,27;125,54;129,02;134,85;139,09;144,33;147,99;;95,88;95,77;95,50;95,21;95,09;94,93;94,67;94,53;94,32;94,20
2022-05-14;;103,83;107,09;113,80;121,44;125,72;130,07;136,74;141,27;147,42;150,54;;111,41;114,11;121,90;129,14;134,16;139,11;147,29;153,33;158,61;161,20;;104,71;107,46;113,88;121,27;125,54;129,02;134,85;139,09;144,33;147,99;;95,88;95,77;95,50;95,21;95,09;94,93;94,67;94,53;94,32;94,20
2022-05-15;;103,83;107,09;113,80;121,44;125,71;130,07;136,74;141,27;147,42;150,54;;111,41;114,11;121,89;129,14;134,16;139,10;147,29;153,33;158,60;161,20;;104,70;107,46;113,88;121,27;125,54;129,02;134,84;139,09;144,33;147,98;;95,88;95,77;95,50;95,21;95,09;94,93;94,67;94,53;94,32;94,20
2022-05-16;;103,90;107,15;113,81;121,39;125,63;129,95;136,56;141,05;147,14;150,22;;111,54;114,23;121,98;129,19;134,18;139,09;147,22;153,22;158,46;161,05;;104,84;107,58;113,97;121,31;125,55;129,00;134,78;138,99;144,20;147,85;;95,86;95,74;95,42;95,07;94,93;94,73;94,42;94,25;94,02;93,87
2022-05-17;;103,50;106,78;113,54;121,25;125,57;129,97;136,71;141,30;147,52;150,68;;111,17;113,94;121,79;129,19;134,27;139,31;147,62;153,74;159,19;161,87;;104,51;107,26;113,80;121,29;125,61;129,19;135,12;139,46;144,83;148,55;;95,54;95,50;95,30;95,11;95,03;94,90;94,71;94,62;94,48;94,39
2022-05-18;;103,40;106,56;113,02;120,36;124,47;128,64;135,01;139,33;145,17;148,13;;110,90;113,61;121,27;128,32;133,18;137,94;145,88;151,75;156,85;159,45;;104,36;107,05;113,37;120,49;124,61;127,99;133,62;137,71;142,78;146,40;;95,40;95,29;94,79;94,31;94,11;93,81;93,38;93,14;92,83;92,62
2022-05-19;;103,34;106,39;112,64;119,71;123,65;127,65;133,75;137,88;143,45;146,26;;110,88;113,47;120,96;127,74;132,47;137,08;144,76;150,44;155,27;157,75;;104,33;106,93;113,07;119,97;123,96;127,20;132,61;136,52;141,38;144,85;;95,35;95,15;94,53;93,88;93,61;93,24;92,70;92,38;91,95;91,69
2022-05-20;;103,54;106,61;112,91;120,04;124,02;128,05;134,21;138,38;144,00;146,85;;110,97;113,65;121,22;128,12;132,92;137,58;145,38;151,15;156,11;158,65;;104,46;107,10;113,34;120,33;124,37;127,67;133,19;137,19;142,13;145,68;;95,55;95,41;94,82;94,24;94,00;93,65;93,14;92,85;92,48;92,23
2022-05-21;;103,54;106,61;112,91;120,04;124,02;128,05;134,21;138,37;144,00;146,84;;110,97;113,65;121,22;128,12;132,92;137,58;145,38;151,15;156,11;158,65;;104,45;107,10;113,34;120,32;124,36;127,67;133,19;137,19;142,13;145,68;;95,55;95,41;94,82;94,24;94,00;93,64;93,14;92,85;92,48;92,23
2022-05-22;;103,54;106,61;112,91;120,04;124,02;128,05;134,21;138,37;144,00;146,84;;110,97;113,65;121,22;128,12;132,92;137,58;145,38;151,15;156,11;158,64;;104,45;107,10;113,34;120,32;124,36;127,67;133,19;137,19;142,13;145,68;;95,55;95,41;94,82;94,24;94,00;93,64;93,14;92,85;92,48;92,23
2022-05-23;;103,37;106,49;112,90;120,16;124,22;128,34;134,63;138,90;144,66;147,58;;110,72;113,41;121,08;128,11;132,98;137,75;145,69;151,55;156,62;159,26;;104,19;106,88;113,19;120,31;124,43;127,81;133,43;137,53;142,58;146,18;;95,39;95,24;94,74;94,22;94,01;93,70;93,26;93,01;92,66;92,45
2022-05-24;;103,60;106,64;112,85;119,87;123,78;127,75;133,79;137,88;143,39;146,17;;110,92;113,49;120,98;127,73;132,46;137,06;144,73;150,41;155,18;157,71;;104,37;107,00;113,11;119,98;123,97;127,19;132,57;136,50;141,30;144,78;;95,55;95,29;94,59;93,84;93,52;93,11;92,49;92,12;91,62;91,33
2022-05-25;;103,94;107,04;113,38;120,57;124,58;128,64;134,85;139,05;144,72;147,59;;111,21;113,83;121,43;128,33;133,16;137,87;145,70;151,49;156,41;158,99;;104,63;107,30;113,54;120,56;124,64;127,95;133,48;137,51;142,43;145,97;;95,86;95,63;95,03;94,37;94,09;93,73;93,19;92,86;92,42;92,17
2022-05-26;;104,03;107,21;113,71;121,11;125,23;129,43;135,84;140,18;146,06;149,04;;111,30;113,96;121,69;128,77;133,69;138,54;146,56;152,48;157,56;160,20;;104,67;107,38;113,74;120,93;125,12;128,53;134,20;138,36;143,41;147,02;;96,02;95,82;95,35;94,82;94,60;94,32;93,89;93,62;93,26;93,06
2022-05-27;;104,49;107,79;114,57;122,29;126,62;131,02;137,76;142,34;148,55;151,69;;111,89;114,67;122,61;130,01;135,11;140,17;148,52;154,68;160,06;162,81;;105,22;108,02;114,62;122,11;126,48;130,06;136,02;140,39;145,69;149,45;;96,44;96,34;96,07;95,78;95,66;95,49;95,23;95,08;94,87;94,75
2022-05-28;;104,49;107,79;114,57;122,29;126,61;131,01;137,75;142,34;148,55;151,69;;111,89;114,67;122,61;130,01;135,11;140,16;148,52;154,67;160,06;162,81;;105,22;108,02;114,62;122,11;126,47;130,06;136,02;140,39;145,69;149,45;;96,44;96,34;96,07;95,78;95,66;95,49;95,23;95,08;94,87;94,75
2022-05-29;;104,49;107,79;114,57;122,29;126,61;131,01;137,75;142,33;148,54;151,69;;111,89;114,66;122,61;130,01;135,11;140,16;148,52;154,67;160,06;162,81;;105,22;108,01;114,62;122,11;126,47;130,06;136,02;140,38;145,69;149,44;;96,44;96,33;96,07;95,78;95,65;95,49;95,23;95,08;94,87;94,75
2022-05-30;;104,34;107,63;114,39;122,09;126,40;130,79;137,51;142,07;148,26;151,40;;111,60;114,43;122,42;129,88;134,99;140,05;148,45;154,64;160,09;162,91;;105,00;107,82;114,47;121,97;126,34;129,96;135,97;140,36;145,71;149,52;;96,31;96,25;95,99;95,72;95,61;95,44;95,20;95,06;94,87;94,75
2022-05-31;;103,83;107,13;113,89;121,59;125,91;130,31;137,04;141,62;147,82;150,97;;111,06;113,96;121,92;129,44;134,58;139,65;148,08;154,31;159,84;162,65;;104,55;107,35;114,02;121,56;125,94;129,58;135,63;140,07;145,45;149,29;;95,87;95,89;95,66;95,47;95,39;95,25;95,05;94,95;94,83;94,72
2022-06-01;;103,53;106,81;113,55;121,23;125,53;129,91;136,62;141,19;147,37;150,51;;110,69;113,56;121,52;128,99;134,10;139,14;147,54;153,74;159,23;162,01;;104,20;107,01;113,67;121,18;125,55;129,17;135,22;139,61;144,97;148,80;;95,60;95,61;95,36;95,15;95,06;94,91;94,70;94,59;94,45;94,34
2022-06-02;;103,58;106,93;113,82;121,68;126,10;130,59;137,49;142,19;148,56;151,80;;110,70;113,57;121,61;129,21;134,39;139,54;148,08;154,37;159,97;162,80;;104,15;106,98;113,73;121,36;125,82;129,51;135,67;140,16;145,61;149,48;;95,68;95,69;95,57;95,46;95,42;95,34;95,22;95,16;95,08;95,02
2022-06-03;;103,23;106,51;113,25;120,92;125,23;129,60;136,31;140,87;147,06;150,19;;110,24;113,08;121,04;128,49;133,59;138,65;147,04;153,21;158,70;161,51;;103,76;106,55;113,23;120,72;125,09;128,72;134,77;139,16;144,50;148,32;;95,40;95,38;95,13;94,89;94,79;94,63;94,42;94,29;94,13;94,02
2022-06-04;;103,23;106,51;113,25;120,92;125,22;129,60;136,31;140,87;147,06;150,19;;110,23;113,08;121,03;128,49;133,59;138,64;147,04;153,21;158,70;161,51;;103,76;106,55;113,23;120,71;125,08;128,72;134,76;139,16;144,50;148,32;;95,40;95,37;95,13;94,89;94,79;94,63;94,42;94,29;94,13;94,02
2022-06-05;;103,23;106,51;113,24;120,92;125,22;129,60;136,31;140,87;147,05;150,19;;110,23;113,08;121,03;128,49;133,59;138,64;147,04;153,21;158,70;161,50;;103,76;106,55;113,23;120,71;125,08;128,72;134,76;139,16;144,50;148,32;;95,40;95,37;95,12;94,89;94,79;94,63;94,41;94,29;94,13;94,01
2022-06-06;;102,89;106,21;113,02;120,79;125,15;129,60;136,41;141,04;147,34;150,53;;109,93;112,84;120,86;128,45;133,61;138,75;147,27;153,52;159,16;162,04;;103,49;106,31;113,07;120,66;125,08;128,80;134,95;139,43;144,89;148,77;;95,04;95,07;94,91;94,79;94,75;94,64;94,51;94,44;94,36;94,28
2022-06-07;;103,19;106,54;113,43;121,29;125,71;130,21;137,11;141,81;148,19;151,43;;110,40;113,28;121,32;128,94;134,12;139,29;147,84;154,12;159,77;162,62;;103,86;106,68;113,44;121,08;125,53;129,25;135,41;139,90;145,39;149,26;;95,26;95,29;95,16;95,06;95,02;94,93;94,81;94,75;94,68;94,61
2022-06-08;;102,80;106,09;112,87;120,59;124,92;129,34;136,10;140,70;146,95;150,12;;109,91;112,80;120,77;128,29;133,42;138,51;146,96;153,17;158,75;161,58;;103,47;106,25;112,95;120,48;124,86;128,54;134,62;139,06;144,47;148,32;;94,93;94,98;94,77;94,62;94,56;94,43;94,27;94,18;94,10;94,00
2022-06-09;;102,33;105,55;112,16;119,68;123,89;128,18;134,74;139,20;145,24;148,30;;109,20;112,08;119,94;127,33;132,37;137,34;145,63;151,75;157,19;159,97;;102,84;105,60;112,17;119,55;123,85;127,44;133,40;137,74;143,01;146,83;;94,51;94,55;94,24;93,99;93,89;93,69;93,44;93,31;93,17;93,02
2022-06-10;;101,47;104,60;111,02;118,31;122,39;126,54;132,87;137,17;142,99;145,93;;108,18;111,02;118,73;125,92;130,86;135,65;143,73;149,72;154,98;157,64;;101,92;104,63;111,05;118,24;122,43;125,91;131,71;135,92;141,03;144,76;;93,75;93,79;93,35;93,00;92,87;92,60;92,26;92,08;91,88;91,69
2022-06-11;;101,47;104,60;111,02;118,31;122,39;126,53;132,87;137,17;142,99;145,93;;108,18;111,02;118,73;125,92;130,85;135,65;143,73;149,72;154,98;157,64;;101,92;104,63;111,05;118,24;122,43;125,90;131,71;135,92;141,03;144,76;;93,75;93,78;93,35;93,00;92,86;92,60;92,26;92,08;91,88;91,69
2022-06-12;;101,47;104,60;111,02;118,31;122,39;126,53;132,87;137,17;142,98;145,93;;108,18;111,02;118,73;125,92;130,85;135,65;143,73;149,71;154,98;157,63;;101,92;104,63;111,05;118,24;122,43;125,90;131,71;135,91;141,02;144,75;;93,75;93,78;93,35;93,00;92,86;92,59;92,26;92,08;91,88;91,69
2022-06-13;;99,94;102,95;109,12;116,12;120,02;123,98;130,03;134,13;139,66;142,46;;106,40;109,13;116,60;123,49;128,25;132,84;140,61;146,38;151,36;153,91;;100,25;102,88;109,08;116,00;120,03;123,34;128,91;132,93;137,81;141,40;;92,37;92,34;91,77;91,26;91,06;90,71;90,26;90,00;89,70;89,46
2022-06-14;;99,32;102,32;108,45;115,40;119,28;123,21;129,22;133,29;138,79;141,57;;105,65;108,41;115,79;122,65;127,42;131,97;139,71;145,46;150,44;152,93;;99,55;102,16;108,29;115,18;119,18;122,47;128,00;132,01;136,86;140,42;;91,80;91,80;91,24;90,76;90,58;90,23;89,79;89,55;89,27;89,03
2022-06-15;;100,15;103,19;109,42;116,49;120,44;124,45;130,57;134,72;140,33;143,17;;106,72;109,49;116,89;123,82;128,65;133,28;141,09;146,89;151,93;154,44;;100,49;103,10;109,28;116,24;120,29;123,61;129,17;133,26;138,15;141,72;;92,49;92,51;92,01;91,59;91,43;91,12;90,73;90,52;90,28;90,06
2022-06-16;;99,70;102,55;108,37;114,94;118,59;122,28;127,90;131,69;136,79;139,36;;106,11;108,74;115,86;122,32;126,88;131,18;138,50;144,00;148,56;150,93;;99,98;102,50;108,34;114,86;118,66;121,71;126,88;130,65;135,15;138,56;;92,17;92,06;91,24;90,47;90,16;89,67;89,00;88,62;88,16;87,82
2022-06-17;;99,79;102,65;108,49;115,08;118,74;122,44;128,08;131,88;137,00;139,58;;106,30;108,94;115,97;122,43;127,01;131,33;138,64;144,11;148,70;151,00;;100,16;102,61;108,45;114,98;118,76;121,82;126,96;130,75;135,23;138,59;;92,31;92,21;91,44;90,72;90,43;89,97;89,34;88,99;88,55;88,23
2022-06-18;;99,79;102,65;108,49;115,07;118,74;122,44;128,07;131,88;137,00;139,57;;106,30;108,94;115,97;122,43;127,01;131,33;138,64;144,11;148,70;151,00;;100,16;102,61;108,45;114,97;118,75;121,82;126,95;130,75;135,23;138,58;;92,31;92,21;91,44;90,72;90,43;89,97;89,34;88,99;88,55;88,23
2022-06-19;;99,79;102,65;108,49;115,07;118,73;122,44;128,07;131,88;136,99;139,57;;106,30;108,94;115,97;122,42;127,01;131,33;138,64;144,10;148,70;151,00;;100,15;102,61;108,45;114,97;118,75;121,82;126,95;130,74;135,23;138,58;;92,31;92,21;91,44;90,72;90,43;89,97;89,34;88,98;88,55;88,23
2022-06-20;;99,61;102,45;108,25;114,79;118,43;122,11;127,70;131,47;136,55;139,11;;106,03;108,64;115,63;122,03;126,59;130,90;138,16;143,58;148,13;150,47;;99,91;102,34;108,15;114,62;118,37;121,43;126,51;130,29;134,72;138,05;;92,15;92,02;91,23;90,46;90,15;89,67;89,02;88,64;88,17;87,84
2022-06-21;;99,59;102,53;108,55;115,36;119,15;123,00;128,86;132,82;138,17;140,86;;106,06;108,75;115,90;122,56;127,26;131,72;139,24;144,85;149,64;152,05;;99,90;102,41;108,40;115,11;119,00;122,19;127,50;131,44;136,08;139,53;;92,07;92,03;91,40;90,84;90,62;90,24;89,73;89,45;89,11;88,84
2022-06-22;;100,18;103,07;108,98;115,65;119,36;123,11;128,82;132,68;137,87;140,49;;106,83;109,39;116,41;122,84;127,43;131,78;139,09;144,54;149,08;151,39;;100,56;103,01;108,83;115,37;119,16;122,22;127,33;131,12;135,59;138,91;;92,59;92,45;91,72;91,01;90,72;90,28;89,67;89,32;88,87;88,56
2022-06-23;;100,88;103,82;109,82;116,61;120,38;124,20;130,02;133,95;139,25;141,92;;107,74;110,32;117,41;123,91;128,55;132,93;140,31;145,83;150,43;152,68;;101,37;103,86;109,72;116,36;120,20;123,27;128,45;132,26;136,81;140,15;;93,21;93,10;92,45;91,82;91,57;91,17;90,62;90,31;89,92;89,64
2022-06-24;;101,14;104,22;110,55;117,73;121,73;125,80;132,02;136,23;141,92;144,80;;108,04;110,75;118,09;125,00;129,85;134,51;142,30;148,09;153,08;155,50;;101,61;104,20;110,34;117,35;121,39;124,69;130,20;134,27;139,15;142,66;;93,48;93,46;93,07;92,74;92,60;92,36;92,02;91,85;91,63;91,45
2022-06-25;;101,13;104,22;110,55;117,73;121,73;125,80;132,02;136,23;141,92;144,80;;108,04;110,74;118,09;125,00;129,85;134,51;142,30;148,09;153,08;155,50;;101,61;104,20;110,34;117,34;121,39;124,69;130,20;134,27;139,15;142,66;;93,48;93,46;93,07;92,74;92,60;92,36;92,02;91,85;91,63;91,45
2022-06-26;;101,13;104,22;110,55;117,72;121,73;125,80;132,02;136,23;141,92;144,80;;108,04;110,74;118,09;125,00;129,85;134,51;142,29;148,09;153,08;155,50;;101,61;104,20;110,34;117,34;121,39;124,69;130,19;134,27;139,15;142,66;;93,48;93,46;93,07;92,73;92,60;92,35;92,02;91,85;91,63;91,45
2022-06-27;;100,71;103,79;110,10;117,25;121,25;125,31;131,51;135,71;141,38;144,25;;107,54;110,29;117,69;124,65;129,50;134,18;142,00;147,81;152,86;155,35;;101,20;103,80;110,00;117,02;121,07;124,41;129,97;134,07;138,99;142,55;;93,09;93,12;92,72;92,41;92,28;92,04;91,71;91,55;91,35;91,17
2022-06-28;;100,44;103,48;109,72;116,78;120,73;124,73;130,84;134,97;140,56;143,39;;107,08;109,87;117,28;124,23;129,06;133,70;141,50;147,31;152,35;154,89;;100,81;103,42;109,64;116,61;120,65;123,98;129,54;133,63;138,54;142,13;;92,82;92,85;92,38;92,01;91,86;91,57;91,19;91,00;90,78;90,57
2022-06-29;;100,90;103,93;110,13;117,15;121,07;125,04;131,10;135,20;140,73;143,53;;107,69;110,41;117,72;124,55;129,34;133,92;141,60;147,34;152,25;154,71;;101,32;103,89;110,01;116,90;120,88;124,14;129,59;133,61;138,44;141,95;;93,10;93,09;92,58;92,15;91,98;91,67;91,25;91,03;90,77;90,54
2022-06-30;;101,16;104,13;110,19;117,05;120,87;124,74;130,63;134,61;139,97;142,68;;107,96;110,62;117,79;124,43;129,13;133,58;141,08;146,70;151,41;153,74;;101,56;104,09;110,05;116,79;120,68;123,83;129,11;133,01;137,67;141,08;;93,37;93,29;92,66;92,07;91,84;91,45;90,92;90,63;90,26;89,99
2022-07-01;;101,96;104,98;111,14;118,11;121,99;125,92;131,92;135,97;141,43;144,19;;109,00;111,64;118,84;125,51;130,26;134,76;142,31;147,96;152,71;154,99;;102,48;105,01;110,99;117,81;121,73;124,89;130,19;134,12;138,81;142,21;;94,07;93,98;93,38;92,83;92,60;92,24;91,72;91,45;91,09;90,83
2022-07-02;;101,96;104,97;111,14;118,10;121,99;125,92;131,91;135,97;141,43;144,19;;109,00;111,64;118,84;125,51;130,26;134,76;142,31;147,96;152,71;154,99;;102,48;105,01;110,99;117,80;121,73;124,89;130,19;134,11;138,81;142,21;;94,07;93,98;93,38;92,83;92,60;92,24;91,72;91,44;91,09;90,83
2022-07-03;;101,96;104,97;111,13;118,10;121,99;125,92;131,91;135,97;141,43;144,19;;108,99;111,64;118,84;125,51;130,26;134,76;142,31;147,96;152,71;154,99;;102,48;105,01;110,99;117,80;121,73;124,88;130,19;134,11;138,81;142,21;;94,07;93,98;93,38;92,82;92,60;92,23;91,72;91,44;91,08;90,83
2022-07-04;;101,73;104,75;110,93;117,92;121,81;125,76;131,78;135,85;141,34;144,11;;108,56;111,21;118,47;125,19;129,95;134,48;142,08;147,77;152,54;154,90;;102,09;104,65;110,68;117,52;121,48;124,66;130,02;133,98;138,71;142,15;;93,89;93,80;93,22;92,67;92,45;92,10;91,60;91,32;90,97;90,72
2022-07-05;;102,28;105,36;111,66;118,80;122,78;126,83;132,99;137,16;142,80;145,64;;109,31;112,00;119,35;126,16;130,98;135,54;143,24;149,03;153,88;156,15;;102,76;105,36;111,46;118,42;122,45;125,65;131,13;135,12;139,93;143,42;;94,45;94,42;93,98;93,58;93,42;93,15;92,76;92,56;92,31;92,11
2022-07-06;;102,18;105,31;111,72;118,99;123,06;127,18;133,48;137,75;143,52;146,44;;109,29;112,00;119,41;126,35;131,24;135,90;143,73;149,58;154,56;156,91;;102,70;105,34;111,51;118,59;122,67;125,95;131,52;135,59;140,53;144,05;;94,38;94,37;94,02;93,72;93,60;93,38;93,07;92,92;92,72;92,55
2022-07-07;;102,14;105,38;112,04;119,63;123,87;128,19;134,80;139,30;145,39;148,47;;109,12;111,95;119,64;126,94;132,00;136,88;145,06;151,17;156,49;159,01;;102,52;105,26;111,70;119,08;123,36;126,83;132,71;137,01;142,24;145,94;;94,36;94,44;94,29;94,22;94,20;94,10;93,96;93,92;93,87;93,78
2022-07-08;;101,90;105,15;111,83;119,44;123,70;128,04;134,68;139,20;145,32;148,42;;108,90;111,75;119,48;126,83;131,91;136,82;145,05;151,19;156,57;159,13;;102,32;105,08;111,55;118,98;123,27;126,78;132,71;137,03;142,32;146,04;;94,13;94,23;94,12;94,09;94,09;94,00;93,90;93,88;93,86;93,78
2022-07-09;;101,90;105,15;111,83;119,44;123,70;128,04;134,68;139,20;145,32;148,42;;108,90;111,75;119,48;126,83;131,91;136,82;145,05;151,19;156,56;159,13;;102,32;105,08;111,55;118,98;123,27;126,78;132,71;137,03;142,32;146,04;;94,13;94,23;94,12;94,09;94,08;94,00;93,90;93,88;93,86;93,78
2022-07-10;;101,90;105,15;111,83;119,44;123,70;128,04;134,68;139,19;145,31;148,41;;108,90;111,75;119,48;126,83;131,90;136,82;145,05;151,19;156,56;159,13;;102,32;105,07;111,55;118,97;123,26;126,77;132,70;137,03;142,32;146,04;;94,13;94,23;94,12;94,09;94,08;94,00;93,90;93,88;93,86;93,78
2022-07-11;;102,20;105,42;112,04;119,57;123,78;128,07;134,62;139,08;145,11;148,16;;109,34;112,14;119,83;127,07;132,09;136,94;145,07;151,14;156,38;158,91;;102,70;105,46;111,82;119,16;123,40;126,84;132,66;136,90;142,11;145,79;;94,40;94,45;94,26;94,13;94,07;93,95;93,77;93,69;93,60;93,50
2022-07-12;;102,45;105,64;112,20;119,65;123,82;128,06;134,53;138,93;144,88;147,89;;109,78;112,52;120,14;127,28;132,24;137,04;145,06;151,04;156,18;158,67;;103,08;105,80;112,11;119,36;123,55;126,93;132,66;136,83;141,97;145,58;;94,56;94,56;94,30;94,08;93,99;93,83;93,59;93,47;93,31;93,18
2022-07-13;;102,37;105,51;111,93;119,22;123,29;127,43;133,74;138,02;143,80;146,72;;109,60;112,30;119,82;126,81;131,70;136,40;144,27;150,14;155,15;157,58;;102,91;105,57;111,80;118,90;123,01;126,32;131,92;136,00;141,03;144,58;;94,57;94,54;94,18;93,85;93,72;93,49;93,17;93,00;92,77;92,60
2022-07-14;;102,12;105,28;111,75;119,09;123,20;127,37;133,74;138,06;143,90;146,86;;109,28;112,01;119,53;126,56;131,49;136,20;144,12;150,05;155,11;157,49;;102,58;105,26;111,51;118,67;122,81;126,12;131,79;135,90;140,97;144,54;;94,37;94,38;94,07;93,81;93,71;93,51;93,24;93,11;92,93;92,78
2022-07-15;;102,51;105,72;112,30;119,79;123,97;128,23;134,74;139,16;145,14;148,16;;109,83;112,55;120,15;127,27;132,24;137,06;145,09;151,07;156,20;158,65;;103,03;105,74;112,04;119,30;123,49;126,87;132,60;136,77;141,92;145,52;;94,69;94,67;94,44;94,24;94,15;94,00;93,77;93,66;93,51;93,39
2022-07-16;;102,51;105,72;112,30;119,79;123,97;128,23;134,74;139,15;145,13;148,16;;109,83;112,55;120,15;127,27;132,24;137,06;145,09;151,07;156,20;158,65;;103,03;105,73;112,04;119,30;123,49;126,87;132,59;136,77;141,92;145,51;;94,69;94,67;94,44;94,24;94,15;94,00;93,77;93,66;93,51;93,39
2022-07-17;;102,51;105,72;112,30;119,78;123,97;128,23;134,73;139,15;145,13;148,16;;109,83;112,55;120,14;127,26;132,24;137,06;145,09;151,07;156,20;158,65;;103,03;105,73;112,04;119,29;123,49;126,87;132,59;136,77;141,92;145,51;;94,69;94,67;94,44;94,24;94,15;94,00;93,77;93,66;93,51;93,38
2022-07-18;;102,14;105,29;111,74;119,08;123,17;127,33;133,69;138,00;143,82;146,77;;109,33;112,06;119,60;126,64;131,56;136,32;144,25;150,15;155,24;157,73;;102,66;105,32;111,60;118,75;122,87;126,23;131,88;136,02;141,09;144,67;;94,36;94,34;94,02;93,73;93,61;93,40;93,11;92,95;92,76;92,60
2022-07-19;;102,17;105,43;112,12;119,75;124,02;128,36;135,02;139,54;145,67;148,77;;109,32;112,10;119,84;127,17;132,23;137,19;145,41;151,51;156,85;159,46;;102,58;105,32;111,78;119,19;123,48;127,00;132,87;137,19;142,50;146,18;;94,37;94,39;94,27;94,18;94,14;94,06;93,92;93,87;93,79;93,71
2022-07-20;;102,32;105,63;112,44;120,21;124,56;129,00;135,79;140,42;146,69;149,87;;109,49;112,30;120,22;127,68;132,80;137,84;146,22;152,43;157,89;160,53;;102,75;105,56;112,14;119,69;124,08;127,65;133,69;138,07;143,50;147,26;;94,55;94,61;94,59;94,62;94,63;94,60;94,56;94,56;94,56;94,52
2022-07-21;;102,92;106,28;113,19;121,07;125,49;129,99;136,90;141,60;147,99;151,23;;110,06;112,91;120,91;128,46;133,65;138,74;147,23;153,53;159,05;161,72;;103,29;106,13;112,77;120,41;124,86;128,48;134,60;139,04;144,52;148,33;;95,15;95,22;95,26;95,35;95,38;95,39;95,39;95,42;95,45;95,43
2022-07-22;;103,52;106,80;113,55;121,22;125,52;129,89;136,58;141,13;147,29;150,40;;110,76;113,55;121,47;128,85;133,94;138,91;147,22;153,39;158,72;161,36;;103,97;106,79;113,31;120,79;125,15;128,66;134,62;138,93;144,27;148,01;;95,66;95,67;95,54;95,44;95,39;95,30;95,16;95,09;95,00;94,91
2022-07-23;;103,52;106,80;113,54;121,22;125,52;129,89;136,58;141,13;147,28;150,40;;110,76;113,55;121,47;128,85;133,94;138,91;147,22;153,39;158,72;161,35;;103,97;106,79;113,31;120,78;125,14;128,66;134,61;138,93;144,27;148,01;;95,66;95,67;95,54;95,44;95,39;95,30;95,15;95,09;95,00;94,91
2022-07-24;;103,51;106,80;113,54;121,22;125,52;129,89;136,58;141,12;147,28;150,40;;110,76;113,55;121,47;128,85;133,94;138,91;147,22;153,39;158,72;161,35;;103,97;106,79;113,31;120,78;125,14;128,66;134,61;138,93;144,27;148,01;;95,66;95,67;95,54;95,44;95,39;95,30;95,15;95,09;94,99;94,91
2022-07-25;;103,47;106,76;113,53;121,23;125,55;129,94;136,66;141,22;147,41;150,54;;110,77;113,56;121,46;128,85;133,95;138,95;147,27;153,43;158,79;161,41;;103,98;106,78;113,32;120,82;125,18;128,71;134,68;139,00;144,36;148,08;;95,56;95,57;95,44;95,34;95,29;95,20;95,06;94,99;94,90;94,82
2022-07-26;;103,58;106,86;113,60;121,27;125,56;129,93;136,62;141,16;147,31;150,42;;111,01;113,82;121,72;129,12;134,20;139,18;147,49;153,64;159,02;161,64;;104,24;107,04;113,59;121,08;125,42;128,95;134,91;139,22;144,59;148,33;;95,61;95,63;95,47;95,35;95,29;95,18;95,01;94,94;94,84;94,74
2022-07-27;;103,97;107,37;114,35;122,33;126,80;131,36;138,35;143,11;149,57;152,85;;111,42;114,27;122,34;129,97;135,21;140,37;148,94;155,28;160,88;163,55;;104,53;107,40;114,11;121,85;126,34;130,00;136,18;140,65;146,23;150,06;;95,92;95,99;96,03;96,10;96,13;96,14;96,14;96,16;96,19;96,17
2022-07-28;;104,68;108,11;115,18;123,26;127,79;132,41;139,50;144,33;150,88;154,20;;112,31;115,17;123,37;131,09;136,38;141,60;150,27;156,69;162,36;165,08;;105,36;108,28;115,06;122,90;127,44;131,15;137,41;141,93;147,59;151,46;;96,52;96,59;96,66;96,77;96,81;96,84;96,87;96,91;96,95;96,94
2022-07-29;;104,94;108,43;115,62;123,85;128,47;133,19;140,42;145,36;152,06;155,46;;112,63;115,50;123,77;131,60;136,93;142,26;151,04;157,53;163,29;166,08;;105,65;108,59;115,44;123,39;128,00;131,77;138,11;142,70;148,45;152,36;;96,75;96,80;96,94;97,08;97,14;97,20;97,27;97,32;97,38;97,40
2022-07-30;;104,94;108,43;115,62;123,85;128,47;133,18;140,42;145,35;152,06;155,46;;112,63;115,50;123,77;131,60;136,93;142,26;151,04;157,53;163,29;166,07;;105,65;108,59;115,44;123,39;128,00;131,77;138,11;142,70;148,45;152,36;;96,75;96,80;96,94;97,08;97,14;97,20;97,26;97,32;97,37;97,40
2022-07-31;;104,94;108,43;115,62;123,85;128,47;133,18;140,42;145,35;152,06;155,46;;112,63;115,49;123,77;131,60;136,93;142,26;151,04;157,52;163,29;166,07;;105,65;108,59;115,44;123,39;128,00;131,77;138,11;142,70;148,45;152,36;;96,75;96,80;96,93;97,08;97,13;97,20;97,26;97,32;97,37;97,40
2022-08-01;;105,20;108,64;115,72;123,80;128,34;132,96;140,05;144,87;151,42;154,75;;112,98;115,78;124,03;131,72;136,97;142,21;150,86;157,26;162,86;165,63;;106,00;108,94;115,70;123,53;128,08;131,77;138,00;142,49;148,13;152,00;;97,00;97,00;97,04;97,08;97,08;97,09;97,07;97,07;97,05;97,03
2022-08-02;;104,66;108,12;115,23;123,35;127,91;132,56;139,69;144,55;151,15;154,50;;112,44;115,25;123,47;131,20;136,45;141,71;150,38;156,78;162,43;165,19;;105,51;108,44;115,21;123,06;127,62;131,33;137,57;142,08;147,75;151,61;;96,59;96,60;96,68;96,76;96,78;96,81;96,82;96,85;96,85;96,85
2022-08-03;;104,95;108,50;115,82;124,20;128,92;133,73;141,13;146,18;153,05;156,54;;112,76;115,63;123,97;131,90;137,30;142,71;151,61;158,17;164,04;166,84;;105,73;108,70;115,62;123,68;128,36;132,19;138,63;143,29;149,13;153,07;;96,87;96,94;97,21;97,48;97,58;97,72;97,89;98,01;98,13;98,20
2022-08-04;;105,10;108,61;115,84;124,12;128,77;133,52;140,80;145,77;152,53;155,96;;112,97;115,82;124,10;131,94;137,28;142,63;151,42;157,91;163,69;166,47;;105,98;108,92;115,78;123,75;128,37;132,15;138,49;143,09;148,84;152,75;;97,03;97,09;97,30;97,51;97,59;97,70;97,81;97,91;97,99;98,04
2022-08-05;;104,39;107,93;115,22;123,58;128,28;133,07;140,45;145,48;152,33;155,81;;112,13;115,05;123,38;131,34;136,73;142,14;151,04;157,61;163,54;166,33;;105,24;108,19;115,14;123,21;127,88;131,73;138,20;142,86;148,72;152,69;;96,41;96,54;96,83;97,17;97,31;97,46;97,67;97,83;98,01;98,09
2022-08-06;;104,39;107,93;115,22;123,58;128,28;133,07;140,45;145,48;152,33;155,81;;112,13;115,05;123,38;131,34;136,73;142,14;151,04;157,60;163,54;166,33;;105,24;108,19;115,14;123,21;127,87;131,73;138,19;142,86;148,72;152,69;;96,41;96,54;96,83;97,17;97,31;97,46;97,67;97,82;98,01;98,09
2022-08-07;;104,39;107,93;115,22;123,57;128,27;133,07;140,45;145,48;152,33;155,81;;112,13;115,05;123,37;131,34;136,73;142,14;151,04;157,60;163,54;166,33;;105,23;108,19;115,14;123,21;127,87;131,73;138,19;142,86;148,72;152,68;;96,41;96,54;96,83;97,17;97,30;97,46;97,67;97,82;98,00;98,09
2022-08-08;;104,64;108,15;115,40;123,68;128,34;133,10;140,40;145,39;152,16;155,60;;112,39;115,28;123,61;131,51;136,87;142,25;151,10;157,61;163,48;166,29;;105,49;108,43;115,36;123,37;128,01;131,84;138,25;142,88;148,69;152,63;;96,59;96,69;96,93;97,20;97,30;97,43;97,58;97,70;97,83;97,89
2022-08-09;;104,36;107,85;115,02;123,23;127,84;132,55;139,78;144,70;151,40;154,80;;112,05;114,93;123,15;130,99;136,31;141,64;150,40;156,86;162,66;165,44;;105,20;108,11;114,98;122,92;127,51;131,30;137,65;142,24;147,97;151,87;;96,34;96,43;96,60;96,81;96,88;96,97;97,07;97,16;97,25;97,29
2022-08-10;;104,64;108,17;115,45;123,79;128,47;133,26;140,61;145,63;152,45;155,91;;112,37;115,20;123,54;131,43;136,78;142,19;151,04;157,54;163,38;166,20;;105,43;108,38;115,29;123,31;127,97;131,80;138,20;142,82;148,62;152,54;;96,55;96,60;96,87;97,13;97,23;97,37;97,53;97,65;97,76;97,84
2022-08-11;;104,24;107,79;115,10;123,49;128,21;133,02;140,43;145,49;152,37;155,87;;111,90;114,82;123,20;131,21;136,61;142,07;151,02;157,59;163,58;166,44;;105,08;108,04;115,07;123,16;127,86;131,76;138,28;142,97;148,85;152,84;;96,16;96,28;96,59;96,94;97,07;97,24;97,46;97,61;97,80;97,89
2022-08-12;;104,64;108,32;115,91;124,63;129,55;134,58;142,34;147,64;154,88;158,56;;112,31;115,32;123,96;132,28;137,85;143,51;152,80;159,63;165,90;168,85;;105,40;108,47;115,69;124,09;128,98;133,04;139,85;144,74;150,89;155,03;;96,53;96,73;97,25;97,83;98,07;98,36;98,77;99,04;99,38;99,56
2022-08-13;;104,64;108,32;115,91;124,63;129,55;134,58;142,34;147,64;154,88;158,56;;112,31;115,31;123,96;132,28;137,85;143,51;152,80;159,63;165,90;168,85;;105,40;108,47;115,69;124,09;128,98;133,04;139,85;144,74;150,89;155,03;;96,53;96,73;97,25;97,83;98,06;98,36;98,76;99,04;99,38;99,56
2022-08-14;;104,64;108,31;115,90;124,63;129,55;134,58;142,33;147,64;154,88;158,56;;112,31;115,31;123,96;132,28;137,85;143,50;152,80;159,63;165,90;168,85;;105,39;108,47;115,69;124,09;128,98;133,03;139,85;144,73;150,89;155,03;;96,53;96,73;97,25;97,83;98,06;98,36;98,76;99,04;99,38;99,55
2022-08-15;;105,19;108,89;116,56;125,37;130,34;135,43;143,27;148,64;155,96;159,69;;112,83;115,85;124,60;133,01;138,63;144,34;153,73;160,65;166,98;169,97;;105,85;108,98;116,24;124,74;129,68;133,77;140,66;145,60;151,84;156,04;;96,90;97,12;97,69;98,33;98,59;98,92;99,37;99,68;100,06;100,26
2022-08-16;;104,89;108,62;116,33;125,20;130,21;135,34;143,25;148,67;156,07;159,83;;112,55;115,59;124,35;132,82;138,47;144,22;153,67;160,62;167,02;170,03;;105,58;108,70;116,01;124,55;129,53;133,65;140,60;145,58;151,86;156,08;;96,80;97,03;97,64;98,32;98,59;98,94;99,43;99,75;100,15;100,37
2022-08-17;;104,31;108,01;115,68;124,50;129,48;134,58;142,45;147,83;155,18;158,93;;111,85;114,90;123,62;132,07;137,70;143,41;152,83;159,77;166,15;169,16;;104,94;108,06;115,32;123,83;128,79;132,89;139,82;144,78;151,05;155,27;;96,27;96,52;97,10;97,76;98,03;98,36;98,83;99,15;99,55;99,75
2022-08-18;;104,39;108,13;115,85;124,75;129,78;134,93;142,87;148,31;155,74;159,53;;112,02;115,07;123,84;132,33;137,99;143,76;153,24;160,21;166,65;169,68;;105,07;108,21;115,52;124,08;129,07;133,22;140,19;145,19;151,51;155,75;;96,31;96,56;97,17;97,87;98,15;98,50;98,99;99,33;99,75;99,96
2022-08-19;;103,73;107,45;115,15;124,01;129,02;134,15;142,06;147,49;154,90;158,67;;111,19;114,25;122,97;131,46;137,11;142,85;152,31;159,29;165,72;168,75;;104,31;107,44;114,73;123,27;128,25;132,39;139,36;144,37;150,67;154,92;;95,73;96,00;96,60;97,30;97,59;97,93;98,42;98,76;99,18;99,39
2022-08-20;;103,73;107,45;115,14;124,01;129,02;134,15;142,06;147,49;154,89;158,67;;111,19;114,25;122,97;131,46;137,11;142,85;152,31;159,28;165,72;168,75;;104,30;107,43;114,73;123,27;128,25;132,39;139,36;144,36;150,67;154,92;;95,73;96,00;96,60;97,30;97,59;97,93;98,42;98,76;99,18;99,39
2022-08-21;;103,73;107,45;115,14;124,01;129,01;134,14;142,06;147,48;154,89;158,67;;111,19;114,25;122,97;131,46;137,11;142,85;152,31;159,28;165,72;168,75;;104,30;107,43;114,73;123,27;128,25;132,38;139,36;144,36;150,66;154,92;;95,73;96,00;96,60;97,30;97,58;97,93;98,42;98,75;99,18;99,39
2022-08-22;;103,16;106,82;114,40;123,12;128,04;133,08;140,85;146,17;153,43;157,13;;110,63;113,66;122,30;130,67;136,24;141,87;151,19;158,08;164,39;167,39;;103,79;106,90;114,11;122,52;127,42;131,49;138,36;143,27;149,48;153,70;;95,20;95,46;95,98;96,60;96,86;97,15;97,57;97,87;98,26;98,43
2022-08-23;;102,94;106,58;114,12;122,78;127,67;132,68;140,39;145,68;152,89;156,56;;110,33;113,35;121,95;130,27;135,81;141,41;150,68;157,53;163,79;166,77;;103,53;106,61;113,78;122,14;127,02;131,06;137,89;142,77;148,93;153,11;;94,93;95,18;95,66;96,24;96,48;96,75;97,13;97,41;97,76;97,92
2022-08-24;;102,71;106,37;113,94;122,65;127,57;132,60;140,37;145,69;152,95;156,66;;110,05;113,07;121,69;130,04;135,60;141,24;150,56;157,42;163,73;166,72;;103,26;106,35;113,55;121,95;126,85;130,92;137,78;142,70;148,88;153,07;;94,76;95,00;95,52;96,13;96,37;96,67;97,08;97,37;97,74;97,91
2022-08-25;;103,14;106,85;114,54;123,41;128,42;133,55;141,48;146,91;154,33;158,12;;110,55;113,63;122,35;130,85;136,49;142,22;151,68;158,66;165,12;168,13;;103,72;106,84;114,16;122,70;127,67;131,82;138,82;143,83;150,13;154,39;;95,15;95,46;96,05;96,77;97,06;97,41;97,90;98,25;98,69;98,90
2022-08-26;;102,64;106,19;113,53;121,94;126,68;131,53;138,99;144,08;151,03;154,56;;109,85;112,88;121,34;129,47;134,92;140,37;149,44;156,15;162,26;165,15;;103,19;106,21;113,30;121,47;126,23;130,18;136,88;141,65;147,61;151,74;;94,76;95,01;95,33;95,77;95,95;96,12;96,38;96,58;96,85;96,95
2022-08-27;;102,64;106,19;113,52;121,94;126,68;131,53;138,99;144,08;151,02;154,56;;109,85;112,88;121,34;129,47;134,92;140,36;149,43;156,15;162,26;165,15;;103,18;106,20;113,30;121,47;126,23;130,18;136,88;141,64;147,61;151,74;;94,76;95,01;95,33;95,76;95,95;96,11;96,38;96,58;96,85;96,94
2022-08-28;;102,64;106,19;113,52;121,94;126,68;131,53;138,98;144,08;151,02;154,56;;109,85;112,87;121,33;129,47;134,91;140,36;149,43;156,14;162,25;165,15;;103,18;106,20;113,30;121,47;126,23;130,18;136,87;141,64;147,61;151,74;;94,75;95,01;95,33;95,76;95,94;96,11;96,38;96,58;96,85;96,94
2022-08-29;;102,13;105,66;112,94;121,29;125,99;130,80;138,20;143,25;150,13;153,63;;109,24;112,23;120,56;128,60;134,01;139,42;148,39;155,03;161,07;163,90;;102,59;105,55;112,57;120,66;125,37;129,28;135,88;140,61;146,49;150,55;;94,41;94,64;94,90;95,27;95,42;95,55;95,77;95,93;96,16;96,23
2022-08-30;;101,94;105,41;112,58;120,79;125,41;130,13;137,38;142,33;149,07;152,49;;108,94;111,92;120,20;128,15;133,50;138,82;147,68;154,26;160,19;163,00;;102,34;105,30;112,24;120,23;124,89;128,73;135,26;139,92;145,71;149,75;;94,14;94,36;94,57;94,89;95,03;95,13;95,31;95,45;95,65;95,70
2022-08-31;;101,51;104,91;111,92;119,94;124,45;129,05;136,11;140,92;147,47;150,79;;108,39;111,33;119,49;127,27;132,54;137,73;146,43;152,88;158,66;161,39;;101,85;104,76;111,58;119,41;123,97;127,72;134,10;138,66;144,31;148,26;;93,67;93,87;94,00;94,24;94,34;94,40;94,51;94,61;94,76;94,77
2022-09-01;;101,13;104,58;111,70;119,85;124,43;129,12;136,32;141,23;147,92;151,32;;108,01;110,94;119,07;126,89;132,21;137,44;146,19;152,69;158,52;161,17;;101,44;104,35;111,18;119,09;123,70;127,46;133,91;138,50;144,19;148,13;;93,29;93,52;93,75;94,11;94,25;94,37;94,56;94,72;94,94;94,99
2022-09-02;;101,27;104,65;111,61;119,56;124,03;128,59;135,59;140,35;146,83;150,12;;108,21;111,10;119,11;126,77;131,99;137,14;145,71;152,07;157,74;160,42;;101,63;104,48;111,21;118,95;123,45;127,14;133,40;137,90;143,46;147,32;;93,34;93,49;93,58;93,75;93,82;93,85;93,91;93,98;94,07;94,07
2022-09-03;;101,27;104,65;111,61;119,56;124,03;128,59;135,58;140,35;146,83;150,11;;108,21;111,09;119,11;126,77;131,99;137,14;145,71;152,07;157,74;160,42;;101,63;104,48;111,21;118,95;123,45;127,14;133,39;137,90;143,46;147,32;;93,33;93,49;93,58;93,75;93,82;93,85;93,90;93,98;94,07;94,07
2022-09-04;;101,27;104,65;111,61;119,56;124,03;128,59;135,58;140,35;146,83;150,11;;108,21;111,09;119,11;126,77;131,99;137,14;145,71;152,07;157,73;160,42;;101,62;104,48;111,21;118,95;123,45;127,14;133,39;137,90;143,46;147,32;;93,33;93,49;93,57;93,75;93,82;93,85;93,90;93,97;94,07;94,07
2022-09-05;;101,31;104,73;111,79;119,87;124,41;129,04;136,16;141,02;147,62;150,98;;108,16;111,08;119,17;126,94;132,22;137,43;146,12;152,57;158,34;161,04;;101,56;104,46;111,27;119,11;123,68;127,42;133,80;138,37;144,02;147,94;;93,41;93,60;93,75;94,00;94,10;94,17;94,28;94,39;94,54;94,56
2022-09-06;;100,80;104,22;111,27;119,34;123,88;128,52;135,64;140,50;147,11;150,46;;107,75;110,68;118,71;126,49;131,76;136,98;145,65;152,08;157,88;160,57;;101,19;104,07;110,86;118,70;123,25;127,00;133,36;137,94;143,59;147,48;;92,93;93,13;93,31;93,59;93,71;93,79;93,92;94,05;94,22;94,25
2022-09-07;;101,18;104,64;111,75;119,90;124,49;129,18;136,38;141,29;147,98;151,38;;108,25;111,14;119,13;126,88;132,18;137,43;146,10;152,52;158,29;160,90;;101,59;104,43;111,20;119,06;123,62;127,36;133,69;138,28;143,90;147,74;;93,25;93,42;93,65;93,95;94,08;94,19;94,35;94,49;94,66;94,72
2022-09-08;;100,98;104,48;111,71;120,01;124,69;129,47;136,83;141,85;148,70;152,19;;107,89;110,80;118,98;126,89;132,25;137,60;146,45;153,00;158,91;161,63;;101,24;104,17;111,05;119,06;123,73;127,56;134,06;138,74;144,50;148,45;;93,09;93,29;93,63;94,06;94,23;94,41;94,67;94,87;95,11;95,21
2022-09-09;;101,07;104,62;111,97;120,42;125,18;130,05;137,56;142,70;149,70;153,26;;107,93;110,89;119,20;127,27;132,71;138,16;147,18;153,84;159,90;162,73;;101,28;104,26;111,28;119,42;124,18;128,10;134,75;139,54;145,43;149,46;;93,22;93,45;93,88;94,40;94,61;94,85;95,19;95,44;95,75;95,89
2022-09-10;;101,07;104,62;111,97;120,42;125,18;130,05;137,56;142,69;149,70;153,26;;107,93;110,89;119,20;127,27;132,71;138,16;147,18;153,84;159,90;162,73;;101,28;104,25;111,28;119,42;124,18;128,10;134,75;139,53;145,43;149,46;;93,21;93,45;93,88;94,40;94,61;94,85;95,19;95,43;95,75;95,88
2022-09-11;;101,07;104,62;111,97;120,42;125,18;130,05;137,56;142,69;149,69;153,26;;107,92;110,88;119,19;127,27;132,70;138,16;147,18;153,84;159,90;162,73;;101,28;104,25;111,28;119,42;124,18;128,10;134,75;139,53;145,43;149,46;;93,21;93,45;93,88;94,40;94,61;94,85;95,19;95,43;95,75;95,88
2022-09-12;;101,22;104,80;112,20;120,71;125,51;130,42;138,00;143,18;150,25;153,85;;108,18;111,16;119,53;127,68;133,15;138,68;147,77;154,47;160,62;163,52;;101,54;104,52;111,61;119,81;124,60;128,58;135,27;140,11;146,09;150,14;;93,30;93,54;94,01;94,57;94,80;95,05;95,42;95,69;96,03;96,18
2022-09-13;;100,53;103,97;111,07;119,21;123,79;128,46;135,65;140,56;147,23;150,63;;107,34;110,31;118,48;126,37;131,68;136,98;145,77;152,27;158,19;161,01;;100,84;103,76;110,67;118,58;123,20;127,03;133,50;138,15;143,90;147,88;;92,74;92,97;93,21;93,57;93,71;93,84;94,03;94,19;94,41;94,47
2022-09-14;;100,58;104,03;111,14;119,29;123,88;128,57;135,77;140,69;147,39;150,79;;107,46;110,36;118,49;126,32;131,62;136,90;145,65;152,11;157,97;160,72;;100,89;103,78;110,61;118,51;123,10;126,90;133,31;137,92;143,64;147,56;;92,75;92,94;93,17;93,50;93,63;93,75;93,92;94,06;94,25;94,31
2022-09-15;;100,23;103,63;110,64;118,66;123,17;127,77;134,84;139,67;146,23;149,56;;107,18;110,05;118,09;125,81;131,02;136,23;144,85;151,21;156,96;159,67;;100,66;103,51;110,27;118,05;122,57;126,31;132,61;137,14;142,76;146,63;;92,45;92,63;92,80;93,07;93,18;93,26;93,39;93,51;93,66;93,69
2022-09-16;;99,93;103,26;110,12;117,97;122,37;126,87;133,76;138,46;144,84;148,08;;106,80;109,59;117,48;124,98;130,10;135,17;143,59;149,80;155,34;157,96;;100,30;103,11;109,71;117,31;121,74;125,36;131,49;135,89;141,32;145,09;;92,16;92,27;92,35;92,48;92,53;92,56;92,59;92,64;92,69;92,69
2022-09-17;;99,93;103,26;110,12;117,97;122,37;126,86;133,76;138,46;144,84;148,08;;106,80;109,58;117,47;124,98;130,09;135,17;143,59;149,80;155,34;157,96;;100,30;103,10;109,70;117,31;121,74;125,36;131,49;135,89;141,32;145,09;;92,16;92,27;92,34;92,48;92,53;92,56;92,59;92,64;92,69;92,69
2022-09-18;;99,92;103,26;110,12;117,97;122,37;126,86;133,76;138,45;144,84;148,07;;106,80;109,58;117,47;124,98;130,09;135,17;143,58;149,80;155,34;157,96;;100,30;103,10;109,70;117,31;121,74;125,36;131,49;135,88;141,32;145,09;;92,16;92,27;92,34;92,48;92,53;92,55;92,59;92,63;92,69;92,68
2022-09-19;;99,92;103,26;110,12;117,96;122,37;126,86;133,76;138,45;144,83;148,07;;106,80;109,58;117,47;124,98;130,09;135,17;143,58;149,80;155,34;157,95;;100,27;103,08;109,67;117,28;121,70;125,32;131,45;135,85;141,29;145,06;;92,13;92,24;92,32;92,46;92,51;92,54;92,57;92,62;92,68;92,68
2022-09-20;;99,40;102,73;109,60;117,45;121,86;126,36;133,27;137,97;144,37;147,62;;106,08;108,90;116,78;124,31;129,43;134,50;142,94;149,18;154,75;157,36;;99,63;102,44;109,07;116,69;121,13;124,76;130,94;135,35;140,81;144,61;;91,72;91,86;91,95;92,12;92,19;92,22;92,27;92,34;92,42;92,42
2022-09-21;;99,52;102,83;109,65;117,44;121,81;126,27;133,12;137,78;144,11;147,32;;106,27;109,07;116,93;124,42;129,51;134,57;142,95;149,15;154,68;157,31;;99,81;102,60;109,20;116,77;121,17;124,79;130,91;135,30;140,72;144,50;;91,79;91,91;91,96;92,08;92,13;92,14;92,16;92,20;92,25;92,24
2022-09-22;;98,78;102,09;108,90;116,68;121,05;125,51;132,35;137,02;143,35;146,57;;105,52;108,30;116,16;123,63;128,71;133,72;142,09;148,30;153,81;156,41;;99,11;101,93;108,48;116,05;120,46;124,04;130,18;134,54;139,97;143,75;;91,15;91,29;91,34;91,48;91,53;91,54;91,56;91,62;91,68;91,66
2022-09-23;;98,36;101,62;108,33;116,00;120,30;124,69;131,42;136,00;142,22;145,38;;105,10;107,84;115,59;122,91;127,92;132,81;141,03;147,16;152,51;155,00;;98,69;101,49;107,91;115,35;119,69;123,17;129,20;133,46;138,76;142,48;;90,80;90,92;90,95;91,05;91,09;91,09;91,09;91,12;91,17;91,14
2022-09-24;;98,36;101,62;108,33;116,00;120,30;124,69;131,42;136,00;142,22;145,38;;105,10;107,84;115,59;122,91;127,92;132,81;141,03;147,16;152,51;155,00;;98,69;101,48;107,91;115,35;119,69;123,17;129,20;133,46;138,76;142,48;;90,80;90,92;90,95;91,05;91,09;91,09;91,09;91,12;91,16;91,14
2022-09-25;;98,36;101,62;108,33;116,00;120,30;124,69;131,42;136,00;142,22;145,38;;105,10;107,84;115,59;122,91;127,91;132,81;141,03;147,16;152,51;155,00;;98,69;101,48;107,90;115,35;119,69;123,17;129,19;133,45;138,76;142,48;;90,80;90,92;90,95;91,05;91,09;91,09;91,08;91,12;91,16;91,14
2022-09-26;;97,44;100,69;107,38;115,02;119,31;123,68;130,40;134,97;141,18;144,33;;104,34;107,05;114,66;121,92;126,89;131,76;139,90;145,95;151,27;153,71;;97,93;100,67;107,03;114,42;118,71;122,16;128,11;132,35;137,61;141,26;;89,98;90,10;90,15;90,27;90,32;90,33;90,34;90,38;90,44;90,42
2022-09-27;;96,88;100,15;106,88;114,59;118,92;123,33;130,12;134,74;141,03;144,23;;103,49;106,25;113,94;121,33;126,36;131,28;139,53;145,67;151,11;153,61;;97,15;99,93;106,36;113,84;118,19;121,70;127,77;132,08;137,44;141,15;;89,34;89,52;89,65;89,89;89,99;90,05;90,14;90,25;90,38;90,40
2022-09-28;;97,89;101,21;108,05;115,89;120,29;124,79;131,70;136,41;142,82;146,08;;104,33;107,05;114,80;122,21;127,29;132,29;140,61;146,81;152,24;154,71;;97,76;100,55;107,00;114,55;118,97;122,50;128,58;132,94;138,34;142,03;;90,32;90,43;90,58;90,79;90,87;90,95;91,03;91,12;91,22;91,24
2022-09-29;;97,22;100,39;106,90;114,34;118,50;122,74;129,24;133,66;139,66;142,70;;103,51;106,13;113,65;120,72;125,60;130,35;138,30;144,24;149,33;151,72;;97,09;99,81;106,02;113,24;117,47;120,80;126,59;130,72;135,81;139,36;;89,70;89,72;89,64;89,59;89,56;89,49;89,37;89,33;89,26;89,19
2022-09-30;;97,06;100,17;106,53;113,78;117,84;121,96;128,27;132,56;138,36;141,30;;103,43;106,04;113,42;120,36;125,16;129,84;137,64;143,43;148,44;150,80;;97,07;99,71;105,83;112,89;117,02;120,31;125,93;129,98;134,96;138,44;;89,55;89,55;89,36;89,20;89,13;88,99;88,78;88,69;88,55;88,44
2022-10-01;;97,06;100,16;106,53;113,78;117,83;121,96;128,27;132,55;138,36;141,29;;103,43;106,03;113,42;120,36;125,16;129,84;137,64;143,43;148,43;150,80;;97,07;99,71;105,83;112,89;117,01;120,31;125,93;129,98;134,96;138,44;;89,55;89,55;89,36;89,20;89,13;88,99;88,78;88,69;88,55;88,43
2022-10-02;;97,06;100,16;106,53;113,78;117,83;121,96;128,27;132,55;138,35;141,29;;103,43;106,03;113,42;120,36;125,16;129,83;137,63;143,43;148,43;150,80;;97,07;99,71;105,83;112,89;117,01;120,30;125,92;129,98;134,96;138,43;;89,55;89,55;89,36;89,20;89,13;88,99;88,78;88,69;88,55;88,43
2022-10-03;;98,02;101,21;107,76;115,23;119,41;123,67;130,20;134,63;140,65;143,70;;104,73;107,33;114,84;121,90;126,78;131,57;139,52;145,42;150,52;152,89;;98,18;100,86;107,07;114,29;118,50;121,85;127,57;131,70;136,81;140,32;;90,41;90,39;90,28;90,18;90,13;90,04;89,88;89,82;89,71;89,62
2022-10-04;;98,50;101,79;108,56;116,30;120,64;125,07;131,86;136,49;142,78;145,97;;105,29;107,95;115,73;123,08;128,10;133,09;141,34;147,43;152,80;155,36;;98,73;101,51;107,92;115,40;119,77;123,29;129,25;133,55;138,90;142,55;;90,82;90,84;90,88;90,94;90,96;90,96;90,93;90,94;90,93;90,90
2022-10-05;;98,05;101,38;108,25;116,12;120,54;125,05;131,98;136,71;143,14;146,41;;104,66;107,43;115,31;122,84;127,95;133,02;141,44;147,69;153,24;155,84;;98,16;100,99;107,56;115,19;119,64;123,25;129,42;133,84;139,34;143,10;;90,42;90,56;90,70;90,92;91,01;91,07;91,15;91,25;91,35;91,37
2022-10-06;;97,64;100,95;107,75;115,53;119,91;124,37;131,23;135,90;142,26;145,48;;104,22;106,99;114,85;122,34;127,41;132,43;140,80;147,01;152,52;155,11;;97,79;100,61;107,15;114,72;119,15;122,73;128,87;133,24;138,70;142,46;;90,10;90,24;90,36;90,56;90,64;90,69;90,76;90,84;90,94;90,95
2022-10-07;;96,97;100,18;106,78;114,32;118,55;122,86;129,46;133,96;140,07;143,16;;103,34;106,07;113,78;121,06;126,02;130,88;139,04;145,10;150,42;152,96;;97,01;99,78;106,18;113,55;117,86;121,33;127,30;131,55;136,83;140,51;;89,46;89,56;89,52;89,56;89,57;89,53;89,47;89,47;89,47;89,41
2022-10-08;;96,97;100,18;106,78;114,32;118,55;122,86;129,46;133,96;140,06;143,16;;103,34;106,06;113,78;121,06;126,01;130,88;139,04;145,10;150,42;152,96;;97,01;99,78;106,18;113,54;117,86;121,33;127,30;131,55;136,83;140,51;;89,45;89,55;89,52;89,56;89,57;89,53;89,47;89,47;89,47;89,41
2022-10-09;;96,97;100,18;106,78;114,32;118,55;122,85;129,46;133,96;140,06;143,16;;103,34;106,06;113,78;121,06;126,01;130,88;139,03;145,09;150,42;152,95;;97,01;99,78;106,18;113,54;117,86;121,33;127,30;131,55;136,83;140,51;;89,45;89,55;89,52;89,56;89,57;89,53;89,46;89,47;89,47;89,41
2022-10-10;;96,77;99,98;106,58;114,13;118,36;122,67;129,29;133,79;139,91;143,01;;103,06;105,77;113,51;120,79;125,75;130,62;138,79;144,86;150,18;152,73;;96,74;99,52;105,89;113,26;117,59;121,06;127,02;131,27;136,55;140,24;;89,30;89,39;89,36;89,40;89,42;89,38;89,32;89,33;89,32;89,27
2022-10-11;;96,40;99,57;106,08;113,52;117,69;121,94;128,45;132,88;138,89;141,93;;102,87;105,50;113,10;120,24;125,11;129,92;137,93;143,87;149,04;151,52;;96,51;99,23;105,51;112,75;117,01;120,41;126,23;130,39;135,56;139,14;;88,87;88,91;88,83;88,80;88,77;88,71;88,59;88,56;88,50;88,43
2022-10-12;;96,29;99,45;105,94;113,34;117,49;121,72;128,19;132,60;138,57;141,60;;102,67;105,30;112,86;119,96;124,82;129,60;137,57;143,49;148,64;151,09;;96,33;99,03;105,28;112,49;116,72;120,10;125,90;130,04;135,17;138,74;;88,80;88,83;88,75;88,70;88,68;88,61;88,48;88,45;88,38;88,30
2022-10-13;;96,37;99,62;106,32;113,98;118,29;122,68;129,43;134,02;140,27;143,44;;102,91;105,54;113,20;120,47;125,44;130,38;138,55;144,59;149,91;152,39;;96,43;99,17;105,51;112,92;117,26;120,74;126,68;130,94;136,24;139,85;;88,84;88,87;88,94;89,02;89,05;89,07;89,05;89,08;89,08;89,06
2022-10-14;;95,89;99,05;105,55;112,96;117,12;121,36;127,85;132,27;138,26;141,30;;102,33;104,96;112,56;119,71;124,59;129,41;137,43;143,37;148,58;151,11;;96,00;98,72;104,99;112,24;116,49;119,91;125,73;129,91;135,11;138,70;;88,44;88,48;88,40;88,37;88,35;88,28;88,16;88,13;88,07;87,99
2022-10-15;;95,89;99,05;105,55;112,96;117,12;121,36;127,85;132,26;138,26;141,29;;102,33;104,96;112,55;119,71;124,58;129,41;137,43;143,37;148,58;151,11;;96,00;98,72;104,99;112,24;116,49;119,91;125,73;129,91;135,11;138,70;;88,44;88,47;88,40;88,37;88,34;88,28;88,16;88,13;88,06;87,99
2022-10-16;;95,89;99,05;105,55;112,96;117,12;121,35;127,85;132,26;138,25;141,29;;102,33;104,96;112,55;119,71;124,58;129,41;137,43;143,37;148,58;151,11;;95,99;98,72;104,99;112,24;116,49;119,91;125,73;129,91;135,11;138,69;;88,44;88,47;88,40;88,36;88,34;88,28;88,16;88,13;88,06;87,99
2022-10-17;;96,29;99,53;106,21;113,85;118,15;122,53;129,25;133,83;140,05;143,21;;102,83;105,48;113,16;120,48;125,46;130,44;138,64;144,68;150,07;152,65;;96,39;99,13;105,50;112,92;117,26;120,78;126,72;131,02;136,37;139,99;;88,82;88,86;88,93;89,02;89,05;89,07;89,05;89,08;89,09;89,07
2022-10-18;;96,55;99,83;106,59;114,32;118,67;123,10;129,92;134,56;140,88;144,09;;103,09;105,79;113,54;120,97;126,00;131,04;139,35;145,47;150,95;153,56;;96,64;99,40;105,86;113,37;117,77;121,35;127,38;131,74;137,18;140,85;;89,06;89,13;89,25;89,41;89,47;89,52;89,55;89,62;89,67;89,67
2022-10-19;;96,06;99,34;106,11;113,86;118,22;122,67;129,51;134,18;140,52;143,75;;102,56;105,25;112,99;120,41;125,44;130,47;138,77;144,90;150,37;152,99;;96,14;98,92;105,37;112,88;117,28;120,85;126,90;131,26;136,69;140,37;;88,62;88,69;88,81;88,98;89,03;89,09;89,12;89,19;89,24;89,24
2022-10-20;;95,60;98,84;105,51;113,16;117,45;121,83;128,56;133,15;139,39;142,55;;102,12;104,77;112,41;119,74;124,70;129,68;137,86;143,90;149,30;151,91;;95,72;98,46;104,83;112,24;116,57;120,09;126,03;130,34;135,71;139,33;;88,21;88,26;88,32;88,43;88,46;88,48;88,46;88,50;88,52;88,50
2022-10-21;;95,71;99,06;105,96;113,89;118,35;122,91;129,93;134,73;141,27;144,59;;102,32;105,02;112,78;120,32;125,42;130,55;138,97;145,17;150,78;153,39;;95,81;98,60;105,07;112,71;117,17;120,80;126,93;131,38;136,93;140,63;;88,25;88,35;88,59;88,89;89,00;89,12;89,26;89,39;89,53;89,58
2022-10-22;;95,71;99,06;105,96;113,88;118,35;122,91;129,93;134,73;141,26;144,59;;102,32;105,02;112,78;120,32;125,42;130,55;138,96;145,17;150,78;153,39;;95,81;98,60;105,07;112,71;117,17;120,80;126,93;131,37;136,93;140,63;;88,24;88,35;88,59;88,89;89,00;89,12;89,26;89,39;89,52;89,58
2022-10-23;;95,71;99,06;105,96;113,88;118,35;122,91;129,93;134,73;141,26;144,59;;102,32;105,02;112,78;120,32;125,42;130,55;138,96;145,17;150,78;153,39;;95,81;98,60;105,07;112,71;117,17;120,80;126,93;131,37;136,93;140,63;;88,24;88,35;88,59;88,88;89,00;89,12;89,26;89,39;89,52;89,58
2022-10-24;;95,93;99,29;106,23;114,19;118,67;123,25;130,31;135,13;141,70;145,04;;102,73;105,32;113,10;120,61;125,67;130,83;139,23;145,39;150,93;153,59;;96,13;98,93;105,36;113,00;117,46;121,08;127,15;131,57;137,12;140,78;;88,44;88,46;88,71;88,94;89,02;89,15;89,25;89,36;89,43;89,49
2022-10-25;;96,76;100,15;107,17;115,22;119,76;124,40;131,55;136,43;143,09;146,47;;103,79;106,36;114,25;121,81;126,90;132,13;140,59;146,80;152,37;155,07;;97,09;99,91;106,39;114,10;118,61;122,26;128,36;132,81;138,42;142,10;;89,22;89,20;89,49;89,74;89,83;89,98;90,11;90,22;90,30;90,37
2022-10-26;;96,97;100,31;107,19;115,08;119,52;124,05;131,02;135,78;142,25;145,54;;103,87;106,42;114,27;121,72;126,74;131,89;140,24;146,34;151,80;154,52;;97,24;100,04;106,48;114,06;118,50;122,11;128,11;132,48;137,99;141,63;;89,36;89,31;89,46;89,57;89,60;89,67;89,69;89,73;89,71;89,73
2022-10-27;;97,45;100,78;107,63;115,48;119,89;124,39;131,31;136,02;142,44;145,70;;104,56;107,12;114,96;122,38;127,38;132,51;140,82;146,89;152,34;155,02;;97,90;100,69;107,12;114,67;119,08;122,67;128,64;132,97;138,47;142,10;;89,79;89,74;89,84;89,91;89,92;89,96;89,93;89,95;89,91;89,91
2022-10-28;;97,57;101,00;108,10;116,26;120,86;125,56;132,79;137,74;144,48;147,91;;104,57;107,15;115,12;122,77;127,91;133,22;141,79;148,04;153,70;156,42;;97,84;100,68;107,24;115,05;119,60;123,32;129,50;133,99;139,67;143,37;;89,85;89,82;90,12;90,37;90,45;90,61;90,74;90,85;90,92;90,99
2022-10-29;;97,57;101,00;108,10;116,26;120,85;125,55;132,79;137,74;144,48;147,91;;104,57;107,15;115,12;122,77;127,91;133,22;141,78;148,04;153,70;156,42;;97,84;100,68;107,24;115,04;119,60;123,32;129,49;133,99;139,67;143,37;;89,85;89,82;90,12;90,37;90,45;90,61;90,74;90,85;90,92;90,99
2022-10-30;;97,56;101,00;108,10;116,26;120,85;125,55;132,79;137,74;144,48;147,91;;104,57;107,15;115,12;122,76;127,90;133,22;141,78;148,04;153,70;156,41;;97,83;100,68;107,24;115,04;119,60;123,32;129,49;133,99;139,67;143,37;;89,85;89,82;90,12;90,37;90,45;90,61;90,74;90,85;90,92;90,99
2022-10-31;;97,28;100,73;107,87;116,07;120,70;125,43;132,72;137,71;144,51;147,97;;104,16;106,79;114,87;122,62;127,80;133,16;141,83;148,17;153,93;156,72;;97,48;100,37;107,02;114,90;119,52;123,29;129,58;134,13;139,90;143,68;;89,65;89,66;90,00;90,31;90,43;90,61;90,78;90,93;91,04;91,13
2022-11-01;;97,42;100,87;108,00;116,20;120,83;125,56;132,84;137,83;144,62;148,08;;104,32;107,02;115,17;123,00;128,22;133,60;142,34;148,72;154,58;157,43;;97,68;100,59;107,33;115,25;119,89;123,71;130,07;134,67;140,51;144,35;;89,77;89,83;90,15;90,48;90,60;90,77;90,95;91,10;91,24;91,32
2022-11-02;;97,08;100,44;107,36;115,29;119,75;124,31;131,32;136,10;142,61;145,92;;103,95;106,64;114,65;122,29;127,38;132,59;141,11;147,35;153,01;155,82;;97,44;100,30;106,91;114,62;119,13;122,83;129,03;133,49;139,15;142,94;;89,44;89,49;89,65;89,82;89,88;89,95;90,00;90,07;90,12;90,13
2022-11-03;;96,67;100,03;106,96;114,91;119,38;123,95;130,98;135,78;142,31;145,64;;103,50;106,18;114,22;121,87;126,96;132,18;140,72;146,98;152,66;155,46;;96,99;99,86;106,44;114,17;118,69;122,40;128,61;133,07;138,75;142,54;;89,06;89,13;89,29;89,47;89,54;89,62;89,67;89,75;89,81;89,83
2022-11-04;;96,59;99,96;106,92;114,90;119,40;124,00;131,07;135,90;142,48;145,82;;103,42;106,17;114,20;121,95;127,09;132,37;140,99;147,29;153,10;155,98;;96,97;99,83;106,51;114,29;118,82;122,61;128,88;133,42;139,17;143,00;;88,94;89,04;89,22;89,45;89,53;89,62;89,70;89,80;89,89;89,92
2022-11-05;;96,59;99,96;106,92;114,90;119,40;124,00;131,07;135,90;142,47;145,82;;103,42;106,17;114,20;121,94;127,09;132,37;140,99;147,29;153,10;155,98;;96,97;99,83;106,51;114,28;118,82;122,61;128,88;133,42;139,16;143,00;;88,94;89,04;89,22;89,44;89,53;89,61;89,70;89,80;89,89;89,92
2022-11-06;;96,59;99,96;106,92;114,90;119,40;123,99;131,07;135,90;142,47;145,82;;103,42;106,17;114,20;121,94;127,09;132,37;140,99;147,29;153,10;155,97;;96,97;99,83;106,51;114,28;118,82;122,61;128,88;133,42;139,16;143,00;;88,94;89,04;89,22;89,44;89,53;89,61;89,70;89,80;89,89;89,92
2022-11-07;;96,43;99,81;106,78;114,78;119,28;123,89;130,98;135,82;142,41;145,77;;103,28;106,05;114,11;121,89;127,04;132,34;140,99;147,31;153,16;156,07;;96,87;99,74;106,45;114,26;118,81;122,62;128,93;133,49;139,26;143,12;;88,78;88,90;89,10;89,35;89,44;89,54;89,64;89,76;89,87;89,90
2022-11-08;;96,74;100,12;107,09;115,09;119,59;124,20;131,28;136,12;142,71;146,06;;103,59;106,34;114,44;122,23;127,38;132,68;141,33;147,66;153,50;156,44;;97,16;100,05;106,76;114,57;119,13;122,94;129,23;133,79;139,58;143,45;;89,08;89,17;89,36;89,58;89,67;89,76;89,85;89,95;90,04;90,07
2022-11-09;;96,82;100,12;106,91;114,68;119,04;123,50;130,34;135,01;141,35;144,57;;103,77;106,49;114,44;122,03;127,08;132,24;140,68;146,86;152,52;155,39;;97,38;100,21;106,78;114,40;118,83;122,54;128,65;133,08;138,69;142,48;;89,17;89,23;89,28;89,37;89,40;89,40;89,38;89,41;89,41;89,38
2022-11-10;;98,49;101,95;109,08;117,26;121,87;126,59;133,84;138,79;145,54;148,98;;105,57;108,25;116,49;124,34;129,54;134,97;143,73;150,11;155,96;158,95;;98,89;101,83;108,59;116,51;121,15;125,00;131,33;135,94;141,79;145,66;;90,71;90,71;90,98;91,21;91,29;91,42;91,54;91,64;91,70;91,76
2022-11-11;;98,32;101,78;108,92;117,12;121,74;126,47;133,74;138,71;145,47;148,92;;105,01;107,83;116,20;124,21;129,48;134,93;143,84;150,35;156,35;159,45;;98,48;101,47;108,38;116,39;121,10;125,02;131,53;136,23;142,19;146,20;;90,61;90,69;90,99;91,31;91,43;91,59;91,76;91,90;92,04;92,12
2022-11-12;;98,32;101,78;108,92;117,12;121,74;126,46;133,74;138,70;145,47;148,92;;105,01;107,83;116,20;124,21;129,48;134,92;143,83;150,35;156,34;159,44;;98,48;101,47;108,38;116,39;121,10;125,02;131,53;136,23;142,19;146,20;;90,61;90,69;90,99;91,31;91,43;91,59;91,76;91,90;92,04;92,12
2022-11-13;;98,32;101,78;108,92;117,12;121,74;126,46;133,73;138,70;145,47;148,91;;105,01;107,83;116,20;124,21;129,47;134,92;143,83;150,35;156,34;159,44;;98,47;101,47;108,38;116,39;121,09;125,02;131,53;136,22;142,19;146,20;;90,60;90,69;90,99;91,31;91,43;91,59;91,76;91,90;92,04;92,11
2022-11-14;;98,14;101,55;108,60;116,68;121,24;125,89;133,04;137,92;144,57;147,95;;104,94;107,76;115,99;123,89;129,11;134,50;143,29;149,71;155,62;158,68;;98,45;101,38;108,25;116,14;120,76;124,64;131,06;135,71;141,56;145,52;;90,41;90,50;90,73;90,98;91,08;91,19;91,31;91,42;91,53;91,58
2022-11-15;;98,65;102,09;109,18;117,32;121,90;126,58;133,78;138,70;145,39;148,80;;105,45;108,33;116,63;124,62;129,89;135,31;144,18;150,67;156,67;159,75;;99,01;101,98;108,92;116,89;121,56;125,48;131,98;136,68;142,58;146,59;;90,89;91,01;91,26;91,55;91,66;91,78;91,92;92,05;92,19;92,24
2022-11-16;;98,93;102,29;109,22;117,15;121,60;126,14;133,12;137,88;144,34;147,63;;105,71;108,51;116,69;124,48;129,65;134,94;143,61;149,94;155,75;158,72;;99,27;102,17;108,98;116,78;121,34;125,16;131,48;136,03;141,76;145,66;;91,14;91,19;91,26;91,35;91,38;91,40;91,39;91,42;91,42;91,40
2022-11-17;;98,73;102,11;109,07;117,05;121,53;126,10;133,13;137,92;144,44;147,75;;105,60;108,39;116,52;124,29;129,46;134,75;143,40;149,74;155,52;158,48;;99,13;102,04;108,82;116,62;121,17;124,97;131,28;135,84;141,56;145,45;;90,94;91,00;91,11;91,23;91,28;91,32;91,34;91,38;91,41;91,40
2022-11-18;;98,74;102,13;109,14;117,16;121,68;126,28;133,36;138,20;144,77;148,10;;105,67;108,46;116,65;124,48;129,67;135,01;143,73;150,10;155,95;158,97;;99,19;102,11;108,93;116,79;121,36;125,20;131,55;136,15;141,94;145,86;;90,93;90,99;91,13;91,29;91,34;91,40;91,45;91,51;91,56;91,57
2022-11-19;;98,74;102,13;109,14;117,16;121,67;126,28;133,36;138,19;144,76;148,10;;105,67;108,46;116,64;124,48;129,67;135,01;143,73;150,10;155,95;158,97;;99,18;102,11;108,93;116,78;121,36;125,20;131,55;136,15;141,94;145,86;;90,92;90,99;91,13;91,29;91,34;91,40;91,45;91,51;91,56;91,57
2022-11-20;;98,73;102,13;109,14;117,16;121,67;126,28;133,36;138,19;144,76;148,10;;105,66;108,46;116,64;124,47;129,67;135,01;143,73;150,10;155,94;158,96;;99,18;102,11;108,93;116,78;121,36;125,20;131,55;136,15;141,93;145,85;;90,92;90,98;91,13;91,29;91,34;91,40;91,45;91,51;91,55;91,56
2022-11-21;;98,87;102,29;109,35;117,45;122,00;126,65;133,80;138,68;145,32;148,70;;105,83;108,63;116,85;124,73;129,96;135,34;144,12;150,53;156,42;159,44;;99,30;102,24;109,09;117,00;121,61;125,47;131,87;136,50;142,33;146,27;;91,05;91,12;91,30;91,50;91,57;91,65;91,74;91,81;91,88;91,91
2022-11-22;;99,21;102,67;109,83;118,04;122,67;127,39;134,66;139,63;146,39;149,83;;106,17;108,96;117,29;125,25;130,52;135,98;144,86;151,35;157,30;160,38;;99,59;102,57;109,48;117,48;122,16;126,07;132,55;137,24;143,15;147,13;;91,35;91,40;91,62;91,84;91,92;92,03;92,14;92,22;92,30;92,34
2022-11-23;;99,56;103,02;110,15;118,32;122,92;127,62;134,84;139,77;146,49;149,90;;106,59;109,36;117,67;125,59;130,83;136,27;145,10;151,55;157,44;160,53;;99,99;102,97;109,86;117,82;122,48;126,36;132,79;137,45;143,31;147,27;;91,72;91,74;91,92;92,09;92,15;92,23;92,31;92,37;92,40;92,43
2022-11-24;;99,71;103,16;110,28;118,44;123,03;127,72;134,93;139,85;146,54;149,95;;106,86;109,65;118,02;125,96;131,21;136,63;145,49;151,96;157,87;160,99;;100,27;103,27;110,17;118,14;122,80;126,69;133,13;137,79;143,69;147,68;;91,78;91,82;92,01;92,19;92,26;92,34;92,42;92,49;92,54;92,56
2022-11-25;;99,54;103,00;110,13;118,30;122,90;127,59;134,82;139,75;146,46;149,87;;106,50;109,30;117,66;125,62;130,87;136,31;145,18;151,66;157,57;160,71;;99,95;102,95;109,87;117,84;122,52;126,42;132,89;137,56;143,44;147,44;;91,63;91,67;91,86;92,05;92,11;92,20;92,29;92,36;92,41;92,44
2022-11-26;;99,54;103,00;110,12;118,29;122,89;127,59;134,81;139,75;146,46;149,87;;106,50;109,29;117,66;125,61;130,87;136,31;145,18;151,65;157,57;160,71;;99,95;102,95;109,87;117,84;122,52;126,42;132,88;137,56;143,44;147,44;;91,63;91,67;91,86;92,05;92,11;92,20;92,29;92,36;92,41;92,44
2022-11-27;;99,54;103,00;110,12;118,29;122,89;127,59;134,81;139,74;146,45;149,87;;106,50;109,29;117,66;125,61;130,86;136,30;145,18;151,65;157,57;160,71;;99,95;102,95;109,87;117,84;122,52;126,42;132,88;137,56;143,44;147,44;;91,63;91,66;91,86;92,05;92,11;92,20;92,29;92,35;92,41;92,44
2022-11-28;;99,30;102,69;109,66;117,64;122,13;126,70;133,73;138,52;145,04;148,34;;106,26;108,99;117,23;125,00;130,15;135,47;144,15;150,49;156,23;159,31;;99,75;102,71;109,48;117,28;121,86;125,66;131,95;136,51;142,23;146,15;;91,45;91,44;91,53;91,59;91,60;91,62;91,61;91,61;91,58;91,57
2022-11-29;;99,26;102,66;109,66;117,68;122,19;126,79;133,86;138,67;145,23;148,55;;106,48;109,30;117,56;125,42;130,61;135,95;144,70;151,09;156,95;160,02;;100,02;102,97;109,83;117,69;122,28;126,13;132,50;137,09;142,89;146,86;;91,37;91,44;91,55;91,68;91,72;91,76;91,79;91,83;91,86;91,86
2022-11-30;;99,85;103,40;110,73;119,16;123,90;128,76;136,24;141,36;148,33;151,88;;107,05;110,01;118,46;126,70;132,13;137,72;146,86;153,55;159,79;162,95;;100,49;103,52;110,65;118,87;123,66;127,72;134,43;139,29;145,40;149,53;;91,97;92,15;92,51;92,93;93,09;93,28;93,53;93,71;93,93;94,03
2022-12-01;;100,39;103,86;111,01;119,21;123,83;128,54;135,78;140,72;147,44;150,85;;107,74;110,61;118,99;127,00;132,29;137,75;146,66;153,18;159,17;162,31;;101,19;104,18;111,18;119,19;123,86;127,80;134,30;139,01;144,92;148,97;;92,44;92,53;92,72;92,94;93,02;93,11;93,21;93,29;93,37;93,41
2022-12-02;;100,47;103,93;111,06;119,22;123,81;128,50;135,70;140,62;147,30;150,69;;107,73;110,59;118,93;126,91;132,19;137,64;146,53;153,01;158,97;162,09;;101,18;104,15;111,12;119,11;123,76;127,69;134,16;138,85;144,72;148,74;;92,53;92,61;92,78;92,97;93,03;93,11;93,19;93,25;93,31;93,33
2022-12-03;;100,47;103,93;111,05;119,22;123,81;128,50;135,70;140,61;147,29;150,69;;107,73;110,59;118,93;126,90;132,19;137,64;146,52;153,01;158,97;162,09;;101,18;104,15;111,12;119,10;123,76;127,69;134,16;138,85;144,71;148,74;;92,53;92,61;92,78;92,97;93,03;93,10;93,19;93,25;93,31;93,33
2022-12-04;;100,47;103,92;111,05;119,22;123,81;128,50;135,70;140,61;147,29;150,69;;107,73;110,59;118,92;126,90;132,19;137,64;146,52;153,01;158,97;162,09;;101,18;104,15;111,12;119,10;123,76;127,69;134,16;138,85;144,71;148,73;;92,53;92,61;92,78;92,96;93,03;93,10;93,19;93,25;93,31;93,33
2022-12-05;;99,91;103,27;110,19;118,09;122,53;127,05;133,99;138,71;145,13;148,38;;107,21;110,06;118,18;125,96;131,13;136,43;145,07;151,38;157,18;160,24;;100,79;103,67;110,52;118,29;122,79;126,62;132,89;137,45;143,14;147,07;;92,00;92,08;92,10;92,14;92,16;92,14;92,11;92,10;92,09;92,05
2022-12-06;;100,03;103,32;110,10;117,82;122,15;126,56;133,31;137,89;144,11;147,27;;107,39;110,17;118,19;125,78;130,85;136,03;144,48;150,67;156,28;159,26;;100,95;103,79;110,51;118,11;122,51;126,24;132,35;136,79;142,33;146,18;;92,11;92,13;92,02;91,91;91,86;91,77;91,62;91,54;91,42;91,33
2022-12-07;;100,37;103,64;110,35;118,00;122,28;126,63;133,30;137,82;143,95;147,06;;107,70;110,41;118,36;125,82;130,84;135,94;144,28;150,39;155,84;158,76;;101,20;104,02;110,64;118,14;122,50;126,14;132,14;136,51;141,92;145,71;;92,43;92,39;92,21;92,01;91,91;91,78;91,56;91,43;91,25;91,13
2022-12-08;;100,23;103,52;110,27;117,96;122,26;126,65;133,36;137,92;144,10;147,23;;107,53;110,28;118,23;125,74;130,79;135,92;144,31;150,45;155,97;158,88;;101,07;103,89;110,55;118,09;122,47;126,14;132,19;136,59;142,04;145,85;;92,34;92,33;92,19;92,05;91,98;91,87;91,69;91,59;91,45;91,35
2022-12-09;;99,78;103,06;109,81;117,50;121,81;126,20;132,92;137,49;143,68;146,81;;106,89;109,69;117,70;125,30;130,37;135,53;143,99;150,18;155,78;158,80;;100,53;103,38;110,11;117,69;122,10;125,82;131,95;136,40;141,92;145,78;;91,91;91,94;91,84;91,75;91,71;91,62;91,49;91,41;91,31;91,22
2022-12-10;;99,78;103,06;109,81;117,50;121,81;126,20;132,92;137,48;143,68;146,81;;106,89;109,69;117,70;125,30;130,37;135,53;143,99;150,17;155,78;158,80;;100,53;103,38;110,10;117,69;122,09;125,82;131,95;136,40;141,91;145,78;;91,91;91,94;91,84;91,75;91,71;91,62;91,48;91,41;91,31;91,22
2022-12-11;;99,78;103,06;109,81;117,50;121,81;126,20;132,92;137,48;143,67;146,81;;106,89;109,69;117,70;125,29;130,37;135,52;143,99;150,17;155,78;158,79;;100,52;103,37;110,10;117,69;122,09;125,82;131,95;136,40;141,91;145,78;;91,91;91,94;91,84;91,75;91,71;91,62;91,48;91,41;91,31;91,22
2022-12-12;;99,87;103,21;110,07;117,91;122,31;126,80;133,67;138,34;144,69;147,91;;107,08;109,85;117,90;125,55;130,67;135,90;144,44;150,68;156,34;159,33;;100,63;103,49;110,25;117,93;122,40;126,15;132,34;136,84;142,41;146,28;;91,97;91,98;91,97;91,95;91,93;91,89;91,82;91,77;91,70;91,65
2022-12-13;;100,21;103,54;110,40;118,22;122,61;127,08;133,93;138,59;144,91;148,12;;107,44;110,18;118,27;125,90;131,00;136,23;144,76;150,99;156,59;159,64;;100,95;103,83;110,61;118,26;122,73;126,47;132,65;137,14;142,69;146,56;;91,98;91,97;91,97;91,94;91,91;91,88;91,80;91,76;91,68;91,63
2022-12-14;;100,21;103,52;110,31;118,06;122,41;126,83;133,60;138,21;144,45;147,62;;107,25;110,01;118,11;125,73;130,82;136,01;144,53;150,74;156,33;159,39;;100,81;103,70;110,46;118,08;122,54;126,27;132,43;136,90;142,43;146,32;;92,24;92,22;92,14;92,04;91,98;91,90;91,77;91,69;91,56;91,48
2022-12-15;;99,62;102,79;109,28;116,66;120,78;124,97;131,37;135,70;141,57;144,53;;106,26;108,94;116,75;124,00;128,92;133,86;142,02;147,99;153,23;156,11;;99,96;102,73;109,24;116,53;120,81;124,34;130,22;134,47;139,65;143,37;;91,74;91,65;91,34;90,99;90,84;90,62;90,30;90,10;89,82;89,65
2022-12-16;;99,19;102,32;108,74;116,02;120,08;124,21;130,52;134,79;140,56;143,48;;105,58;108,26;116,02;123,21;128,09;132,97;141,06;147,00;152,18;155,02;;99,34;102,10;108,55;115,77;120,01;123,51;129,33;133,55;138,66;142,37;;91,37;91,27;90,93;90,54;90,37;90,13;89,78;89,56;89,26;89,08
2022-12-17;;99,19;102,32;108,73;116,02;120,08;124,21;130,52;134,79;140,56;143,48;;105,58;108,26;116,01;123,20;128,09;132,97;141,06;146,99;152,17;155,01;;99,34;102,10;108,55;115,77;120,01;123,51;129,33;133,55;138,66;142,37;;91,37;91,27;90,93;90,54;90,37;90,13;89,78;89,56;89,26;89,08
2022-12-18;;99,19;102,32;108,73;116,02;120,08;124,21;130,52;134,79;140,56;143,48;;105,58;108,26;116,01;123,20;128,08;132,97;141,06;146,99;152,17;155,01;;99,34;102,09;108,55;115,76;120,01;123,50;129,33;133,55;138,66;142,36;;91,37;91,27;90,92;90,54;90,37;90,13;89,78;89,56;89,26;89,08
2022-12-19;;98,78;101,89;108,28;115,53;119,57;123,69;129,96;134,21;139,96;142,86;;105,23;107,92;115,63;122,81;127,68;132,56;140,62;146,54;151,74;154,58;;99,03;101,77;108,21;115,41;119,63;123,12;128,93;133,15;138,26;141,96;;90,92;90,84;90,48;90,10;89,94;89,69;89,34;89,12;88,83;88,64
2022-12-20;;98,21;101,32;107,71;114,96;119,01;123,13;129,41;133,67;139,43;142,34;;104,60;107,27;115,04;122,23;127,08;131,95;140,03;145,96;151,13;154,02;;98,42;101,21;107,61;114,80;119,05;122,54;128,35;132,55;137,68;141,39;;90,39;90,29;89,96;89,59;89,43;89,20;88,86;88,64;88,35;88,18
2022-12-21;;98,49;101,69;108,26;115,73;119,92;124,17;130,68;135,10;141,09;144,12;;104,91;107,63;115,53;122,93;127,90;132,93;141,22;147,29;152,68;155,66;;98,67;101,50;108,07;115,47;119,82;123,44;129,43;133,79;139,09;142,89;;90,66;90,60;90,40;90,16;90,06;89,91;89,67;89,52;89,32;89,19
2022-12-22;;98,24;101,39;107,83;115,15;119,25;123,41;129,77;134,08;139,91;142,86;;104,58;107,32;115,16;122,47;127,39;132,32;140,52;146,53;151,83;154,78;;98,44;101,24;107,76;115,05;119,35;122,91;128,83;133,12;138,34;142,12;;90,48;90,44;90,15;89,85;89,72;89,52;89,22;89,04;88,81;88,65
2022-12-23;;98,05;101,21;107,70;115,09;119,22;123,42;129,84;134,19;140,09;143,07;;104,38;107,09;114,93;122,26;127,19;132,16;140,38;146,40;151,73;154,68;;98,21;101,01;107,55;114,87;119,18;122,76;128,71;133,02;138,26;142,04;;90,32;90,27;90,00;89,71;89,59;89,40;89,12;88,94;88,71;88,56
2022-12-24;;98,05;101,21;107,70;115,08;119,21;123,41;129,83;134,19;140,09;143,07;;104,38;107,09;114,93;122,26;127,19;132,16;140,38;146,39;151,73;154,68;;98,21;101,00;107,55;114,87;119,18;122,76;128,71;133,02;138,26;142,03;;90,32;90,26;90,00;89,71;89,59;89,40;89,12;88,94;88,71;88,56
2022-12-25;;98,05;101,21;107,70;115,08;119,21;123,41;129,83;134,19;140,09;143,07;;104,37;107,09;114,93;122,26;127,19;132,16;140,38;146,39;151,73;154,67;;98,21;101,00;107,54;114,87;119,18;122,76;128,71;133,02;138,26;142,03;;90,32;90,26;90,00;89,71;89,58;89,39;89,12;88,94;88,71;88,56
2022-12-26;;98,04;101,21;107,70;115,08;119,21;123,41;129,83;134,19;140,09;143,07;;104,37;107,09;114,93;122,26;127,18;132,16;140,38;146,39;151,73;154,67;;98,21;101,00;107,54;114,86;119,18;122,76;128,71;133,02;138,26;142,03;;90,32;90,26;90,00;89,71;89,58;89,39;89,12;88,94;88,71;88,56
2022-12-27;;98,04;101,21;107,70;115,08;119,21;123,41;129,83;134,19;140,08;143,07;;104,37;107,09;114,93;122,26;127,18;132,16;140,37;146,39;151,73;154,67;;98,20;101,00;107,54;114,86;119,17;122,75;128,70;133,01;138,25;142,03;;90,06;90,02;89,79;89,53;89,42;89,25;89,01;88,84;88,63;88,50
2022-12-28;;97,30;100,41;106,80;114,06;118,11;122,23;128,53;132,81;138,58;141,51;;103,60;106,33;114,08;121,34;126,22;131,13;139,26;145,20;150,51;153,46;;97,54;100,31;106,81;114,04;118,28;121,84;127,73;131,99;137,18;140,94;;89,52;89,49;89,18;88,87;88,74;88,53;88,22;88,04;87,80;87,63
2022-12-29;;97,59;100,75;107,25;114,63;118,77;122,97;129,40;133,77;139,68;142,67;;104,02;106,74;114,57;121,92;126,85;131,85;140,08;146,08;151,47;154,45;;97,88;100,66;107,21;114,53;118,84;122,45;128,39;132,72;137,99;141,77;;89,82;89,79;89,56;89,32;89,21;89,04;88,80;88,64;88,44;88,30
2022-12-30;;97,25;100,40;106,86;114,21;118,33;122,51;128,91;133,25;139,13;142,10;;103,49;106,21;114,03;121,36;126,27;131,23;139,44;145,43;150,78;153,73;;97,39;100,18;106,72;114,02;118,32;121,91;127,87;132,16;137,40;141,18;;89,63;89,60;89,35;89,09;88,97;88,79;88,54;88,37;88,16;88,02
2022-12-31;;97,25;100,40;106,86;114,21;118,33;122,51;128,91;133,25;139,13;142,10;;103,49;106,21;114,03;121,36;126,26;131,23;139,44;145,43;150,78;153,73;;97,39;100,18;106,72;114,02;118,32;121,91;127,86;132,16;137,40;141,18;;89,63;89,60;89,35;89,09;88,97;88,79;88,54;88,37;88,16;88,02
2023-01-01;;97,25;100,40;106,86;114,21;118,33;122,51;128,91;133,25;139,13;142,10;;103,49;106,21;114,03;121,35;126,26;131,23;139,43;145,43;150,78;153,73;;97,39;100,18;106,71;114,01;118,32;121,91;127,86;132,16;137,40;141,18;;89,63;89,60;89,35;89,09;88,97;88,79;88,54;88,37;88,16;88,02
2023-01-02;;97,25;100,40;106,86;114,21;118,32;122,51;128,90;133,25;139,12;142,10;;103,49;106,20;114,03;121,35;126,26;131,22;139,43;145,43;150,78;153,73;;97,39;100,18;106,71;114,01;118,32;121,90;127,86;132,16;137,40;141,17;;89,69;89,66;89,40;89,13;89,01;88,83;88,56;88,39;88,18;88,03
2023-01-03;;97,88;101,07;107,63;115,09;119,27;123,51;130,02;134,43;140,41;143,44;;104,46;107,24;115,20;122,68;127,66;132,71;141,06;147,16;152,65;155,71;;98,31;101,16;107,77;115,19;119,56;123,23;129,27;133,65;139,03;142,89;;90,08;90,10;89,92;89,76;89,68;89,54;89,35;89,23;89,09;88,97
2023-01-04;;98,38;101,58;108,16;115,65;119,84;124,11;130,64;135,07;141,07;144,11;;105,05;107,86;115,77;123,28;128,28;133,37;141,73;147,82;153,36;156,43;;98,86;101,66;108,35;115,79;120,14;123,84;129,89;134,31;139,71;143,56;;90,53;90,55;90,37;90,20;90,13;89,99;89,80;89,68;89,54;89,42
2023-01-05;;98,21;101,40;107,94;115,40;119,57;123,81;130,30;134,70;140,67;143,69;;104,75;107,62;115,52;123,05;128,07;133,15;141,52;147,63;153,21;156,28;;98,63;101,42;108,12;115,56;119,90;123,62;129,68;134,12;139,53;143,39;;90,36;90,42;90,21;90,04;89,97;89,81;89,61;89,49;89,36;89,23
2023-01-06;;99,03;102,27;108,93;116,53;120,78;125,11;131,73;136,23;142,33;145,42;;105,68;108,55;116,55;124,18;129,26;134,43;142,92;149,11;154,76;157,88;;99,42;102,25;109,03;116,57;120,98;124,75;130,89;135,41;140,90;144,81;;91,10;91,14;90,98;90,84;90,77;90,64;90,47;90,36;90,24;90,12
2023-01-07;;99,02;102,27;108,93;116,53;120,78;125,11;131,73;136,23;142,33;145,42;;105,68;108,55;116,55;124,17;129,26;134,43;142,92;149,11;154,76;157,87;;99,42;102,25;109,03;116,57;120,98;124,75;130,89;135,41;140,90;144,81;;91,10;91,14;90,98;90,84;90,77;90,64;90,47;90,36;90,23;90,12
2023-01-08;;99,02;102,27;108,93;116,53;120,78;125,11;131,73;136,23;142,33;145,41;;105,67;108,54;116,55;124,17;129,26;134,43;142,91;149,11;154,76;157,87;;99,42;102,25;109,03;116,57;120,98;124,75;130,89;135,40;140,90;144,80;;91,10;91,14;90,98;90,83;90,77;90,64;90,47;90,36;90,23;90,12
2023-01-09;;99,03;102,23;108,79;116,26;120,43;124,68;131,17;135,58;141,54;144,56;;105,57;108,47;116,40;123,97;129,02;134,13;142,55;148,68;154,29;157,42;;99,42;102,21;108,97;116,42;120,77;124,53;130,60;135,09;140,50;144,39;;91,10;91,14;90,92;90,71;90,63;90,46;90,24;90,10;89,94;89,80
2023-01-10;;98,82;102,04;108,68;116,23;120,46;124,76;131,35;135,82;141,88;144,95;;105,29;108,21;116,21;123,87;128,97;134,14;142,65;148,86;154,55;157,69;;99,14;101,97;108,76;116,31;120,72;124,51;130,67;135,21;140,70;144,63;;90,92;90,99;90,84;90,72;90,67;90,55;90,39;90,30;90,20;90,09
2023-01-11;;99,42;102,68;109,39;117,03;121,31;125,67;132,33;136,87;143,00;146,11;;106,07;108,99;117,05;124,74;129,88;135,09;143,66;149,92;155,64;158,79;;99,83;102,67;109,51;117,11;121,56;125,37;131,57;136,14;141,67;145,62;;91,47;91,53;91,41;91,31;91,26;91,16;91,02;90,93;90,84;90,74
2023-01-12;;99,84;103,11;109,81;117,45;121,73;126,08;132,74;137,27;143,40;146,50;;106,47;109,37;117,52;125,23;130,36;135,58;144,17;150,43;156,14;159,33;;100,22;103,10;109,96;117,57;122,05;125,87;132,09;136,64;142,19;146,16;;91,86;91,90;91,76;91,63;91,57;91,45;91,30;91,20;91,08;90,98
2023-01-13;;99,76;103,05;109,81;117,52;121,84;126,23;132,96;137,54;143,74;146,88;;106,37;109,31;117,55;125,36;130,53;135,80;144,49;150,82;156,63;159,88;;100,16;103,07;110,01;117,70;122,22;126,09;132,40;137,01;142,65;146,68;;91,80;91,87;91,79;91,74;91,71;91,63;91,53;91,47;91,40;91,32
2023-01-14;;99,76;103,05;109,81;117,52;121,83;126,23;132,96;137,54;143,74;146,88;;106,37;109,31;117,55;125,36;130,53;135,80;144,49;150,82;156,63;159,88;;100,16;103,07;110,01;117,70;122,22;126,09;132,40;137,01;142,65;146,68;;91,80;91,87;91,79;91,74;91,71;91,63;91,53;91,46;91,40;91,32
2023-01-15;;99,76;103,05;109,81;117,51;121,83;126,23;132,96;137,54;143,74;146,88;;106,36;109,31;117,55;125,36;130,53;135,79;144,48;150,82;156,63;159,88;;100,16;103,07;110,00;117,70;122,22;126,09;132,40;137,01;142,65;146,68;;91,80;91,87;91,79;91,74;91,71;91,63;91,53;91,46;91,40;91,32
2023-01-16;;99,79;103,08;109,84;117,56;121,88;126,28;133,01;137,59;143,79;146,94;;106,37;109,32;117,53;125,34;130,52;135,80;144,49;150,81;156,64;159,88;;100,16;103,05;110,01;117,70;122,21;126,10;132,41;137,04;142,67;146,68;;91,81;91,89;91,81;91,77;91,75;91,67;91,58;91,51;91,45;91,38
2023-01-17;;99,92;103,22;110,01;117,75;122,08;126,50;133,26;137,86;144,09;147,25;;106,66;109,60;117,86;125,69;130,87;136,16;144,86;151,20;157,04;160,31;;100,42;103,33;110,30;118,01;122,53;126,42;132,74;137,36;143,04;147,06;;91,91;91,98;91,93;91,89;91,87;91,80;91,72;91,66;91,61;91,54
2023-01-18;;100,38;103,60;110,21;117,73;121,93;126,21;132,73;137,16;143,15;146,18;;107,16;110,06;118,24;125,88;130,95;136,10;144,60;150,81;156,43;159,68;;100,97;103,85;110,70;118,21;122,63;126,41;132,55;137,04;142,54;146,50;;92,40;92,42;92,19;91,97;91,88;91,70;91,48;91,33;91,16;91,02
2023-01-19;;100,14;103,33;109,87;117,30;121,45;125,67;132,12;136,48;142,39;145,38;;106,76;109,66;117,74;125,30;130,34;135,42;143,84;150,00;155,56;158,72;;100,61;103,46;110,25;117,70;122,07;125,80;131,89;136,33;141,75;145,68;;92,17;92,19;91,92;91,66;91,55;91,36;91,10;90,93;90,74;90,59
2023-01-20;;99,89;103,15;109,85;117,49;121,76;126,11;132,76;137,28;143,40;146,50;;106,33;109,29;117,48;125,24;130,38;135,60;144,23;150,52;156,29;159,52;;100,18;103,07;110,01;117,64;122,12;125,97;132,25;136,83;142,41;146,41;;91,95;92,02;91,89;91,80;91,76;91,65;91,51;91,43;91,34;91,24
2023-01-21;;99,88;103,15;109,85;117,48;121,76;126,11;132,76;137,28;143,40;146,49;;106,33;109,29;117,48;125,24;130,38;135,60;144,23;150,52;156,29;159,51;;100,18;103,07;110,01;117,64;122,12;125,97;132,25;136,83;142,41;146,41;;91,94;92,02;91,89;91,80;91,76;91,65;91,51;91,43;91,34;91,24
2023-01-22;;99,88;103,15;109,85;117,48;121,76;126,10;132,76;137,28;143,40;146,49;;106,33;109,29;117,48;125,23;130,38;135,60;144,23;150,52;156,29;159,51;;100,18;103,07;110,01;117,64;122,12;125,97;132,25;136,83;142,40;146,41;;91,94;92,01;91,89;91,80;91,76;91,64;91,51;91,43;91,33;91,24
2023-01-23;;99,85;103,16;109,97;117,73;122,08;126,51;133,30;137,91;144,17;147,34;;106,30;109,28;117,55;125,42;130,62;135,93;144,68;151,05;156,93;160,20;;100,13;103,05;110,07;117,81;122,36;126,27;132,66;137,31;142,99;147,05;;91,95;92,04;92,02;92,02;92,02;91,97;91,92;91,88;91,85;91,79
2023-01-24;;100,10;103,41;110,19;117,92;122,25;126,66;133,41;138,00;144,21;147,36;;106,60;109,56;117,86;125,70;130,87;136,15;144,87;151,24;157,06;160,33;;100,41;103,35;110,34;118,06;122,60;126,48;132,85;137,47;143,12;147,18;;92,20;92,28;92,21;92,16;92,13;92,05;91,96;91,89;91,83;91,75
2023-01-25;;100,13;103,42;110,17;117,86;122,17;126,56;133,27;137,82;144,00;147,13;;106,56;109,51;117,81;125,62;130,78;136,03;144,72;151,07;156,86;160,13;;100,38;103,32;110,30;117,99;122,52;126,38;132,73;137,33;142,96;147,02;;92,19;92,25;92,17;92,10;92,07;91,98;91,87;91,80;91,71;91,63
2023-01-26;;100,12;103,47;110,39;118,28;122,71;127,22;134,14;138,84;145,23;148,47;;106,52;109,56;117,96;125,97;131,25;136,62;145,52;152,02;158,02;161,35;;100,34;103,32;110,44;118,32;122,95;126,93;133,46;138,20;144,00;148,14;;92,20;92,32;92,37;92,46;92,49;92,48;92,50;92,50;92,52;92,49
2023-01-27;;100,05;103,44;110,41;118,38;122,85;127,41;134,41;139,17;145,64;148,92;;106,45;109,50;117,98;126,06;131,36;136,79;145,77;152,32;158,38;161,75;;100,26;103,27;110,45;118,39;123,07;127,08;133,69;138,47;144,34;148,52;;92,14;92,28;92,40;92,56;92,62;92,66;92,73;92,77;92,83;92,83
2023-01-28;;100,05;103,44;110,41;118,38;122,85;127,41;134,41;139,17;145,63;148,92;;106,45;109,50;117,97;126,06;131,36;136,78;145,77;152,32;158,38;161,75;;100,26;103,27;110,45;118,39;123,07;127,08;133,69;138,47;144,33;148,52;;92,14;92,28;92,40;92,56;92,62;92,66;92,73;92,77;92,83;92,83
2023-01-29;;100,05;103,44;110,41;118,38;122,85;127,41;134,40;139,17;145,63;148,91;;106,45;109,50;117,97;126,06;131,36;136,78;145,76;152,32;158,38;161,75;;100,26;103,27;110,45;118,39;123,07;127,08;133,69;138,47;144,33;148,52;;92,14;92,28;92,40;92,56;92,62;92,66;92,73;92,76;92,83;92,83
2023-01-30;;99,66;102,99;109,82;117,62;121,99;126,45;133,27;137,91;144,21;147,40;;105,99;108,99;117,36;125,29;130,51;135,83;144,66;151,09;157,01;160,35;;99,84;102,81;109,88;117,67;122,27;126,21;132,68;137,36;143,10;147,22;;91,82;91,94;91,96;92,02;92,04;92,02;92,01;92,00;92,00;91,96
2023-01-31;;99,97;103,35;110,30;118,24;122,70;127,24;134,20;138,95;145,38;148,65;;106,36;109,34;117,79;125,79;131,06;136,46;145,38;151,88;157,85;161,18;;100,12;103,11;110,24;118,12;122,79;126,77;133,31;138,05;143,84;147,98;;92,11;92,22;92,33;92,45;92,50;92,52;92,58;92,59;92,63;92,63
2023-02-01;;100,31;103,70;110,67;118,64;123,11;127,67;134,65;139,41;145,87;149,15;;106,61;109,61;118,09;126,13;131,42;136,85;145,82;152,35;158,34;161,68;;100,36;103,36;110,52;118,44;123,14;127,13;133,72;138,48;144,28;148,44;;92,50;92,61;92,74;92,89;92,94;92,98;93,05;93,08;93,13;93,14
2023-02-02;;101,04;104,48;111,56;119,66;124,21;128,85;135,96;140,81;147,39;150,73;;107,79;110,79;119,35;127,49;132,83;138,36;147,42;154,00;160,10;163,46;;101,45;104,47;111,69;119,73;124,46;128,52;135,16;139,96;145,88;150,05;;93,19;93,31;93,53;93,76;93,85;93,95;94,09;94,16;94,26;94,29
2023-02-03;;100,46;103,90;110,99;119,11;123,67;128,32;135,47;140,33;146,95;150,30;;106,99;110,01;118,58;126,77;132,13;137,68;146,79;153,39;159,57;162,97;;100,71;103,73;110,98;119,04;123,80;127,89;134,57;139,42;145,38;149,58;;92,63;92,77;93,03;93,31;93,41;93,53;93,70;93,80;93,93;93,98
2023-02-04;;100,46;103,90;110,99;119,11;123,67;128,32;135,46;140,33;146,94;150,30;;106,99;110,01;118,58;126,76;132,13;137,68;146,79;153,39;159,57;162,97;;100,71;103,73;110,98;119,04;123,79;127,89;134,57;139,42;145,38;149,57;;92,63;92,77;93,03;93,30;93,41;93,53;93,70;93,80;93,93;93,98
2023-02-05;;100,46;103,90;110,99;119,11;123,67;128,32;135,46;140,33;146,94;150,30;;106,99;110,01;118,57;126,76;132,12;137,68;146,79;153,39;159,57;162,97;;100,71;103,73;110,98;119,04;123,79;127,89;134,57;139,42;145,38;149,57;;92,63;92,77;93,03;93,30;93,41;93,53;93,70;93,79;93,93;93,98
2023-02-06;;100,13;103,59;110,73;118,91;123,51;128,20;135,41;140,33;147,01;150,41;;106,52;109,52;118,10;126,32;131,70;137,27;146,42;153,06;159,25;162,65;;100,21;103,25;110,51;118,61;123,40;127,50;134,23;139,09;145,09;149,29;;92,23;92,37;92,68;93,00;93,12;93,27;93,48;93,59;93,75;93,82
2023-02-07;;100,04;103,59;110,91;119,31;124,05;128,89;136,34;141,43;148,36;151,89;;106,61;109,65;118,40;126,82;132,30;138,00;147,36;154,16;160,54;164,01;;100,24;103,36;110,73;119,03;123,94;128,14;135,06;140,04;146,24;150,54;;92,23;92,41;92,86;93,33;93,52;93,75;94,08;94,27;94,52;94,65
2023-02-08;;99,92;103,41;110,61;118,87;123,52;128,26;135,56;140,54;147,31;150,75;;106,37;109,41;118,07;126,38;131,80;137,42;146,66;153,37;159,65;163,12;;100,07;103,15;110,47;118,64;123,48;127,63;134,44;139,37;145,45;149,72;;92,12;92,29;92,65;93,02;93,17;93,35;93,60;93,75;93,94;94,03
2023-02-09;;99,70;103,15;110,27;118,42;123,00;127,68;134,87;139,77;146,44;149,82;;106,26;109,29;117,89;126,13;131,49;137,06;146,21;152,84;159,06;162,54;;100,01;103,07;110,32;118,41;123,19;127,30;134,02;138,89;144,93;149,16;;91,90;92,06;92,35;92,66;92,78;92,92;93,11;93,23;93,39;93,45
2023-02-10;;99,42;102,91;110,12;118,39;123,05;127,80;135,12;140,11;146,91;150,37;;105,97;109,00;117,66;125,99;131,40;137,02;146,27;152,99;159,29;162,77;;99,67;102,76;110,05;118,24;123,08;127,23;134,05;138,97;145,10;149,37;;91,58;91,76;92,11;92,50;92,65;92,83;93,08;93,23;93,43;93,52
2023-02-11;;99,41;102,91;110,12;118,39;123,04;127,80;135,12;140,11;146,91;150,36;;105,97;109,00;117,66;125,99;131,40;137,02;146,27;152,99;159,29;162,77;;99,67;102,76;110,05;118,24;123,08;127,23;134,05;138,96;145,09;149,37;;91,58;91,76;92,11;92,50;92,65;92,82;93,08;93,23;93,43;93,52
2023-02-12;;99,41;102,91;110,12;118,39;123,04;127,80;135,11;140,11;146,91;150,36;;105,96;109,00;117,66;125,99;131,40;137,02;146,27;152,99;159,29;162,76;;99,66;102,76;110,05;118,24;123,08;127,22;134,04;138,96;145,09;149,37;;91,58;91,76;92,11;92,50;92,65;92,82;93,08;93,23;93,43;93,52
2023-02-13;;99,59;103,11;110,38;118,73;123,43;128,23;135,62;140,67;147,55;151,04;;106,15;109,19;117,84;126,22;131,67;137,35;146,65;153,39;159,75;163,25;;99,80;102,88;110,21;118,45;123,30;127,49;134,33;139,31;145,47;149,74;;91,74;91,92;92,31;92,73;92,90;93,09;93,37;93,54;93,76;93,87
2023-02-14;;99,35;102,89;110,19;118,57;123,29;128,12;135,55;140,63;147,55;151,07;;105,88;108,93;117,63;126,06;131,52;137,23;146,58;153,36;159,76;163,29;;99,57;102,67;110,03;118,30;123,19;127,40;134,29;139,30;145,50;149,81;;91,58;91,77;92,20;92,66;92,84;93,06;93,38;93,57;93,81;93,93
2023-02-15;;99,25;102,81;110,19;118,66;123,44;128,33;135,87;141,02;148,04;151,62;;105,72;108,77;117,51;126,01;131,52;137,31;146,74;153,56;160,05;163,62;;99,38;102,49;109,86;118,22;123,15;127,41;134,35;139,41;145,68;150,01;;91,47;91,67;92,17;92,71;92,92;93,18;93,56;93,78;94,07;94,22
2023-02-16;;98,91;102,43;109,71;118,08;122,79;127,61;135,03;140,10;147,01;150,53;;105,38;108,44;117,16;125,61;131,07;136,81;146,17;152,95;159,41;163,00;;99,10;102,20;109,55;117,83;122,72;126,96;133,85;138,87;145,12;149,44;;91,13;91,34;91,79;92,28;92,47;92,70;93,03;93,24;93,51;93,64
2023-02-17;;98,95;102,46;109,70;118,01;122,69;127,48;134,85;139,88;146,73;150,22;;105,50;108,52;117,19;125,57;131,00;136,70;146,00;152,72;159,09;162,64;;99,18;102,26;109,55;117,78;122,63;126,84;133,65;138,62;144,81;149,08;;91,22;91,39;91,80;92,23;92,40;92,61;92,90;93,08;93,30;93,41
2023-02-18;;98,95;102,46;109,70;118,01;122,69;127,48;134,85;139,88;146,73;150,22;;105,50;108,52;117,19;125,57;131,00;136,70;145,99;152,72;159,09;162,64;;99,18;102,26;109,55;117,77;122,63;126,83;133,65;138,62;144,80;149,08;;91,22;91,39;91,80;92,23;92,40;92,61;92,90;93,08;93,30;93,41
2023-02-19;;98,95;102,46;109,70;118,01;122,69;127,48;134,84;139,88;146,73;150,22;;105,50;108,52;117,19;125,57;131,00;136,70;145,99;152,72;159,09;162,64;;99,18;102,26;109,55;117,77;122,63;126,83;133,65;138,61;144,80;149,07;;91,21;91,39;91,80;92,23;92,40;92,61;92,90;93,07;93,30;93,41
2023-02-20;;98,94;102,44;109,67;117,96;122,64;127,41;134,76;139,78;146,62;150,09;;105,46;108,49;117,17;125,55;130,98;136,67;145,96;152,68;159,05;162,61;;99,16;102,24;109,54;117,76;122,61;126,81;133,63;138,60;144,79;149,06;;91,18;91,37;91,77;92,20;92,37;92,57;92,86;93,04;93,26;93,37
2023-02-21;;98,15;101,58;108,66;116,77;121,34;126,00;133,17;138,06;144,72;148,10;;104,61;107,60;116,14;124,37;129,69;135,27;144,39;150,98;157,21;160,75;;98,40;101,44;108,62;116,68;121,43;125,55;132,22;137,09;143,15;147,36;;90,43;90,59;90,89;91,23;91,36;91,51;91,72;91,85;92,01;92,08
2023-02-22;;98,29;101,72;108,82;116,94;121,52;126,19;133,37;138,27;144,94;148,33;;104,76;107,72;116,25;124,45;129,76;135,34;144,44;151,02;157,22;160,73;;98,50;101,53;108,70;116,75;121,50;125,61;132,26;137,12;143,16;147,35;;90,61;90,75;91,06;91,39;91,52;91,67;91,88;92,01;92,16;92,24
2023-02-23;;98,56;102,03;109,17;117,37;121,99;126,70;133,95;138,90;145,64;149,07;;105,14;108,13;116,70;124,98;130,34;135,97;145,14;151,77;158,06;161,57;;98,86;101,90;109,11;117,23;122,01;126,16;132,86;137,76;143,86;148,08;;90,85;91,01;91,36;91,73;91,88;92,05;92,29;92,43;92,62;92,71
2023-02-24;;98,15;101,59;108,69;116,83;121,41;126,09;133,29;138,21;144,89;148,29;;104,62;107,57;116,11;124,30;129,61;135,20;144,30;150,87;157,08;160,55;;98,39;101,41;108,57;116,63;121,38;125,49;132,15;136,99;143,02;147,21;;90,43;90,58;90,90;91,24;91,37;91,53;91,74;91,87;92,04;92,12
2023-02-25;;98,14;101,59;108,69;116,83;121,41;126,09;133,29;138,21;144,89;148,29;;104,62;107,57;116,11;124,30;129,61;135,19;144,29;150,87;157,08;160,55;;98,39;101,41;108,57;116,63;121,38;125,49;132,15;136,99;143,02;147,20;;90,43;90,58;90,90;91,24;91,37;91,53;91,74;91,87;92,04;92,11
2023-02-26;;98,14;101,58;108,69;116,83;121,41;126,09;133,29;138,20;144,89;148,29;;104,62;107,57;116,10;124,30;129,61;135,19;144,29;150,87;157,07;160,54;;98,39;101,41;108,57;116,62;121,38;125,49;132,15;136,99;143,02;147,20;;90,43;90,58;90,90;91,24;91,37;91,53;91,74;91,87;92,04;92,11
2023-02-27;;98,15;101,59;108,68;116,81;121,39;126,06;133,25;138,15;144,83;148,22;;104,60;107,53;116,08;124,27;129,57;135,17;144,27;150,83;157,03;160,55;;98,36;101,39;108,53;116,57;121,33;125,45;132,08;136,92;142,95;147,13;;90,43;90,55;90,87;91,18;91,31;91,46;91,66;91,78;91,92;92,00
2023-02-28;;98,09;101,51;108,57;116,65;121,21;125,85;133,00;137,87;144,50;147,87;;104,41;107,32;115,86;124,01;129,29;134,87;143,93;150,47;156,62;160,14;;98,18;101,20;108,33;116,34;121,09;125,18;131,79;136,62;142,61;146,78;;90,47;90,58;90,87;91,16;91,27;91,41;91,58;91,69;91,82;91,88
2023-03-01;;97,62;101,01;107,98;115,97;120,46;125,05;132,09;136,90;143,43;146,75;;103,87;106,81;115,29;123,40;128,65;134,17;143,17;149,67;155,81;159,29;;97,74;100,73;107,83;115,77;120,47;124,55;131,12;135,91;141,86;146,03;;90,03;90,17;90,40;90,67;90,77;90,87;91,02;91,11;91,23;91,27
2023-03-02;;97,56;101,00;108,12;116,29;120,89;125,59;132,82;137,76;144,49;147,91;;103,91;106,89;115,45;123,72;129,05;134,68;143,84;150,45;156,75;160,29;;97,72;100,75;107,94;116,03;120,81;124,97;131,68;136,57;142,68;146,91;;89,97;90,14;90,48;90,86;91,00;91,17;91,41;91,56;91,75;91,84
2023-03-03;;98,13;101,65;108,93;117,29;122,01;126,83;134,26;139,34;146,27;149,79;;104,52;107,55;116,29;124,75;130,18;135,94;145,32;152,09;158,57;162,21;;98,27;101,37;108,69;116,97;121,87;126,13;133,02;138,03;144,30;148,64;;90,53;90,72;91,17;91,65;91,84;92,07;92,40;92,60;92,86;92,98
2023-03-04;;98,13;101,65;108,93;117,29;122,01;126,83;134,26;139,34;146,27;149,79;;104,52;107,55;116,29;124,74;130,18;135,94;145,32;152,09;158,56;162,20;;98,26;101,37;108,69;116,97;121,86;126,13;133,01;138,03;144,30;148,64;;90,52;90,72;91,16;91,65;91,84;92,07;92,39;92,60;92,86;92,98
2023-03-05;;98,13;101,65;108,92;117,29;122,00;126,83;134,26;139,34;146,26;149,79;;104,52;107,55;116,28;124,74;130,18;135,94;145,32;152,09;158,56;162,20;;98,26;101,36;108,69;116,97;121,86;126,13;133,01;138,03;144,29;148,64;;90,52;90,72;91,16;91,65;91,84;92,07;92,39;92,60;92,85;92,98
2023-03-06;;98,03;101,52;108,74;117,02;121,69;126,47;133,82;138,84;145,68;149,16;;104,37;107,39;116,07;124,46;129,87;135,57;144,87;151,60;158,00;161,63;;98,16;101,26;108,53;116,74;121,60;125,82;132,64;137,61;143,81;148,13;;90,39;90,57;90,97;91,40;91,57;91,78;92,06;92,24;92,47;92,58
2023-03-07;;97,93;101,39;108,54;116,74;121,36;126,08;133,34;138,30;145,05;148,48;;104,19;107,20;115,85;124,18;129,55;135,19;144,42;151,12;157,45;161,04;;98,00;101,10;108,32;116,47;121,30;125,47;132,25;137,18;143,32;147,61;;90,30;90,48;90,83;91,23;91,39;91,56;91,81;91,97;92,18;92,27
2023-03-08;;98,03;101,51;108,70;116,94;121,59;126,34;133,65;138,64;145,44;148,90;;104,34;107,34;116,03;124,38;129,77;135,42;144,69;151,40;157,74;161,33;;98,12;101,23;108,45;116,64;121,49;125,66;132,46;137,40;143,57;147,86;;90,40;90,58;90,95;91,36;91,53;91,72;91,98;92,15;92,36;92,46
2023-03-09;;97,97;101,37;108,38;116,41;120,92;125,53;132,61;137,44;144,01;147,34;;104,22;107,14;115,73;123,88;129,14;134,65;143,70;150,28;156,38;159,95;;98,02;101,11;108,19;116,18;120,92;124,98;131,59;136,39;142,39;146,61;;90,31;90,43;90,66;90,90;90,99;91,09;91,23;91,31;91,41;91,45
2023-03-10;;98,49;101,74;108,41;116,01;120,27;124,60;131,23;135,73;141,82;144,91;;104,83;107,60;115,85;123,52;128,56;133,77;142,33;148,56;154,17;157,53;;98,61;101,56;108,29;115,86;120,35;124,14;130,29;134,79;140,35;144,34;;90,80;90,76;90,66;90,51;90,44;90,35;90,18;90,07;89,91;89,81
2023-03-11;;98,49;101,74;108,41;116,01;120,27;124,60;131,22;135,72;141,82;144,91;;104,82;107,60;115,85;123,52;128,55;133,77;142,33;148,56;154,17;157,53;;98,61;101,56;108,29;115,86;120,35;124,14;130,29;134,79;140,35;144,33;;90,80;90,76;90,66;90,51;90,44;90,35;90,18;90,07;89,91;89,81
2023-03-12;;98,49;101,74;108,41;116,01;120,27;124,60;131,22;135,72;141,82;144,90;;104,82;107,59;115,84;123,52;128,55;133,77;142,33;148,56;154,17;157,53;;98,60;101,56;108,29;115,86;120,35;124,14;130,29;134,79;140,35;144,33;;90,80;90,76;90,66;90,51;90,44;90,34;90,18;90,07;89,91;89,81
2023-03-13;;99,10;102,27;108,79;116,18;120,32;124,51;130,92;135,27;141,14;144,11;;105,48;108,20;116,22;123,64;128,57;133,60;141,89;147,95;153,30;156,45;;99,24;102,12;108,67;116,04;120,39;124,01;129,95;134,28;139,61;143,46;;91,28;91,18;90,93;90,63;90,49;90,31;90,01;89,82;89,56;89,40
2023-03-14;;98,78;102,04;108,74;116,37;120,64;124,98;131,63;136,15;142,27;145,37;;104,99;107,73;115,80;123,41;128,46;133,67;142,17;148,34;153,91;157,15;;98,69;101,58;108,26;115,81;120,26;124,02;130,10;134,60;140,09;143,98;;90,99;90,90;90,82;90,66;90,58;90,49;90,32;90,20;90,02;89,92
2023-03-15;;99,62;102,88;109,58;117,20;121,47;125,81;132,45;136,95;143,05;146,13;;106,13;108,88;116,96;124,52;129,57;134,69;143,13;149,34;154,81;157,90;;99,74;102,65;109,30;116,85;121,30;124,97;131,06;135,49;140,95;144,83;;91,80;91,74;91,65;91,51;91,44;91,35;91,18;91,07;90,91;90,81
2023-03-16;;99,38;102,69;109,50;117,26;121,61;126,04;132,82;137,42;143,67;146,83;;105,80;108,55;116,66;124,33;129,44;134,68;143,23;149,50;155,09;158,24;;99,39;102,31;109,01;116,66;121,17;124,92;131,07;135,60;141,14;145,05;;91,55;91,49;91,51;91,47;91,43;91,41;91,31;91,25;91,13;91,08
2023-03-17;;99,78;103,02;109,66;117,22;121,44;125,73;132,30;136,75;142,77;145,81;;106,22;108,95;116,95;124,43;129,44;134,51;142,87;149,02;154,40;157,46;;99,82;102,72;109,29;116,77;121,17;124,79;130,78;135,18;140,56;144,40;;91,91;91,82;91,70;91,51;91,42;91,30;91,09;90,96;90,75;90,64
2023-03-18;;99,78;103,02;109,66;117,21;121,44;125,73;132,29;136,74;142,76;145,81;;106,22;108,95;116,95;124,43;129,44;134,51;142,87;149,02;154,40;157,46;;99,82;102,72;109,29;116,77;121,17;124,79;130,78;135,18;140,55;144,39;;91,91;91,82;91,70;91,51;91,41;91,30;91,09;90,96;90,75;90,64
2023-03-19;;99,78;103,01;109,66;117,21;121,44;125,73;132,29;136,74;142,76;145,81;;106,22;108,95;116,94;124,42;129,44;134,51;142,86;149,02;154,40;157,46;;99,82;102,72;109,29;116,77;121,16;124,79;130,78;135,18;140,55;144,39;;91,91;91,82;91,70;91,51;91,41;91,30;91,09;90,96;90,75;90,64
2023-03-20;;99,62;102,87;109,54;117,13;121,37;125,69;132,29;136,76;142,82;145,88;;106,11;108,80;116,78;124,26;129,28;134,39;142,75;148,89;154,29;157,37;;99,67;102,56;109,10;116,59;120,98;124,63;130,59;135,00;140,39;144,20;;91,76;91,64;91,52;91,31;91,21;91,10;90,88;90,74;90,52;90,41
2023-03-21;;99,40;102,70;109,49;117,23;121,56;125,97;132,73;137,31;143,53;146,68;;105,83;108,58;116,65;124,30;129,40;134,64;143,19;149,43;155,01;158,19;;99,42;102,32;108,99;116,61;121,09;124,85;130,96;135,49;141,01;144,90;;91,61;91,54;91,52;91,43;91,38;91,33;91,21;91,12;90,98;90,91
2023-03-22;;99,52;102,76;109,39;116,93;121,14;125,43;131,98;136,42;142,43;145,47;;105,79;108,54;116,54;124,08;129,11;134,24;142,65;148,81;154,26;157,47;;99,45;102,34;108,94;116,42;120,82;124,51;130,51;134,97;140,37;144,26;;91,71;91,62;91,47;91,25;91,14;91,01;90,79;90,64;90,42;90,30
2023-03-23;;99,79;102,99;109,54;116,98;121,14;125,37;131,81;136,18;142,08;145,07;;106,24;108,99;116,90;124,33;129,31;134,36;142,65;148,73;154,09;157,24;;99,92;102,77;109,29;116,67;120,99;124,62;130,51;134,89;140,20;144,04;;91,95;91,84;91,63;91,34;91,21;91,04;90,77;90,59;90,33;90,19
2023-03-24;;100,08;103,33;110,00;117,57;121,81;126,12;132,70;137,16;143,20;146,25;;106,60;109,37;117,38;124,91;129,96;135,07;143,48;149,67;155,11;158,22;;100,21;103,12;109,69;117,20;121,61;125,27;131,27;135,71;141,11;144,99;;92,24;92,16;92,03;91,83;91,74;91,62;91,41;91,28;91,07;90,96
2023-03-25;;100,08;103,33;109,99;117,57;121,81;126,11;132,70;137,16;143,19;146,25;;106,60;109,37;117,38;124,91;129,96;135,07;143,47;149,66;155,11;158,22;;100,21;103,12;109,69;117,20;121,61;125,26;131,27;135,71;141,11;144,99;;92,24;92,16;92,03;91,83;91,74;91,62;91,41;91,27;91,07;90,96
2023-03-26;;100,08;103,33;109,99;117,57;121,81;126,11;132,69;137,16;143,19;146,24;;106,60;109,37;117,37;124,91;129,96;135,06;143,47;149,66;155,10;158,21;;100,21;103,12;109,69;117,20;121,60;125,26;131,27;135,71;141,11;144,99;;92,24;92,16;92,03;91,83;91,74;91,62;91,41;91,27;91,07;90,96
2023-03-27;;99,56;102,83;109,56;117,21;121,50;125,85;132,52;137,04;143,17;146,27;;106,06;108,83;116,89;124,51;129,58;134,76;143,25;149,47;155,00;158,19;;99,69;102,62;109,24;116,82;121,27;124,99;131,05;135,54;141,03;144,93;;91,70;91,63;91,57;91,44;91,37;91,29;91,13;91,03;90,86;90,78
2023-03-28;;99,31;102,56;109,25;116,86;121,12;125,45;132,07;136,57;142,65;145,73;;105,71;108,48;116,54;124,15;129,20;134,36;142,83;149,04;154,56;157,77;;99,39;102,31;108,94;116,49;120,92;124,64;130,71;135,19;140,66;144,57;;91,51;91,44;91,34;91,18;91,09;90,99;90,81;90,69;90,50;90,40
2023-03-29;;99,52;102,85;109,70;117,50;121,88;126,33;133,16;137,79;144,08;147,26;;105,90;108,74;116,93;124,74;129,91;135,20;143,88;150,24;155,97;159,27;;99,54;102,51;109,28;117,01;121,56;125,39;131,62;136,24;141,89;145,90;;91,71;91,69;91,70;91,67;91,64;91,61;91,52;91,47;91,37;91,31
2023-03-30;;99,49;102,83;109,68;117,50;121,88;126,34;133,18;137,82;144,12;147,31;;105,82;108,66;116,87;124,70;129,87;135,19;143,90;150,26;156,01;159,37;;99,48;102,45;109,25;116,99;121,54;125,40;131,64;136,29;141,94;145,97;;91,69;91,66;91,68;91,65;91,63;91,60;91,52;91,46;91,36;91,31
2023-03-31;;100,00;103,42;110,46;118,50;123,02;127,63;134,69;139,50;146,03;149,34;;106,45;109,35;117,72;125,74;131,03;136,48;145,40;151,92;157,84;161,27;;100,04;103,07;110,01;117,94;122,61;126,57;132,99;137,76;143,58;147,70;;92,23;92,23;92,38;92,47;92,50;92,55;92,57;92,58;92,55;92,55
2023-04-01;;100,00;103,41;110,45;118,50;123,02;127,62;134,69;139,50;146,03;149,34;;106,45;109,35;117,72;125,74;131,03;136,48;145,40;151,92;157,84;161,26;;100,03;103,07;110,01;117,94;122,61;126,56;132,99;137,76;143,58;147,70;;92,22;92,23;92,38;92,47;92,50;92,54;92,57;92,57;92,55;92,55
2023-04-02;;99,99;103,41;110,45;118,50;123,02;127,62;134,69;139,50;146,03;149,34;;106,45;109,34;117,72;125,74;131,03;136,48;145,39;151,92;157,84;161,26;;100,03;103,07;110,01;117,94;122,61;126,56;132,99;137,76;143,58;147,70;;92,22;92,23;92,38;92,47;92,50;92,54;92,57;92,57;92,55;92,55
2023-04-03;;100,32;103,74;110,79;118,85;123,37;127,98;135,05;139,86;146,39;149,71;;106,86;109,74;118,13;126,14;131,41;136,85;145,76;152,28;158,16;161,58;;100,42;103,47;110,42;118,34;123,01;126,95;133,38;138,13;143,94;148,06;;92,44;92,42;92,54;92,59;92,60;92,63;92,62;92,61;92,56;92,54
2023-04-04;;100,32;103,69;110,60;118,48;122,90;127,40;134,30;138,98;145,33;148,55;;106,81;109,63;117,92;125,76;130,95;136,29;145,03;151,43;157,14;160,53;;100,40;103,41;110,24;118,01;122,59;126,44;132,72;137,37;143,02;147,08;;92,46;92,40;92,41;92,34;92,30;92,26;92,16;92,09;91,95;91,90
2023-04-05;;100,56;103,92;110,83;118,71;123,13;127,62;134,50;139,18;145,52;148,73;;107,17;110,00;118,23;126,06;131,26;136,57;145,29;151,68;157,37;160,73;;100,72;103,73;110,54;118,29;122,85;126,69;132,94;137,59;143,22;147,25;;92,62;92,56;92,54;92,45;92,40;92,34;92,23;92,13;91,99;91,92
2023-04-06;;100,59;103,96;110,88;118,78;123,21;127,71;134,61;139,30;145,66;148,88;;107,22;110,05;118,23;126,05;131,26;136,60;145,31;151,69;157,39;160,75;;100,75;103,73;110,53;118,29;122,84;126,69;132,92;137,59;143,20;147,22;;92,67;92,60;92,60;92,51;92,46;92,41;92,30;92,21;92,07;92,01
2023-04-07;;100,59;103,96;110,88;118,78;123,20;127,71;134,61;139,30;145,66;148,88;;107,21;110,05;118,22;126,05;131,26;136,60;145,31;151,69;157,39;160,75;;100,75;103,73;110,53;118,29;122,84;126,69;132,92;137,59;143,20;147,22;;92,67;92,60;92,60;92,51;92,46;92,41;92,30;92,21;92,07;92,01
2023-04-08;;100,59;103,96;110,88;118,78;123,20;127,71;134,61;139,30;145,66;148,88;;107,21;110,04;118,22;126,05;131,26;136,60;145,31;151,69;157,39;160,74;;100,75;103,73;110,53;118,28;122,84;126,69;132,92;137,58;143,20;147,21;;92,67;92,60;92,60;92,51;92,46;92,41;92,30;92,21;92,07;92,00
2023-04-09;;100,59;103,95;110,88;118,78;123,20;127,71;134,61;139,30;145,66;148,88;;107,21;110,04;118,22;126,05;131,25;136,59;145,31;151,69;157,39;160,74;;100,75;103,72;110,53;118,28;122,84;126,68;132,91;137,58;143,20;147,21;;92,67;92,60;92,59;92,51;92,46;92,41;92,30;92,21;92,07;92,00
2023-04-10;;100,38;103,79;110,82;118,84;123,34;127,92;134,95;139,74;146,23;149,52;;107,06;109,95;118,21;126,18;131,46;136,89;145,74;152,21;158,09;161,46;;100,61;103,61;110,51;118,40;123,02;126,95;133,31;138,06;143,81;147,88;;92,76;92,73;92,79;92,78;92,77;92,76;92,71;92,66;92,57;92,53
2023-04-11;;100,16;103,56;110,56;118,55;123,04;127,61;134,61;139,38;145,84;149,12;;106,62;109,53;117,83;125,82;131,09;136,53;145,41;151,89;157,78;161,22;;100,23;103,24;110,17;118,05;122,69;126,63;133,02;137,78;143,55;147,65;;92,27;92,27;92,35;92,38;92,38;92,38;92,36;92,33;92,26;92,23
2023-04-12;;100,05;103,42;110,33;118,23;122,66;127,16;134,07;138,76;145,13;148,35;;106,41;109,27;117,54;125,44;130,65;136,03;144,82;151,24;157,02;160,48;;100,04;103,04;109,92;117,71;122,30;126,20;132,51;137,22;142,90;146,98;;92,19;92,15;92,16;92,11;92,07;92,03;91,95;91,87;91,76;91,70
2023-04-13;;100,05;103,45;110,45;118,43;122,92;127,49;134,49;139,25;145,72;149,00;;106,39;109,28;117,60;125,57;130,85;136,30;145,17;151,67;157,52;161,04;;100,04;103,06;109,99;117,85;122,49;126,43;132,81;137,57;143,33;147,43;;92,15;92,15;92,21;92,21;92,23;92,24;92,21;92,19;92,12;92,12
2023-04-14;;99,76;103,20;110,24;118,27;122,82;127,45;134,52;139,36;145,91;149,27;;106,09;109,06;117,40;125,43;130,77;136,30;145,26;151,85;157,82;161,47;;99,78;102,85;109,81;117,73;122,43;126,45;132,90;137,74;143,59;147,80;;91,89;91,95;92,06;92,11;92,18;92,25;92,27;92,30;92,29;92,34
2023-04-15;;99,75;103,20;110,23;118,27;122,81;127,45;134,52;139,36;145,91;149,27;;106,09;109,06;117,40;125,43;130,77;136,30;145,26;151,85;157,82;161,46;;99,77;102,85;109,81;117,73;122,43;126,44;132,90;137,74;143,59;147,80;;91,89;91,94;92,06;92,11;92,18;92,25;92,26;92,30;92,29;92,33
2023-04-16;;99,75;103,20;110,23;118,27;122,81;127,45;134,52;139,36;145,91;149,27;;106,09;109,06;117,40;125,43;130,77;136,30;145,26;151,85;157,81;161,46;;99,77;102,85;109,81;117,73;122,42;126,44;132,89;137,74;143,58;147,80;;91,89;91,94;92,06;92,11;92,18;92,25;92,26;92,30;92,29;92,33
2023-04-17;;99,50;103,05;110,20;118,37;123,06;127,84;135,09;140,11;146,86;150,41;;105,84;108,91;117,37;125,53;131,03;136,71;145,86;152,64;158,78;162,59;;99,55;102,71;109,80;117,83;122,67;126,84;133,46;138,46;144,47;148,84;;91,67;91,84;92,07;92,23;92,41;92,59;92,72;92,86;92,96;93,12
2023-04-18;;99,58;103,11;110,24;118,39;123,06;127,82;135,04;140,03;146,75;150,27;;105,99;109,02;117,48;125,62;131,08;136,73;145,83;152,57;158,68;162,49;;99,66;102,82;109,87;117,89;122,71;126,83;133,41;138,38;144,37;148,71;;91,74;91,88;92,08;92,21;92,37;92,52;92,62;92,74;92,81;92,94
2023-04-19;;99,41;102,95;110,09;118,24;122,91;127,68;134,91;139,91;146,63;150,17;;105,76;108,78;117,23;125,37;130,81;136,46;145,54;152,28;158,37;162,14;;99,43;102,59;109,64;117,65;122,46;126,59;133,16;138,13;144,10;148,42;;91,60;91,72;91,92;92,05;92,21;92,36;92,46;92,57;92,65;92,78
2023-04-20;;99,62;103,09;110,15;118,22;122,79;127,46;134,57;139,45;146,05;149,45;;105,98;108,94;117,34;125,40;130,76;136,32;145,29;151,91;157,91;161,59;;99,63;102,74;109,73;117,67;122,41;126,44;132,92;137,79;143,68;147,93;;91,79;91,85;91,98;92,05;92,13;92,21;92,25;92,29;92,30;92,36
2023-04-21;;99,52;103,01;110,08;118,16;122,75;127,44;134,57;139,48;146,09;149,53;;105,81;108,78;117,17;125,25;130,60;136,18;145,15;151,80;157,80;161,49;;99,46;102,59;109,57;117,52;122,25;126,31;132,79;137,69;143,57;147,81;;91,71;91,76;91,90;91,98;92,07;92,16;92,20;92,26;92,27;92,35
2023-04-22;;99,52;103,01;110,08;118,16;122,75;127,44;134,57;139,47;146,09;149,52;;105,81;108,78;117,16;125,25;130,60;136,17;145,15;151,80;157,80;161,49;;99,46;102,58;109,57;117,51;122,25;126,31;132,79;137,68;143,57;147,81;;91,71;91,76;91,90;91,97;92,07;92,16;92,20;92,26;92,27;92,34
2023-04-23;;99,52;103,00;110,08;118,16;122,75;127,44;134,57;139,47;146,09;149,52;;105,81;108,77;117,16;125,25;130,60;136,17;145,15;151,80;157,80;161,48;;99,46;102,58;109,57;117,51;122,25;126,31;132,79;137,68;143,57;147,81;;91,71;91,76;91,90;91,97;92,07;92,16;92,20;92,26;92,27;92,34
2023-04-24;;99,68;103,11;110,14;118,16;122,70;127,32;134,38;139,20;145,73;149,08;;105,98;108,90;117,23;125,26;130,54;136,04;144,93;151,49;157,40;160,99;;99,60;102,69;109,62;117,51;122,18;126,17;132,57;137,39;143,20;147,36;;91,84;91,82;91,90;91,92;91,96;91,99;91,97;91,97;91,93;91,94
2023-04-25;;100,12;103,45;110,35;118,24;122,62;127,08;133,95;138,59;144,90;148,04;;106,55;109,35;117,61;125,51;130,64;135,99;144,67;151,04;156,77;160,21;;100,12;103,13;109,94;117,72;122,27;126,09;132,31;136,96;142,60;146,60;;92,24;92,10;92,06;91,95;91,86;91,77;91,63;91,50;91,33;91,22
2023-04-26;;99,88;103,13;109,94;117,71;121,99;126,33;133,07;137,58;143,75;146,77;;106,29;109,02;117,16;124,94;129,97;135,21;143,76;149,99;155,59;158,94;;99,90;102,84;109,55;117,22;121,67;125,39;131,50;136,03;141,54;145,44;;92,01;91,84;91,75;91,59;91,46;91,32;91,13;90,96;90,75;90,59
2023-04-27;;99,68;103,10;110,10;118,10;122,61;127,21;134,23;139,03;145,52;148,84;;105,98;108,85;117,15;125,15;130,40;135,87;144,70;151,21;157,04;160,55;;99,60;102,68;109,56;117,41;122,06;126,01;132,36;137,13;142,86;146,91;;91,82;91,79;91,87;91,88;91,91;91,94;91,92;91,91;91,86;91,86
2023-04-28;;100,24;103,67;110,70;118,74;123,26;127,86;134,91;139,72;146,23;149,55;;106,69;109,56;117,87;125,89;131,14;136,61;145,48;151,99;157,81;161,29;;100,25;103,31;110,22;118,09;122,72;126,68;133,04;137,81;143,54;147,57;;92,34;92,31;92,38;92,39;92,41;92,43;92,40;92,38;92,32;92,32
2023-04-29;;100,24;103,67;110,70;118,74;123,26;127,86;134,91;139,72;146,23;149,55;;106,69;109,56;117,87;125,89;131,13;136,61;145,47;151,98;157,81;161,29;;100,25;103,31;110,21;118,09;122,72;126,68;133,04;137,80;143,54;147,57;;92,34;92,31;92,38;92,38;92,41;92,43;92,40;92,38;92,32;92,32
2023-04-30;;100,24;103,67;110,70;118,73;123,25;127,86;134,91;139,72;146,23;149,55;;106,69;109,56;117,87;125,89;131,13;136,61;145,47;151,98;157,81;161,29;;100,25;103,31;110,21;118,09;122,72;126,68;133,04;137,80;143,54;147,57;;92,34;92,31;92,38;92,38;92,41;92,43;92,40;92,38;92,32;92,32
2023-05-01;;99,83;103,33;110,44;118,56;123,17;127,89;135,06;139,99;146,64;150,09;;106,34;109,26;117,64;125,74;131,09;136,66;145,65;152,28;158,22;161,89;;99,93;103,05;110,03;117,99;122,71;126,76;133,25;138,10;143,95;148,12;;92,38;92,38;92,49;92,54;92,60;92,66;92,66;92,69;92,66;92,70
2023-05-02;;100,24;103,61;110,57;118,53;122,97;127,48;134,43;139,14;145,54;148,75;;106,74;109,54;117,82;125,76;130,95;136,34;145,10;151,50;157,22;160,65;;100,30;103,31;110,16;117,97;122,56;126,42;132,69;137,36;143,01;146,97;;92,30;92,24;92,28;92,26;92,25;92,24;92,18;92,13;92,04;92,00
2023-05-03;;100,37;103,64;110,49;118,32;122,62;127,00;133,78;138,32;144,54;147,57;;106,82;109,55;117,77;125,61;130,68;135,94;144,54;150,82;156,43;159,77;;100,38;103,34;110,08;117,80;122,29;126,03;132,15;136,71;142,25;146,13;;92,42;92,28;92,23;92,11;92,01;91,91;91,76;91,63;91,45;91,32
2023-05-04;;100,36;103,62;110,46;118,27;122,56;126,92;133,69;138,21;144,40;147,41;;106,87;109,60;117,84;125,67;130,76;136,03;144,64;150,92;156,55;159,97;;100,44;103,40;110,13;117,86;122,37;126,09;132,21;136,76;142,33;146,25;;92,37;92,26;92,22;92,11;92,03;91,94;91,79;91,67;91,49;91,38
2023-05-05;;100,20;103,62;110,64;118,66;123,17;127,76;134,79;139,57;146,06;149,35;;106,68;109,55;117,92;125,94;131,22;136,70;145,57;152,10;157,96;161,55;;100,25;103,33;110,24;118,13;122,79;126,74;133,10;137,87;143,65;147,75;;92,22;92,23;92,33;92,36;92,42;92,47;92,47;92,48;92,45;92,47
2023-05-06;;100,20;103,62;110,64;118,66;123,16;127,75;134,78;139,57;146,06;149,35;;106,68;109,55;117,92;125,94;131,22;136,70;145,57;152,09;157,96;161,55;;100,25;103,33;110,23;118,13;122,79;126,74;133,10;137,87;143,64;147,75;;92,21;92,22;92,33;92,36;92,42;92,47;92,46;92,48;92,45;92,47
2023-05-07;;100,20;103,62;110,64;118,66;123,16;127,75;134,78;139,57;146,06;149,35;;106,68;109,55;117,92;125,94;131,22;136,70;145,57;152,09;157,95;161,55;;100,25;103,33;110,23;118,13;122,79;126,74;133,10;137,87;143,64;147,74;;92,21;92,22;92,33;92,36;92,41;92,47;92,46;92,48;92,44;92,47
2023-05-08;;99,92;103,37;110,42;118,47;123,02;127,66;134,74;139,58;146,13;149,48;;106,37;109,30;117,67;125,71;131,04;136,57;145,51;152,09;158,04;161,74;;99,98;103,09;110,04;117,96;122,67;126,66;133,10;137,92;143,77;147,98;;92,08;92,14;92,27;92,34;92,42;92,50;92,53;92,58;92,58;92,63
2023-05-09;;99,82;103,29;110,36;118,43;123,01;127,67;134,78;139,65;146,23;149,62;;106,27;109,19;117,64;125,71;131,07;136,63;145,58;152,21;158,19;161,94;;99,89;103,03;109,99;117,94;122,69;126,70;133,14;138,00;143,87;148,11;;91,86;91,93;92,09;92,18;92,29;92,40;92,45;92,52;92,55;92,63
2023-05-10;;100,20;103,66;110,73;118,79;123,35;127,99;135,08;139,93;146,48;149,84;;106,68;109,55;117,99;126,04;131,36;136,89;145,79;152,36;158,27;161,90;;100,25;103,36;110,30;118,23;122,95;126,92;133,32;138,13;143,94;148,08;;92,23;92,27;92,40;92,48;92,57;92,65;92,69;92,74;92,74;92,80
2023-05-11;;100,51;103,97;111,05;119,14;123,70;128,34;135,44;140,29;146,86;150,21;;107,00;109,87;118,32;126,39;131,71;137,25;146,17;152,75;158,65;162,28;;100,55;103,67;110,61;118,55;123,28;127,25;133,65;138,46;144,27;148,39;;92,52;92,56;92,70;92,77;92,87;92,96;92,99;93,04;93,04;93,11
2023-05-12;;100,25;103,77;110,90;119,04;123,67;128,39;135,58;140,51;147,17;150,62;;106,70;109,63;118,14;126,28;131,68;137,30;146,30;152,98;158,99;162,73;;100,28;103,46;110,44;118,44;123,24;127,28;133,76;138,66;144,56;148,76;;92,27;92,36;92,55;92,67;92,81;92,94;93,03;93,13;93,18;93,29
2023-05-13;;100,25;103,77;110,90;119,04;123,67;128,39;135,57;140,51;147,17;150,62;;106,70;109,63;118,13;126,28;131,67;137,30;146,30;152,98;158,98;162,73;;100,28;103,46;110,43;118,44;123,24;127,28;133,75;138,66;144,56;148,76;;92,27;92,36;92,55;92,67;92,81;92,94;93,03;93,13;93,18;93,29
2023-05-14;;100,25;103,77;110,90;119,04;123,67;128,39;135,57;140,51;147,17;150,62;;106,70;109,63;118,13;126,28;131,67;137,30;146,30;152,98;158,98;162,73;;100,27;103,46;110,43;118,44;123,24;127,28;133,75;138,65;144,56;148,76;;92,27;92,36;92,55;92,67;92,81;92,94;93,02;93,12;93,18;93,29
2023-05-15;;100,07;103,64;110,81;119,01;123,71;128,49;135,76;140,77;147,52;151,06;;106,53;109,50;118,07;126,27;131,74;137,43;146,52;153,29;159,39;163,24;;100,10;103,32;110,37;118,43;123,30;127,41;133,97;138,95;144,95;149,26;;92,08;92,22;92,47;92,64;92,84;93,03;93,17;93,32;93,43;93,60
2023-05-16;;99,83;103,34;110,46;118,59;123,22;127,95;135,13;140,07;146,74;150,20;;106,21;109,17;117,69;125,84;131,28;136,93;145,97;152,69;158,76;162,60;;99,81;103,02;110,00;118,01;122,85;126,92;133,41;138,35;144,32;148,60;;91,86;92,00;92,22;92,38;92,55;92,73;92,85;92,98;93,07;93,22
2023-05-17;;99,85;103,48;110,73;119,00;123,78;128,66;136,03;141,15;148,03;151,68;;106,27;109,29;117,93;126,22;131,78;137,57;146,76;153,64;159,83;163,73;;99,86;103,13;110,20;118,33;123,28;127,49;134,11;139,18;145,25;149,57;;91,85;92,06;92,38;92,63;92,90;93,17;93,39;93,62;93,81;94,06
2023-05-18;;99,49;103,26;110,66;119,12;124,09;129,18;136,78;142,15;149,30;153,21;;105,75;108,90;117,70;126,16;131,92;137,93;147,36;154,50;160,92;165,04;;99,38;102,80;110,00;118,29;123,43;127,83;134,67;139,97;146,25;150,77;;91,57;91,91;92,37;92,76;93,17;93,59;93,94;94,32;94,65;95,04
2023-05-19;;99,38;103,16;110,55;119,00;123,97;129,07;136,67;142,04;149,19;153,11;;105,78;108,93;117,71;126,17;131,90;137,91;147,33;154,46;160,90;165,08;;99,39;102,82;110,02;118,30;123,44;127,83;134,67;139,96;146,26;150,83;;91,48;91,80;92,26;92,64;93,05;93,46;93,81;94,18;94,50;94,89
2023-05-20;;99,38;103,15;110,55;119,00;123,97;129,06;136,67;142,04;149,18;153,10;;105,78;108,93;117,70;126,16;131,90;137,91;147,33;154,46;160,90;165,08;;99,39;102,81;110,02;118,30;123,44;127,83;134,67;139,96;146,26;150,83;;91,47;91,80;92,25;92,64;93,05;93,46;93,81;94,18;94,50;94,89
2023-05-21;;99,38;103,15;110,55;119,00;123,97;129,06;136,66;142,03;149,18;153,10;;105,78;108,93;117,70;126,16;131,90;137,91;147,33;154,46;160,90;165,08;;99,39;102,81;110,02;118,30;123,43;127,83;134,67;139,96;146,26;150,83;;91,47;91,80;92,25;92,64;93,05;93,45;93,81;94,18;94,50;94,89
2023-05-22;;99,33;103,10;110,50;118,96;123,94;129,04;136,65;142,03;149,18;153,11;;105,67;108,85;117,66;126,14;131,91;137,94;147,40;154,56;161,06;165,30;;99,30;102,74;109,96;118,26;123,42;127,84;134,70;140,02;146,37;150,99;;91,43;91,78;92,25;92,65;93,07;93,50;93,86;94,25;94,59;94,99
2023-05-23;;99,20;102,90;110,21;118,56;123,44;128,43;135,91;141,16;148,18;151,97;;105,62;108,73;117,47;125,84;131,52;137,44;146,77;153,81;160,18;164,32;;99,26;102,63;109,77;117,98;123,06;127,37;134,12;139,34;145,57;150,10;;91,32;91,62;92,02;92,37;92,73;93,10;93,40;93,73;94,01;94,35
2023-05-24;;99,01;102,63;109,85;118,10;122,88;127,76;135,12;140,25;147,12;150,79;;105,50;108,51;117,14;125,39;130,95;136,75;145,91;152,78;158,97;162,93;;99,16;102,44;109,46;117,55;122,53;126,72;133,32;138,38;144,44;148,77;;91,13;91,37;91,72;92,00;92,30;92,60;92,84;93,10;93,31;93,59
2023-05-25;;98,73;102,44;109,74;118,08;122,97;127,97;135,45;140,72;147,75;151,57;;105,27;108,31;116,97;125,30;130,93;136,82;146,08;153,04;159,28;163,25;;98,92;102,25;109,30;117,45;122,49;126,77;133,44;138,59;144,69;149,01;;90,91;91,22;91,65;92,01;92,39;92,78;93,10;93,45;93,75;94,11
2023-05-26;;98,79;102,63;110,08;118,60;123,66;128,85;136,56;142,05;149,32;153,37;;105,25;108,44;117,20;125,70;131,50;137,59;147,08;154,27;160,73;164,86;;98,91;102,35;109,54;117,83;123,01;127,49;134,35;139,70;146,00;150,49;;91,01;91,43;91,97;92,45;92,95;93,45;93,90;94,37;94,79;95,27
2023-05-27;;98,79;102,63;110,08;118,60;123,66;128,85;136,56;142,04;149,32;153,37;;105,25;108,44;117,20;125,70;131,50;137,58;147,08;154,27;160,73;164,86;;98,91;102,35;109,54;117,83;123,01;127,48;134,35;139,70;146,00;150,49;;91,01;91,43;91,97;92,45;92,95;93,45;93,90;94,37;94,79;95,27
2023-05-28;;98,79;102,62;110,08;118,60;123,66;128,85;136,55;142,04;149,32;153,37;;105,25;108,44;117,20;125,70;131,50;137,58;147,08;154,27;160,73;164,86;;98,91;102,35;109,53;117,83;123,01;127,48;134,35;139,69;145,99;150,49;;91,01;91,43;91,97;92,45;92,95;93,45;93,90;94,37;94,78;95,27
2023-05-29;;98,97;102,81;110,26;118,77;123,82;129,00;136,70;142,17;149,44;153,47;;105,64;108,78;117,56;126,04;131,82;137,88;147,34;154,49;160,92;165,05;;99,26;102,68;109,87;118,16;123,33;127,76;134,60;139,90;146,17;150,64;;91,07;91,48;92,02;92,50;93,00;93,50;93,95;94,41;94,83;95,31
2023-05-30;;99,47;103,23;110,63;119,07;124,04;129,12;136,72;142,07;149,21;153,11;;106,14;109,20;117,94;126,35;132,05;138,00;147,34;154,38;160,65;164,61;;99,74;103,09;110,22;118,44;123,53;127,86;134,59;139,78;145,92;150,22;;91,59;91,93;92,41;92,81;93,24;93,66;94,04;94,43;94,77;95,17
2023-05-31;;99,76;103,49;110,84;119,23;124,14;129,15;136,67;141,95;148,99;152,81;;106,44;109,41;118,10;126,44;132,06;137,92;147,16;154,08;160,20;163,99;;100,00;103,28;110,33;118,48;123,49;127,74;134,36;139,44;145,45;149,57;;91,79;92,10;92,53;92,91;93,30;93,69;94,02;94,37;94,68;95,04
2023-06-01;;99,95;103,71;111,10;119,55;124,50;129,57;137,15;142,49;149,60;153,47;;106,61;109,61;118,36;126,76;132,41;138,32;147,61;154,59;160,77;164,62;;100,15;103,48;110,58;118,77;123,83;128,12;134,79;139,93;146,00;150,18;;92,03;92,33;92,77;93,15;93,55;93,95;94,30;94,66;94,97;95,35
2023-06-02;;99,80;103,72;111,31;119,97;125,14;130,45;138,31;143,93;151,37;155,54;;106,47;109,67;118,64;127,27;133,19;139,38;149,02;156,34;162,89;167,12;;100,06;103,55;110,85;119,28;124,58;129,12;136,10;141,53;147,93;152,45;;91,85;92,32;92,92;93,47;94,03;94,59;95,10;95,63;96,11;96,66
2023-06-03;;99,80;103,72;111,30;119,97;125,14;130,45;138,31;143,93;151,37;155,54;;106,47;109,67;118,64;127,27;133,19;139,37;149,02;156,34;162,89;167,12;;100,06;103,55;110,85;119,28;124,58;129,12;136,09;141,53;147,93;152,44;;91,85;92,31;92,92;93,46;94,03;94,59;95,10;95,63;96,11;96,66
2023-06-04;;99,80;103,72;111,30;119,97;125,14;130,45;138,31;143,93;151,36;155,54;;106,47;109,67;118,64;127,27;133,19;139,37;149,02;156,34;162,89;167,11;;100,06;103,54;110,85;119,28;124,57;129,12;136,09;141,53;147,92;152,44;;91,85;92,31;92,92;93,46;94,03;94,59;95,10;95,63;96,11;96,66
2023-06-05;;99,66;103,60;111,19;119,86;125,05;130,38;138,25;143,89;151,35;155,55;;106,26;109,47;118,49;127,14;133,09;139,31;148,95;156,31;162,90;167,17;;99,88;103,41;110,72;119,17;124,52;129,07;136,06;141,53;147,95;152,52;;91,78;92,26;92,89;93,45;94,03;94,61;95,14;95,68;96,18;96,75
2023-06-06;;99,75;103,73;111,37;120,10;125,35;130,74;138,69;144,40;151,94;156,21;;106,34;109,60;118,73;127,47;133,50;139,79;149,53;156,99;163,68;168,05;;99,97;103,55;110,92;119,44;124,87;129,50;136,56;142,12;148,64;153,28;;91,83;92,35;93,01;93,61;94,23;94,85;95,42;96,01;96,55;97,15
2023-06-07;;99,37;103,31;110,91;119,58;124,79;130,13;138,02;143,68;151,15;155,38;;105,88;109,14;118,24;126,94;132,97;139,23;148,99;156,44;163,15;167,56;;99,56;103,10;110,48;118,98;124,39;129,02;136,10;141,65;148,18;152,87;;91,47;92,00;92,64;93,22;93,82;94,42;94,96;95,53;96,05;96,63
2023-06-08;;99,56;103,49;111,07;119,73;124,91;130,23;138,09;143,72;151,17;155,36;;106,11;109,34;118,38;127,04;133,02;139,23;148,92;156,31;162,93;167,21;;99,75;103,26;110,61;119,07;124,43;129,01;136,04;141,54;147,99;152,60;;91,62;92,11;92,72;93,27;93,83;94,40;94,92;95,45;95,94;96,49
2023-06-09;;99,59;103,54;111,15;119,85;125,06;130,41;138,32;143,99;151,47;155,71;;106,21;109,46;118,55;127,24;133,27;139,53;149,27;156,71;163,39;167,77;;99,86;103,40;110,78;119,27;124,68;129,29;136,35;141,88;148,39;153,05;;91,68;92,20;92,84;93,41;94,01;94,60;95,14;95,70;96,22;96,79
2023-06-10;;99,59;103,54;111,15;119,84;125,06;130,41;138,31;143,98;151,47;155,70;;106,21;109,46;118,55;127,24;133,27;139,53;149,27;156,71;163,38;167,76;;99,86;103,40;110,78;119,27;124,68;129,29;136,35;141,88;148,39;153,05;;91,68;92,20;92,84;93,41;94,00;94,60;95,14;95,70;96,22;96,79
2023-06-11;;99,59;103,54;111,15;119,84;125,06;130,41;138,31;143,98;151,47;155,70;;106,21;109,46;118,55;127,24;133,27;139,53;149,27;156,70;163,38;167,76;;99,86;103,40;110,77;119,27;124,68;129,28;136,35;141,88;148,39;153,05;;91,68;92,20;92,84;93,41;94,00;94,60;95,14;95,70;96,21;96,79
2023-06-12;;99,75;103,77;111,47;120,26;125,57;131,02;139,05;144,84;152,47;156,83;;106,35;109,64;118,81;127,60;133,71;140,06;149,90;157,44;164,20;168,62;;99,99;103,58;111,03;119,60;125,09;129,78;136,93;142,56;149,14;153,84;;91,82;92,39;93,09;93,73;94,40;95,06;95,67;96,30;96,88;97,53
2023-06-13;;99,48;103,55;111,29;120,14;125,52;131,04;139,15;145,03;152,76;157,21;;106,08;109,43;118,67;127,52;133,72;140,15;150,11;157,76;164,65;169,24;;99,76;103,41;110,91;119,55;125,11;129,88;137,13;142,85;149,55;154,39;;91,57;92,20;92,95;93,65;94,36;95,08;95,75;96,44;97,08;97,78
2023-06-14;;99,48;103,54;111,26;120,09;125,45;130,96;139,05;144,90;152,60;157,03;;106,03;109,39;118,63;127,48;133,65;140,09;150,01;157,65;164,55;169,16;;99,71;103,39;110,86;119,50;125,07;129,81;137,03;142,75;149,45;154,31;;91,60;92,20;92,94;93,61;94,31;95,01;95,66;96,32;96,94;97,63
2023-06-15;;99,68;103,77;111,53;120,41;125,80;131,35;139,48;145,38;153,13;157,60;;106,12;109,52;118,74;127,61;133,82;140,29;150,25;157,92;164,83;169,36;;99,80;103,47;110,98;119,63;125,21;130,00;137,26;143,01;149,72;154,55;;91,79;92,42;93,17;93,87;94,58;95,30;95,96;96,65;97,29;97,99
2023-06-16;;99,67;103,73;111,46;120,30;125,66;131,17;139,26;145,11;152,81;157,24;;106,27;109,67;118,84;127,66;133,83;140,27;150,20;157,84;164,73;169,30;;99,96;103,60;111,10;119,73;125,26;130,02;137,26;142,97;149,66;154,52;;91,80;92,41;93,14;93,80;94,49;95,18;95,82;96,48;97,09;97,76
2023-06-17;;99,67;103,73;111,46;120,30;125,66;131,17;139,26;145,11;152,81;157,24;;106,27;109,67;118,83;127,66;133,83;140,26;150,20;157,83;164,73;169,30;;99,96;103,60;111,09;119,72;125,26;130,02;137,26;142,96;149,66;154,52;;91,80;92,41;93,13;93,80;94,49;95,18;95,82;96,47;97,09;97,76
2023-06-18;;99,66;103,72;111,46;120,30;125,66;131,16;139,26;145,11;152,81;157,24;;106,27;109,67;118,83;127,66;133,83;140,26;150,20;157,83;164,73;169,30;;99,96;103,60;111,09;119,72;125,26;130,02;137,26;142,96;149,66;154,52;;91,79;92,41;93,13;93,80;94,49;95,18;95,82;96,47;97,09;97,76
2023-06-19;;99,54;103,58;111,30;120,11;125,45;130,93;138,99;144,82;152,49;156,89;;106,02;109,38;118,51;127,30;133,43;139,82;149,70;157,28;164,09;168,53;;99,73;103,34;110,81;119,40;124,90;129,63;136,84;142,51;149,12;153,90;;91,69;92,28;92,99;93,65;94,32;94,99;95,62;96,26;96,85;97,51
2023-06-20;;99,80;103,80;111,46;120,22;125,49;130,90;138,88;144,61;152,18;156,48;;106,44;109,71;118,80;127,52;133,56;139,86;149,62;157,08;163,75;168,08;;100,10;103,65;111,07;119,59;125,02;129,65;136,75;142,30;148,80;153,44;;91,95;92,48;93,15;93,74;94,36;94,98;95,55;96,13;96,67;97,28
2023-06-21;;99,71;103,62;111,18;119,82;124,98;130,27;138,10;143,69;151,10;155,24;;106,31;109,50;118,49;127,11;133,02;139,19;148,79;156,09;162,61;166,80;;99,97;103,46;110,78;119,19;124,52;129,03;135,99;141,42;147,76;152,27;;91,80;92,25;92,82;93,33;93,86;94,39;94,87;95,37;95,82;96,33
2023-06-22;;99,40;103,33;110,91;119,58;124,76;130,09;137,96;143,60;151,05;155,25;;105,91;109,11;118,08;126,70;132,63;138,83;148,44;155,77;162,29;166,45;;99,61;103,11;110,41;118,82;124,16;128,70;135,67;141,12;147,46;151,93;;91,53;92,00;92,60;93,15;93,71;94,28;94,79;95,32;95,80;96,35
2023-06-23;;99,73;103,62;111,16;119,77;124,90;130,15;137,95;143,50;150,86;154,97;;106,43;109,56;118,43;126,98;132,81;138,92;148,44;155,64;162,02;166,04;;100,07;103,50;110,72;119,06;124,29;128,75;135,61;140,93;147,15;151,47;;91,80;92,23;92,79;93,28;93,80;94,31;94,77;95,25;95,68;96,17
2023-06-24;;99,73;103,62;111,16;119,77;124,90;130,15;137,95;143,50;150,86;154,97;;106,43;109,56;118,43;126,98;132,81;138,92;148,44;155,64;162,02;166,04;;100,07;103,50;110,72;119,06;124,29;128,75;135,61;140,93;147,15;151,46;;91,80;92,22;92,78;93,28;93,79;94,31;94,77;95,25;95,68;96,17
2023-06-25;;99,73;103,62;111,16;119,77;124,89;130,15;137,94;143,50;150,86;154,96;;106,43;109,56;118,43;126,98;132,81;138,92;148,44;155,63;162,01;166,03;;100,07;103,50;110,71;119,05;124,28;128,74;135,61;140,93;147,14;151,46;;91,80;92,22;92,78;93,28;93,79;94,31;94,77;95,25;95,68;96,17
2023-06-26;;99,86;103,69;111,16;119,70;124,75;129,91;137,61;143,06;150,31;154,30;;106,59;109,66;118,48;126,95;132,71;138,73;148,15;155,24;161,53;165,48;;100,22;103,60;110,75;119,03;124,19;128,57;135,34;140,57;146,70;150,94;;91,89;92,25;92,74;93,17;93,62;94,06;94,46;94,87;95,23;95,65
2023-06-27;;99,72;103,62;111,17;119,79;124,93;130,19;138,00;143,57;150,95;155,07;;106,36;109,49;118,34;126,88;132,71;138,81;148,33;155,52;161,88;165,87;;100,02;103,43;110,66;118,99;124,20;128,67;135,54;140,86;147,06;151,36;;91,75;92,16;92,73;93,22;93,74;94,25;94,71;95,19;95,63;96,12
2023-06-28;;99,95;103,89;111,49;120,18;125,37;130,69;138,57;144,20;151,66;155,84;;106,60;109,76;118,73;127,36;133,26;139,43;149,03;156,33;162,79;166,90;;100,22;103,70;110,99;119,40;124,70;129,22;136,16;141,56;147,86;152,25;;91,98;92,43;93,02;93,56;94,11;94,65;95,15;95,67;96,13;96,66
2023-06-29;;99,51;103,52;111,19;119,96;125,25;130,68;138,68;144,44;152,04;156,37;;106,07;109,28;118,33;127,05;133,04;139,32;149,03;156,46;163,04;167,27;;99,73;103,27;110,64;119,12;124,51;129,15;136,20;141,72;148,12;152,62;;91,58;92,08;92,75;93,35;93,97;94,59;95,16;95,75;96,29;96,89
2023-06-30;100,00;99,72;103,81;111,58;120,46;125,86;131,41;139,55;145,45;153,21;157,69;100,00;106,30;109,59;118,68;127,51;133,58;139,96;149,80;157,35;164,04;168,33;100,00;99,93;103,53;110,97;119,55;124,99;129,74;136,90;142,53;149,03;153,61;100,00;91,83;92,38;93,09;93,74;94,42;95,09;95,71;96,35;96,95;97,61
2023-07-01;100,00;99,71;103,81;111,58;120,46;125,86;131,41;139,55;145,45;153,21;157,69;100,00;106,30;109,59;118,68;127,51;133,58;139,95;149,80;157,35;164,04;168,33;100,00;99,93;103,53;110,97;119,54;124,99;129,74;136,90;142,53;149,03;153,60;100,00;91,83;92,38;93,09;93,74;94,42;95,09;95,71;96,35;96,95;97,61
2023-07-02;100,00;99,71;103,80;111,57;120,45;125,85;131,41;139,55;145,45;153,21;157,68;100,00;106,30;109,59;118,68;127,51;133,57;139,95;149,80;157,34;164,03;168,32;100,00;99,92;103,53;110,97;119,54;124,99;129,74;136,90;142,52;149,03;153,60;100,00;91,83;92,37;93,09;93,74;94,41;95,09;95,71;96,35;96,95;97,61
2023-07-03;100,01;99,60;103,72;111,52;120,44;125,88;131,47;139,66;145,62;153,44;157,97;100,01;106,16;109,50;118,68;127,56;133,71;140,17;150,10;157,74;164,55;168,98;100,01;99,83;103,48;110,97;119,59;125,13;129,93;137,16;142,87;149,48;154,17;100,01;91,73;92,33;93,09;93,79;94,50;95,22;95,89;96,58;97,22;97,93
2023-07-04;100,00;99,60;103,72;111,52;120,43;125,87;131,47;139,66;145,62;153,43;157,97;100,00;106,16;109,50;118,68;127,55;133,71;140,16;150,10;157,74;164,55;168,98;100,00;99,83;103,48;110,96;119,59;125,13;129,93;137,16;142,87;149,48;154,17;100,00;91,73;92,33;93,09;93,79;94,50;95,22;95,89;96,58;97,22;97,93
2023-07-05;100,02;99,37;103,50;111,30;120,23;125,68;131,30;139,51;145,49;153,33;157,89;100,02;105,89;109,23;118,39;127,25;133,41;139,87;149,81;157,44;164,24;168,65;100,02;99,59;103,23;110,71;119,33;124,86;129,67;136,91;142,61;149,21;153,88;100,02;91,52;92,15;92,92;93,63;94,37;95,10;95,79;96,49;97,15;97,88
2023-07-06;100,03;98,66;102,72;110,42;119,21;124,57;130,07;138,15;144,00;151,70;156,14;100,03;105,03;108,27;117,31;126,04;132,09;138,42;148,17;155,65;162,24;166,43;100,03;98,79;102,35;109,70;118,18;123,61;128,31;135,39;140,97;147,37;151,83;100,03;90,86;91,43;92,17;92,84;93,53;94,22;94,87;95,53;96,14;96,82
2023-07-07;100,06;98,52;102,50;110,11;118,81;124,06;129,46;137,41;143,14;150,69;155,00;100,06;104,97;108,14;117,12;125,78;131,74;137,96;147,60;154,96;161,46;165,60;100,06;98,69;102,20;109,48;117,88;123,23;127,85;134,82;140,30;146,62;151,00;100,06;90,77;91,27;91,94;92,54;93,17;93,79;94,36;94,95;95,49;96,10
2023-07-08;100,06;98,51;102,50;110,11;118,80;124,06;129,46;137,40;143,13;150,68;155,00;100,06;104,97;108,13;117,12;125,78;131,73;137,96;147,59;154,96;161,46;165,59;100,06;98,69;102,20;109,48;117,88;123,23;127,85;134,82;140,30;146,62;151,00;100,06;90,77;91,27;91,94;92,54;93,16;93,79;94,36;94,95;95,49;96,10
2023-07-09;100,05;98,51;102,50;110,11;118,80;124,06;129,46;137,40;143,13;150,68;155,00;100,05;104,97;108,13;117,12;125,78;131,73;137,96;147,59;154,96;161,46;165,59;100,05;98,69;102,20;109,47;117,88;123,23;127,84;134,82;140,30;146,62;150,99;100,05;90,76;91,27;91,94;92,54;93,16;93,78;94,36;94,95;95,49;96,10
2023-07-10;100,06;98,62;102,59;110,19;118,88;124,12;129,51;137,43;143,14;150,67;154,97;100,06;105,06;108,24;117,23;125,90;131,86;138,08;147,72;155,10;161,61;165,73;100,06;98,77;102,28;109,55;117,96;123,31;127,94;134,91;140,40;146,73;151,11;100,06;90,85;91,35;92,01;92,60;93,22;93,83;94,39;94,97;95,51;96,10
2023-07-11;100,07;98,75;102,78;110,45;119,22;124,54;130,01;138,03;143,84;151,48;155,88;100,07;105,10;108,36;117,43;126,18;132,23;138,54;148,31;155,81;162,45;166,67;100,07;98,85;102,40;109,76;118,26;123,68;128,40;135,48;141,08;147,52;152,02;100,07;90,99;91,54;92,25;92,89;93,55;94,21;94,83;95,46;96,05;96,69
2023-07-12;100,08;99,29;103,28;110,93;119,66;124,93;130,34;138,31;144,05;151,62;155,93;100,08;105,74;108,99;118,03;126,76;132,76;139,02;148,76;156,20;162,82;167,04;100,08;99,44;102,98;110,34;118,82;124,20;128,87;135,93;141,48;147,90;152,42;100,08;91,46;91,96;92,61;93,21;93,82;94,43;94,99;95,56;96,10;96,69
2023-07-13;100,09;99,78;103,78;111,46;120,23;125,52;130,94;138,94;144,70;152,29;156,60;100,09;106,30;109,57;118,64;127,39;133,41;139,68;149,45;156,92;163,56;167,81;100,09;99,99;103,53;110,95;119,46;124,85;129,53;136,63;142,20;148,65;153,23;100,09;91,87;92,38;93,04;93,65;94,27;94,89;95,47;96,05;96,60;97,20
2023-07-14;100,11;99,53;103,50;111,13;119,85;125,09;130,47;138,40;144,10;151,62;155,89;100,11;106,06;109,34;118,32;127,01;132,99;139,23;148,96;156,37;162,98;167,22;100,11;99,79;103,31;110,68;119,15;124,49;129,13;136,19;141,71;148,13;152,69;100,11;91,66;92,17;92,83;93,43;94,04;94,65;95,21;95,79;96,33;96,92
2023-07-15;100,11;99,53;103,50;111,13;119,85;125,09;130,47;138,40;144,10;151,62;155,88;100,11;106,06;109,33;118,32;127,01;132,99;139,22;148,96;156,36;162,98;167,22;100,11;99,79;103,31;110,67;119,15;124,49;129,13;136,19;141,71;148,13;152,69;100,11;91,66;92,17;92,83;93,42;94,04;94,65;95,21;95,79;96,33;96,92
2023-07-16;100,11;99,53;103,50;111,13;119,85;125,09;130,46;138,40;144,10;151,62;155,88;100,11;106,06;109,33;118,32;127,01;132,99;139,22;148,95;156,36;162,97;167,22;100,11;99,79;103,31;110,67;119,15;124,49;129,13;136,19;141,71;148,12;152,69;100,11;91,66;92,17;92,82;93,42;94,04;94,65;95,21;95,79;96,33;96,92
2023-07-17;100,12;99,62;103,61;111,26;120,00;125,26;130,66;138,63;144,35;151,91;156,20;100,12;106,14;109,40;118,39;127,09;133,08;139,32;149,07;156,48;163,06;167,25;100,12;99,86;103,37;110,74;119,22;124,56;129,21;136,28;141,80;148,19;152,70;100,12;91,72;92,25;92,93;93,55;94,18;94,82;95,41;96,01;96,57;97,19
2023-07-18;100,13;99,93;103,97;111,68;120,49;125,82;131,29;139,34;145,14;152,79;157,15;100,13;106,67;109,91;118,99;127,76;133,77;140,05;149,85;157,31;163,93;168,17;100,13;100,32;103,86;111,28;119,80;125,19;129,87;136,98;142,53;148,96;153,48;100,13;91,98;92,53;93,23;93,89;94,56;95,22;95,85;96,48;97,08;97,73
2023-07-19;100,14;100,14;104,23;112,01;120,90;126,29;131,84;139,98;145,87;153,62;158,08;100,14;106,69;109,98;119,15;128,00;134,09;140,45;150,33;157,90;164,60;168,89;100,14;100,35;103,94;111,42;120,01;125,48;130,24;137,41;143,06;149,56;154,14;100,14;92,28;92,84;93,57;94,25;94,95;95,64;96,29;96,96;97,58;98,26
2023-07-20;100,14;99,73;103,82;111,58;120,46;125,85;131,40;139,53;145,43;153,18;157,64;100,14;106,29;109,62;118,74;127,59;133,70;140,08;149,98;157,57;164,33;168,69;100,14;99,98;103,58;111,07;119,67;125,13;129,92;137,13;142,80;149,35;154,01;100,14;91,84;92,42;93,15;93,83;94,52;95,21;95,86;96,52;97,14;97,82
2023-07-21;100,17;99,83;103,94;111,73;120,64;126,06;131,64;139,81;145,74;153,54;158,04;100,17;106,52;109,87;118,97;127,83;133,93;140,32;150,24;157,84;164,59;168,92;100,17;100,19;103,79;111,28;119,89;125,34;130,14;137,37;143,03;149,58;154,22;100,17;91,89;92,47;93,21;93,89;94,59;95,29;95,95;96,62;97,25;97,93
2023-07-22;100,17;99,83;103,94;111,73;120,64;126,06;131,64;139,81;145,74;153,53;158,04;100,17;106,52;109,87;118,97;127,83;133,93;140,32;150,24;157,83;164,58;168,92;100,17;100,19;103,79;111,28;119,89;125,34;130,14;137,36;143,03;149,58;154,21;100,17;91,89;92,47;93,21;93,89;94,59;95,29;95,95;96,62;97,25;97,93
2023-07-23;100,17;99,83;103,94;111,73;120,64;126,06;131,64;139,81;145,74;153,53;158,04;100,17;106,52;109,86;118,97;127,83;133,93;140,32;150,24;157,83;164,58;168,92;100,17;100,19;103,79;111,28;119,89;125,34;130,14;137,36;143,03;149,58;154,21;100,17;91,89;92,47;93,21;93,89;94,59;95,29;95,95;96,62;97,24;97,93
2023-07-24;100,18;99,90;104,06;111,92;120,91;126,41;132,07;140,34;146,37;154,28;158,89;100,18;106,57;109,93;119,14;128,09;134,27;140,75;150,78;158,48;165,33;169,79;100,18;100,21;103,88;111,42;120,11;125,65;130,52;137,82;143,58;150,22;154,93;100,18;91,97;92,58;93,36;94,08;94,82;95,56;96,26;96,97;97,64;98,37
2023-07-25;100,18;99,85;104,08;112,01;121,08;126,67;132,42;140,80;146,94;154,98;159,70;100,18;106,54;110,01;119,30;128,33;134,65;141,25;151,44;159,29;166,32;170,96;100,18;100,23;103,96;111,59;120,37;126,02;131,00;138,44;144,33;151,13;156,01;100,18;91,94;92,65;93,50;94,30;95,11;95,93;96,70;97,49;98,24;99,05
2023-07-26;100,19;99,90;104,10;112,01;121,05;126,60;132,32;140,66;146,76;154,75;159,43;100,19;106,44;109,90;119,18;128,20;134,50;141,08;151,23;159,05;166,05;170,62;100,19;100,14;103,85;111,48;120,24;125,89;130,84;138,26;144,13;150,89;155,74;100,19;92,03;92,72;93,55;94,32;95,11;95,90;96,65;97,41;98,14;98,92
2023-07-27;100,20;99,58;103,84;111,80;120,89;126,52;132,32;140,75;146,95;155,04;159,83;100,20;106,25;109,79;119,12;128,20;134,58;141,26;151,54;159,48;166,64;171,48;100,20;99,98;103,77;111,45;120,29;126,01;131,05;138,58;144,55;151,46;156,53;100,20;91,72;92,48;93,38;94,22;95,07;95,93;96,75;97,58;98,38;99,23
2023-07-28;100,23;99,71;104,00;112,00;121,14;126,81;132,65;141,14;147,39;155,54;160,39;100,23;106,41;109,97;119,33;128,45;134,87;141,59;151,92;159,90;167,10;171,91;100,23;100,13;103,93;111,62;120,48;126,23;131,31;138,86;144,87;151,81;156,85;100,23;91,85;92,65;93,58;94,46;95,35;96,24;97,10;97,97;98,80;99,69
2023-07-29;100,23;99,71;104,00;111,99;121,14;126,81;132,65;141,14;147,39;155,54;160,39;100,23;106,41;109,97;119,33;128,45;134,87;141,59;151,92;159,90;167,10;171,91;100,23;100,12;103,92;111,61;120,48;126,23;131,31;138,86;144,87;151,80;156,85;100,23;91,85;92,65;93,58;94,45;95,35;96,24;97,10;97,96;98,80;99,69
2023-07-30;100,22;99,71;103,99;111,99;121,14;126,81;132,65;141,14;147,38;155,54;160,38;100,22;106,41;109,97;119,33;128,45;134,87;141,59;151,91;159,90;167,09;171,91;100,22;100,12;103,92;111,61;120,48;126,23;131,31;138,86;144,86;151,80;156,84;100,22;91,85;92,65;93,58;94,45;95,34;96,24;97,09;97,96;98,80;99,69
2023-07-31;100,23;99,78;104,09;112,12;121,30;127,01;132,89;141,43;147,72;155,93;160,83;100,23;106,54;110,12;119,52;128,68;135,13;141,88;152,26;160,29;167,52;172,38;100,23;100,26;104,08;111,81;120,71;126,50;131,61;139,21;145,25;152,22;157,31;100,23;91,89;92,71;93,66;94,57;95,48;96,40;97,29;98,18;99,04;99,96
2023-08-01;100,24;99,38;103,71;111,74;120,93;126,66;132,57;141,12;147,45;155,69;160,63;100,24;106,09;109,67;119,09;128,25;134,73;141,51;151,90;159,95;167,21;172,07;100,24;99,85;103,67;111,40;120,30;126,12;131,25;138,86;144,92;151,91;156,99;100,24;91,50;92,35;93,33;94,27;95,21;96,17;97,08;98,01;98,91;99,86
2023-08-02;100,25;99,14;103,37;111,28;120,32;125,92;131,67;140,05;146,20;154,24;158,99;100,25;105,92;109,36;118,65;127,66;133,99;140,59;150,76;158,60;165,61;170,26;100,25;99,65;103,37;110,96;119,71;125,38;130,36;137,78;143,66;150,43;155,28;100,25;91,25;92,01;92,90;93,74;94,59;95,44;96,26;97,09;97,88;98,74
2023-08-03;100,26;98,66;102,88;110,77;119,78;125,36;131,11;139,46;145,60;153,62;158,37;100,26;105,48;108,90;118,14;127,11;133,41;139,97;150,11;157,91;164,88;169,51;100,26;99,22;102,91;110,48;119,19;124,83;129,78;137,18;143,02;149,76;154,57;100,26;90,83;91,59;92,48;93,32;94,17;95,03;95,85;96,68;97,47;98,32
2023-08-04;100,29;98,98;103,09;110,85;119,72;125,14;130,72;138,87;144,80;152,59;157,11;100,29;105,81;109,15;118,30;127,15;133,30;139,72;149,68;157,30;164,12;168,60;100,29;99,53;103,14;110,60;119,21;124,72;129,53;136,76;142,45;149,05;153,76;100,29;91,16;91,82;92,60;93,32;94,05;94,79;95,48;96,19;96,86;97,58
2023-08-05;100,29;98,98;103,09;110,85;119,72;125,14;130,71;138,87;144,80;152,59;157,10;100,29;105,80;109,15;118,30;127,15;133,30;139,72;149,67;157,30;164,12;168,60;100,29;99,53;103,14;110,60;119,21;124,72;129,53;136,76;142,45;149,05;153,76;100,29;91,16;91,82;92,60;93,32;94,05;94,79;95,48;96,19;96,85;97,58
2023-08-06;100,28;98,98;103,09;110,85;119,72;125,14;130,71;138,87;144,80;152,58;157,10;100,28;105,80;109,15;118,30;127,14;133,30;139,72;149,67;157,30;164,12;168,60;100,28;99,53;103,14;110,60;119,20;124,72;129,53;136,76;142,45;149,05;153,75;100,28;91,16;91,82;92,59;93,32;94,05;94,79;95,48;96,19;96,85;97,58
2023-08-07;100,29;98,97;103,15;111,00;119,98;125,51;131,19;139,48;145,55;153,49;158,16;100,29;105,75;109,15;118,36;127,30;133,54;140,07;150,14;157,89;164,80;169,35;100,29;99,48;103,15;110,68;119,36;124,96;129,87;137,20;142,99;149,67;154,43;100,29;91,10;91,81;92,66;93,45;94,25;95,06;95,82;96,60;97,34;98,14
2023-08-08;100,30;99,35;103,51;111,35;120,31;125,80;131,45;139,70;145,72;153,61;158,22;100,30;106,25;109,58;118,78;127,69;133,87;140,35;150,34;158,01;164,82;169,28;100,30;99,92;103,57;111,06;119,71;125,26;130,11;137,38;143,10;149,69;154,34;100,30;91,43;92,09;92,89;93,63;94,39;95,15;95,86;96,59;97,28;98,03
2023-08-09;100,31;99,32;103,41;111,16;120,02;125,41;130,95;139,08;144,97;152,71;157,19;100,31;106,13;109,45;118,54;127,37;133,48;139,86;149,78;157,36;164,11;168,52;100,31;99,82;103,42;110,85;119,43;124,90;129,68;136,88;142,52;149,06;153,69;100,31;91,40;92,01;92,74;93,42;94,10;94,79;95,44;96,09;96,71;97,38
2023-08-10;100,32;98,98;103,09;110,86;119,73;125,15;130,72;138,88;144,81;152,60;157,12;100,32;105,84;109,19;118,28;127,13;133,25;139,66;149,61;157,23;164,04;168,58;100,32;99,55;103,18;110,63;119,23;124,72;129,53;136,77;142,44;149,04;153,77;100,32;91,08;91,71;92,46;93,16;93,87;94,58;95,25;95,93;96,58;97,27
2023-08-11;100,35;98,66;102,79;110,57;119,46;124,91;130,52;138,71;144,69;152,52;157,09;100,35;105,42;108,75;117,87;126,73;132,88;139,31;149,26;156,90;163,70;168,19;100,35;99,15;102,79;110,25;118,85;124,36;129,20;136,44;142,15;148,72;153,41;100,35;90,80;91,43;92,20;92,92;93,65;94,38;95,07;95,77;96,44;97,16
2023-08-12;100,35;98,66;102,78;110,57;119,46;124,91;130,52;138,71;144,69;152,52;157,09;100,35;105,42;108,75;117,87;126,73;132,87;139,31;149,26;156,89;163,70;168,18;100,35;99,15;102,79;110,25;118,85;124,36;129,20;136,44;142,14;148,72;153,41;100,35;90,80;91,43;92,20;92,92;93,65;94,38;95,07;95,77;96,44;97,15
2023-08-13;100,35;98,65;102,78;110,56;119,46;124,91;130,52;138,71;144,69;152,52;157,09;100,35;105,42;108,75;117,87;126,73;132,87;139,31;149,26;156,89;163,70;168,18;100,35;99,15;102,79;110,25;118,85;124,36;129,20;136,44;142,14;148,72;153,41;100,35;90,80;91,43;92,20;92,92;93,65;94,38;95,07;95,77;96,43;97,15
2023-08-14;100,35;98,58;102,79;110,66;119,66;125,23;130,96;139,30;145,42;153,42;158,15;100,35;105,38;108,75;117,90;126,85;133,05;139,58;149,62;157,35;164,21;168,70;100,35;99,07;102,76;110,27;118,92;124,49;129,42;136,75;142,53;149,16;153,86;100,35;90,76;91,44;92,28;93,06;93,87;94,67;95,43;96,21;96,95;97,74
2023-08-15;100,36;98,27;102,37;110,11;118,95;124,36;129,93;138,07;144,00;151,77;156,30;100,36;105,03;108,31;117,36;126,17;132,25;138,63;148,49;156,04;162,75;167,12;100,36;98,76;102,37;109,76;118,29;123,75;128,54;135,70;141,34;147,83;152,41;100,36;90,47;91,08;91,84;92,55;93,27;94,00;94,68;95,37;96,02;96,73
2023-08-16;100,37;98,13;102,20;109,89;118,69;124,05;129,57;137,65;143,53;151,24;155,71;100,37;104,95;108,19;117,15;125,89;131,90;138,21;148,01;155,48;162,10;166,42;100,37;98,65;102,21;109,54;118,01;123,39;128,12;135,22;140,78;147,20;151,71;100,37;90,28;90,87;91,61;92,29;92,99;93,68;94,33;95,00;95,62;96,30
2023-08-17;100,38;97,88;101,89;109,51;118,22;123,52;128,96;136,94;142,73;150,33;154,71;100,38;104,67;107,88;116,77;125,44;131,39;137,64;147,35;154,73;161,28;165,51;100,38;98,40;101,92;109,17;117,57;122,90;127,57;134,58;140,07;146,42;150,85;100,38;90,04;90,61;91,30;91,94;92,59;93,24;93,85;94,47;95,05;95,68
2023-08-18;100,41;98,09;102,09;109,71;118,42;123,71;129,14;137,11;142,87;150,46;154,81;100,41;104,91;108,06;116,95;125,59;131,50;137,71;147,35;154,69;161,14;165,29;100,41;98,60;102,09;109,32;117,70;122,99;127,62;134,59;140,02;146,30;150,63;100,41;90,27;90,78;91,45;92,05;92,67;93,29;93,86;94,44;94,99;95,59
2023-08-19;100,41;98,09;102,09;109,71;118,42;123,71;129,13;137,10;142,87;150,46;154,81;100,41;104,91;108,06;116,95;125,59;131,50;137,71;147,35;154,68;161,14;165,28;100,41;98,60;102,09;109,32;117,70;122,99;127,62;134,58;140,02;146,30;150,63;100,41;90,26;90,78;91,44;92,05;92,67;93,29;93,86;94,44;94,99;95,58
2023-08-20;100,41;98,08;102,09;109,71;118,42;123,70;129,13;137,10;142,87;150,45;154,81;100,41;104,91;108,06;116,95;125,59;131,50;137,70;147,35;154,68;161,14;165,28;100,41;98,60;102,09;109,32;117,70;122,99;127,61;134,58;140,02;146,29;150,63;100,41;90,26;90,78;91,44;92,05;92,67;93,29;93,86;94,44;94,99;95,58
2023-08-21;100,42;97,75;101,80;109,47;118,23;123,58;129,08;137,13;142,98;150,67;155,12;100,42;104,52;107,70;116,59;125,28;131,23;137,50;147,20;154,60;161,10;165,26;100,42;98,23;101,75;109,00;117,40;122,73;127,42;134,43;139,93;146,24;150,59;100,42;89,96;90,52;91,23;91,90;92,57;93,25;93,88;94,52;95,13;95,79
2023-08-22;100,42;97,89;101,96;109,66;118,45;123,83;129,36;137,45;143,34;151,06;155,55;100,42;104,80;108,02;116,99;125,73;131,74;138,06;147,83;155,30;161,90;166,22;100,42;98,50;102,07;109,34;117,80;123,20;127,92;134,98;140,53;146,94;151,39;100,42;90,06;90,66;91,41;92,10;92,80;93,51;94,17;94,84;95,47;96,16
2023-08-23;100,43;98,66;102,79;110,57;119,46;124,92;130,53;138,72;144,69;152,53;157,10;100,43;105,64;108,88;117,95;126,78;132,85;139,24;149,09;156,64;163,28;167,61;100,43;99,27;102,88;110,24;118,77;124,23;129,00;136,13;141,74;148,20;152,66;100,43;90,82;91,43;92,21;92,93;93,66;94,39;95,08;95,78;96,44;97,16
2023-08-24;100,44;98,48;102,52;110,20;118,96;124,29;129,76;137,79;143,61;151,26;155,66;100,44;105,42;108,65;117,64;126,36;132,38;138,68;148,45;155,90;162,50;166,83;100,44;99,13;102,68;109,96;118,43;123,82;128,50;135,55;141,07;147,48;151,95;100,44;90,64;91,23;91,95;92,61;93,28;93,95;94,58;95,22;95,82;96,48
2023-08-25;100,47;98,47;102,60;110,37;119,25;124,70;130,30;138,48;144,45;152,27;156,84;100,47;105,32;108,59;117,63;126,45;132,54;138,93;148,82;156,37;163,03;167,34;100,47;99,01;102,60;109,95;118,49;123,94;128,73;135,88;141,50;147,96;152,43;100,47;90,63;91,26;92,04;92,76;93,50;94,23;94,93;95,63;96,30;97,02
2023-08-26;100,47;98,47;102,60;110,37;119,25;124,70;130,30;138,48;144,45;152,27;156,84;100,47;105,32;108,59;117,63;126,44;132,53;138,93;148,81;156,37;163,03;167,34;100,47;99,01;102,60;109,95;118,49;123,94;128,73;135,88;141,49;147,96;152,43;100,47;90,63;91,26;92,04;92,76;93,50;94,23;94,93;95,63;96,30;97,02
2023-08-27;100,47;98,47;102,59;110,37;119,25;124,69;130,30;138,48;144,45;152,27;156,84;100,47;105,32;108,59;117,63;126,44;132,53;138,93;148,81;156,37;163,03;167,34;100,47;99,01;102,60;109,95;118,49;123,93;128,73;135,87;141,49;147,96;152,42;100,47;90,63;91,26;92,04;92,76;93,50;94,23;94,93;95,63;96,30;97,02
2023-08-28;100,48;98,60;102,77;110,59;119,53;125,03;130,70;138,95;144,99;152,89;157,53;100,48;105,41;108,74;117,85;126,74;132,91;139,38;149,35;157,01;163,78;168,21;100,48;99,10;102,75;110,16;118,77;124,29;129,15;136,38;142,08;148,65;153,23;100,48;90,71;91,37;92,18;92,94;93,71;94,48;95,21;95,96;96,66;97,42
2023-08-29;100,49;99,09;103,35;111,28;120,36;125,98;131,76;140,18;146,36;154,44;159,22;100,49;105,94;109,34;118,54;127,56;133,82;140,41;150,53;158,32;165,22;169,73;100,49;99,58;103,29;110,81;119,53;125,14;130,10;137,46;143,28;149,98;154,65;100,49;91,22;91,94;92,81;93,64;94,47;95,31;96,11;96,92;97,69;98,52
2023-08-30;100,49;99,03;103,25;111,15;120,17;125,75;131,49;139,84;145,96;153,97;158,69;100,49;105,87;109,22;118,39;127,35;133,55;140,07;150,11;157,83;164,65;169,09;100,49;99,52;103,21;110,71;119,37;124,93;129,84;137,15;142,91;149,53;154,16;100,49;91,17;91,85;92,69;93,48;94,28;95,09;95,85;96,63;97,37;98,16
2023-08-31;100,50;99,29;103,55;111,50;120,58;126,21;132,00;140,42;146,61;154,69;159,48;100,50;106,19;109,52;118,78;127,80;134,04;140,60;150,67;158,44;165,29;169,77;100,50;99,80;103,52;111,06;119,77;125,39;130,32;137,66;143,46;150,11;154,75;100,50;91,37;92,07;92,94;93,76;94,59;95,43;96,22;97,03;97,80;98,62
2023-09-01;100,53;99,04;103,37;111,39;120,56;126,29;132,19;140,73;147,05;155,28;160,21;100,53;105,81;109,22;118,59;127,71;134,08;140,76;150,99;158,92;165,93;170,57;100,53;99,47;103,26;110,88;119,68;125,42;130,47;137,93;143,87;150,66;155,44;100,53;91,13;91,90;92,84;93,74;94,65;95,57;96,44;97,33;98,18;99,10
2023-09-02;100,53;99,04;103,37;111,39;120,56;126,28;132,19;140,73;147,05;155,28;160,21;100,53;105,81;109,22;118,59;127,71;134,07;140,76;150,98;158,91;165,92;170,57;100,53;99,47;103,26;110,88;119,68;125,42;130,46;137,93;143,87;150,66;155,44;100,53;91,12;91,90;92,84;93,74;94,65;95,57;96,44;97,33;98,18;99,09
2023-09-03;100,53;99,04;103,37;111,39;120,56;126,28;132,19;140,73;147,05;155,27;160,21;100,53;105,81;109,22;118,59;127,71;134,07;140,76;150,98;158,91;165,92;170,57;100,53;99,47;103,26;110,87;119,68;125,42;130,46;137,93;143,87;150,66;155,43;100,53;91,12;91,90;92,84;93,74;94,65;95,57;96,44;97,33;98,18;99,09
2023-09-04;100,54;98,97;103,32;111,37;120,58;126,34;132,28;140,87;147,24;155,53;160,52;100,54;105,69;109,16;118,59;127,75;134,19;140,94;151,24;159,25;166,36;171,09;100,54;99,39;103,22;110,88;119,73;125,54;130,63;138,16;144,18;151,05;155,92;100,54;91,10;91,92;92,90;93,83;94,77;95,72;96,63;97,55;98,44;99,39
2023-09-05;100,55;98,65;103,04;111,12;120,37;126,18;132,17;140,83;147,26;155,62;160,69;100,55;105,41;108,89;118,30;127,48;133,94;140,73;151,05;159,08;166,20;170,97;100,55;99,11;102,96;110,61;119,47;125,29;130,42;137,96;144,00;150,89;155,76;100,55;90,78;91,63;92,65;93,62;94,60;95,60;96,55;97,52;98,45;99,44
2023-09-06;100,56;98,45;102,79;110,81;119,98;125,73;131,65;140,22;146,57;154,83;159,81;100,56;105,14;108,58;117,98;127,10;133,52;140,25;150,49;158,46;165,53;170,27;100,56;98,85;102,69;110,28;119,09;124,89;129,95;137,43;143,41;150,25;155,08;100,56;90,64;91,46;92,43;93,35;94,29;95,24;96,14;97,06;97,94;98,89
2023-09-07;100,57;98,59;102,89;110,88;120,01;125,71;131,58;140,08;146,37;154,56;159,47;100,57;105,33;108,71;118,07;127,14;133,48;140,16;150,31;158,20;165,17;169,82;100,57;99,01;102,81;110,34;119,10;124,85;129,84;137,23;143,14;149,90;154,64;100,57;90,79;91,54;92,47;93,34;94,23;95,12;95,97;96,84;97,67;98,55
2023-09-08;100,59;98,69;102,98;110,96;120,08;125,77;131,63;140,12;146,39;154,56;159,44;100,59;105,46;108,85;118,14;127,20;133,51;140,17;150,31;158,17;165,11;169,72;100,59;99,14;102,92;110,44;119,19;124,89;129,88;137,26;143,14;149,87;154,58;100,59;90,81;91,56;92,47;93,33;94,21;95,08;95,92;96,77;97,59;98,46
2023-09-09;100,59;98,68;102,98;110,96;120,08;125,77;131,63;140,11;146,39;154,56;159,44;100,59;105,46;108,85;118,14;127,20;133,51;140,17;150,31;158,16;165,11;169,71;100,59;99,13;102,92;110,44;119,18;124,88;129,88;137,26;143,14;149,87;154,58;100,59;90,81;91,56;92,47;93,33;94,21;95,08;95,92;96,77;97,59;98,46
2023-09-10;100,59;98,68;102,98;110,96;120,08;125,76;131,62;140,11;146,38;154,55;159,44;100,59;105,46;108,85;118,14;127,19;133,51;140,16;150,30;158,16;165,11;169,71;100,59;99,13;102,92;110,44;119,18;124,88;129,88;137,26;143,14;149,87;154,58;100,59;90,81;91,56;92,47;93,33;94,21;95,08;95,92;96,77;97,58;98,46
2023-09-11;100,60;98,53;102,88;110,91;120,09;125,85;131,78;140,36;146,73;155,00;159,99;100,60;105,29;108,72;118,05;127,16;133,53;140,25;150,46;158,39;165,41;170,09;100,60;98,97;102,80;110,37;119,15;124,91;129,96;137,40;143,36;150,15;154,92;100,60;90,67;91,46;92,42;93,34;94,27;95,21;96,10;97,01;97,89;98,82
2023-09-12;100,61;98,55;102,88;110,89;120,05;125,78;131,70;140,24;146,58;154,82;159,78;100,61;105,30;108,71;118,06;127,16;133,52;140,22;150,41;158,33;165,34;170,01;100,61;98,98;102,80;110,36;119,14;124,90;129,93;137,35;143,29;150,07;154,85;100,61;90,69;91,46;92,41;93,30;94,21;95,12;95,99;96,87;97,72;98,63
2023-09-13;100,62;98,57;102,88;110,87;120,00;125,71;131,58;140,09;146,39;154,58;159,50;100,62;105,23;108,63;117,93;126,98;133,31;139,98;150,11;157,98;164,93;169,52;100,62;98,92;102,72;110,24;118,98;124,70;129,70;137,07;142,97;149,70;154,41;100,62;90,72;91,47;92,39;93,27;94,15;95,04;95,89;96,75;97,57;98,45
2023-09-14;100,63;98,78;103,24;111,41;120,75;126,65;132,75;141,53;148,09;156,59;161,78;100,63;105,54;109,07;118,59;127,86;134,41;141,32;151,74;159,91;167,17;172,10;100,63;99,21;103,16;110,85;119,80;125,73;130,93;138,55;144,70;151,71;156,69;100,63;90,88;91,76;92,80;93,80;94,82;95,84;96,82;97,82;98,78;99,81
2023-09-15;100,66;98,46;102,86;110,95;120,20;126,03;132,05;140,72;147,18;155,56;160,66;100,66;105,20;108,72;118,20;127,41;133,91;140,76;151,12;159,22;166,47;171,45;100,66;98,91;102,85;110,50;119,40;125,29;130,44;138,02;144,12;151,12;156,16;100,66;90,64;91,50;92,50;93,45;94,42;95,39;96,33;97,28;98,19;99,17
2023-09-16;100,66;98,46;102,86;110,95;120,20;126,03;132,05;140,72;147,18;155,56;160,65;100,66;105,20;108,72;118,20;127,41;133,91;140,76;151,12;159,22;166,47;171,45;100,66;98,91;102,85;110,50;119,40;125,29;130,44;138,02;144,12;151,11;156,16;100,66;90,64;91,49;92,50;93,45;94,42;95,39;96,33;97,28;98,19;99,17
2023-09-17;100,65;98,46;102,86;110,95;120,20;126,03;132,05;140,72;147,18;155,56;160,65;100,65;105,20;108,72;118,20;127,41;133,91;140,76;151,12;159,22;166,46;171,45;100,65;98,91;102,85;110,50;119,40;125,29;130,44;138,02;144,12;151,11;156,15;100,65;90,64;91,49;92,50;93,45;94,42;95,39;96,33;97,28;98,19;99,16
2023-09-18;100,66;98,39;102,77;110,84;120,06;125,86;131,84;140,47;146,89;155,23;160,29;100,66;104,97;108,45;117,90;127,07;133,53;140,34;150,61;158,65;165,80;170,64;100,66;98,69;102,61;110,21;119,06;124,93;130,03;137,53;143,59;150,49;155,41;100,66;90,56;91,37;92,34;93,27;94,20;95,14;96,05;96,96;97,84;98,78
2023-09-19;100,67;98,20;102,57;110,60;119,79;125,56;131,52;140,11;146,50;154,80;159,82;100,67;104,82;108,28;117,69;126,84;133,27;140,05;150,28;158,29;165,41;170,25;100,67;98,55;102,45;110,03;118,85;124,70;129,77;137,25;143,28;150,16;155,06;100,67;90,43;91,22;92,18;93,09;94,01;94,93;95,82;96,72;97,58;98,50
2023-09-20;100,68;98,18;102,47;110,41;119,49;125,16;131,00;139,46;145,71;153,85;158,72;100,68;104,95;108,37;117,67;126,72;133,02;139,68;149,80;157,68;164,70;169,50;100,68;98,66;102,51;110,01;118,75;124,47;129,45;136,84;142,74;149,53;154,40;100,68;90,40;91,13;92,01;92,85;93,70;94,55;95,36;96,18;96,96;97,80
2023-09-21;100,69;97,69;101,89;109,72;118,66;124,21;129,92;138,21;144,31;152,27;156,99;100,69;104,41;107,73;116,94;125,87;132,07;138,61;148,56;156,29;163,17;167,87;100,69;98,14;101,92;109,30;117,93;123,56;128,42;135,66;141,44;148,09;152,83;100,69;89,92;90,60;91,42;92,20;92,98;93,77;94,52;95,27;95,99;96,77
2023-09-22;100,72;97,82;101,99;109,79;118,71;124,21;129,88;138,12;144,17;152,08;156,74;100,72;104,46;107,80;116,96;125,84;132,03;138,53;148,47;156,16;163,00;167,64;100,72;98,20;101,94;109,32;117,92;123,51;128,35;135,58;141,32;147,96;152,67;100,72;90,11;90,78;91,58;92,33;93,09;93,85;94,57;95,30;95,99;96,74
2023-09-23;100,72;97,82;101,99;109,79;118,70;124,21;129,88;138,12;144,17;152,08;156,74;100,72;104,46;107,79;116,96;125,84;132,03;138,53;148,47;156,16;163,00;167,64;100,72;98,20;101,94;109,32;117,92;123,51;128,35;135,58;141,32;147,96;152,67;100,72;90,10;90,78;91,58;92,33;93,09;93,85;94,57;95,30;95,99;96,74
2023-09-24;100,72;97,82;101,99;109,79;118,70;124,21;129,87;138,12;144,17;152,07;156,74;100,72;104,45;107,79;116,95;125,84;132,03;138,53;148,47;156,16;163,00;167,64;100,72;98,20;101,94;109,32;117,92;123,51;128,35;135,57;141,32;147,95;152,67;100,72;90,10;90,78;91,58;92,33;93,09;93,85;94,57;95,30;95,99;96,73
2023-09-25;100,73;97,48;101,74;109,64;118,67;124,31;130,13;138,54;144,77;152,87;157,73;100,73;104,06;107,44;116,70;125,69;131,99;138,62;148,69;156,53;163,48;168,21;100,73;97,82;101,62;109,08;117,76;123,47;128,43;135,77;141,65;148,39;153,16;100,73;89,79;90,55;91,44;92,29;93,15;94,01;94,83;95,66;96,45;97,30
2023-09-26;100,74;97,26;101,41;109,18;118,05;123,53;129,17;137,38;143,40;151,26;155,91;100,74;103,82;107,10;116,23;125,07;131,22;137,67;147,54;155,17;161,93;166,51;100,74;97,60;101,32;108,65;117,19;122,76;127,56;134,74;140,44;147,00;151,64;100,74;89,59;90,26;91,05;91,80;92,55;93,31;94,03;94,75;95,44;96,18
2023-09-27;100,75;97,08;101,29;109,13;118,08;123,65;129,39;137,72;143,86;151,86;156,63;100,75;103,61;106,95;116,17;125,09;131,35;137,90;147,89;155,66;162,54;167,23;100,75;97,41;101,18;108,59;117,21;122,87;127,77;135,05;140,87;147,55;152,28;100,75;89,44;90,17;91,03;91,84;92,66;93,49;94,27;95,06;95,82;96,63
2023-09-28;100,76;96,94;101,18;109,03;118,00;123,60;129,37;137,72;143,89;151,93;156,75;100,76;103,26;106,63;115,83;124,78;131,03;137,61;147,61;155,40;162,31;166,94;100,76;97,04;100,83;108,26;116,88;122,54;127,48;134,79;140,64;147,34;152,09;100,76;89,28;90,02;90,90;91,73;92,57;93,41;94,22;95,03;95,81;96,64
2023-09-29;100,79;97,14;101,33;109,14;118,05;123,59;129,29;137,57;143,66;151,61;156,33;100,79;103,70;107,04;116,17;125,05;131,25;137,75;147,71;155,41;162,25;166,87;100,79;97,46;101,19;108,60;117,18;122,76;127,64;134,90;140,67;147,32;152,05;100,79;89,45;90,18;91,03;91,84;92,65;93,47;94,25;95,04;95,79;96,59
2023-09-30;100,79;97,14;101,33;109,13;118,05;123,59;129,29;137,57;143,66;151,61;156,33;100,79;103,70;107,04;116,17;125,05;131,25;137,75;147,71;155,41;162,24;166,87;100,79;97,46;101,19;108,60;117,18;122,76;127,64;134,90;140,67;147,32;152,05;100,79;89,45;90,18;91,03;91,84;92,65;93,47;94,25;95,03;95,79;96,59
2023-10-01;100,78;97,14;101,33;109,13;118,05;123,59;129,29;137,57;143,66;151,61;156,33;100,78;103,70;107,04;116,17;125,05;131,25;137,75;147,70;155,41;162,24;166,87;100,78;97,46;101,19;108,59;117,18;122,76;127,64;134,90;140,67;147,32;152,04;100,78;89,45;90,18;91,03;91,84;92,65;93,47;94,25;95,03;95,79;96,59
2023-10-02;100,79;96,74;100,99;108,86;117,85;123,48;129,28;137,67;143,88;151,97;156,82;100,79;103,23;106,61;115,77;124,70;130,98;137,57;147,62;155,41;162,31;166,97;100,79;97,03;100,80;108,23;116,86;122,51;127,47;134,81;140,65;147,36;152,11;100,79;89,13;89,94;90,88;91,77;92,67;93,58;94,44;95,32;96,17;97,07
2023-10-03;100,80;96,15;100,32;108,07;116,92;122,43;128,11;136,34;142,40;150,31;155,02;100,80;102,64;105,94;114,97;123,76;129,93;136,39;146,27;153,90;160,64;165,18;100,80;96,46;100,16;107,46;115,97;121,50;126,34;133,54;139,24;145,81;150,42;100,80;88,57;89,32;90,19;91,01;91,85;92,68;93,47;94,28;95,05;95,87
2023-10-04;100,81;96,38;100,55;108,32;117,20;122,71;128,40;136,65;142,73;150,66;155,38;100,81;102,87;106,14;115,08;123,86;129,95;136,37;146,21;153,77;160,39;164,72;100,81;96,63;100,28;107,57;116,03;121,49;126,32;133,48;139,13;145,60;150,06;100,81;88,79;89,52;90,40;91,22;92,06;92,90;93,69;94,50;95,28;96,10
2023-10-05;100,82;96,47;100,62;108,37;117,22;122,71;128,37;136,58;142,62;150,50;155,18;100,82;103,00;106,24;115,23;124,01;130,10;136,50;146,31;153,87;160,50;164,91;100,82;96,74;100,41;107,69;116,16;121,64;126,43;133,57;139,21;145,70;150,20;100,82;88,90;89,61;90,47;91,27;92,09;92,91;93,69;94,48;95,24;96,04
2023-10-06;100,85;96,35;100,61;108,47;117,45;123,08;128,89;137,28;143,51;151,60;156,48;100,85;102,87;106,21;115,26;124,15;130,36;136,91;146,89;154,62;161,41;165,95;100,85;96,61;100,34;107,73;116,31;121,88;126,81;134,11;139,90;146,54;151,18;100,85;88,72;89,52;90,48;91,39;92,31;93,24;94,13;95,03;95,89;96,81
2023-10-07;100,85;96,35;100,61;108,47;117,45;123,08;128,89;137,28;143,51;151,60;156,48;100,85;102,87;106,21;115,26;124,15;130,36;136,90;146,89;154,62;161,41;165,95;100,85;96,60;100,34;107,73;116,30;121,87;126,81;134,11;139,90;146,54;151,18;100,85;88,72;89,52;90,48;91,39;92,31;93,24;94,12;95,02;95,89;96,81
2023-10-08;100,85;96,35;100,61;108,46;117,45;123,08;128,89;137,28;143,50;151,60;156,47;100,85;102,87;106,21;115,25;124,15;130,36;136,90;146,89;154,62;161,41;165,95;100,85;96,60;100,34;107,73;116,30;121,87;126,81;134,11;139,89;146,54;151,18;100,85;88,72;89,52;90,48;91,39;92,31;93,24;94,12;95,02;95,89;96,81
2023-10-09;100,86;96,57;100,86;108,76;117,78;123,45;129,30;137,74;144,01;152,16;157,08;100,86;103,32;106,62;115,70;124,60;130,82;137,37;147,37;155,09;161,86;166,39;100,86;97,00;100,73;108,14;116,72;122,31;127,24;134,54;140,31;146,93;151,53;100,86;88,86;89,65;90,61;91,51;92,44;93,36;94,25;95,15;96,01;96,93
2023-10-10;100,87;97,08;101,39;109,33;118,40;124,10;129,98;138,46;144,77;152,96;157,90;100,87;103,76;107,14;116,30;125,30;131,57;138,19;148,27;156,09;163,00;167,67;100,87;97,43;101,24;108,70;117,37;123,02;128,01;135,38;141,24;147,98;152,73;100,87;89,43;90,21;91,16;92,06;92,97;93,89;94,77;95,66;96,51;97,42
2023-10-11;100,88;97,46;101,76;109,70;118,78;124,47;130,33;138,81;145,09;153,27;158,19;100,88;104,16;107,55;116,69;125,67;131,94;138,56;148,64;156,45;163,34;167,97;100,88;97,83;101,62;109,09;117,76;123,39;128,36;135,73;141,58;148,30;153,04;100,88;89,80;90,58;91,53;92,42;93,32;94,23;95,10;95,98;96,83;97,73
2023-10-12;100,89;97,00;101,34;109,32;118,43;124,17;130,10;138,64;145,00;153,26;158,27;100,89;103,65;107,12;116,32;125,36;131,73;138,45;148,64;156,57;163,61;168,47;100,89;97,39;101,25;108,74;117,47;123,21;128,25;135,70;141,65;148,51;153,40;100,89;89,32;90,19;91,19;92,15;93,12;94,09;95,02;95,97;96,88;97,86
2023-10-13;100,92;97,21;101,51;109,44;118,51;124,20;130,07;138,54;144,83;153,00;157,93;100,92;103,92;107,33;116,46;125,43;131,71;138,34;148,41;156,22;163,11;167,74;100,92;97,63;101,43;108,85;117,51;123,16;128,12;135,46;141,30;148,02;152,73;100,92;89,53;90,33;91,27;92,16;93,06;93,97;94,84;95,71;96,56;97,46
2023-10-14;100,92;97,21;101,51;109,44;118,51;124,20;130,07;138,54;144,82;153,00;157,92;100,92;103,92;107,33;116,46;125,42;131,71;138,34;148,41;156,22;163,11;167,74;100,92;97,63;101,43;108,85;117,51;123,15;128,12;135,46;141,30;148,02;152,72;100,92;89,53;90,33;91,27;92,16;93,06;93,97;94,84;95,71;96,56;97,46
2023-10-15;100,92;97,21;101,51;109,44;118,51;124,20;130,06;138,54;144,82;152,99;157,92;100,92;103,92;107,33;116,46;125,42;131,70;138,34;148,41;156,22;163,10;167,74;100,92;97,63;101,43;108,85;117,50;123,15;128,12;135,46;141,30;148,02;152,72;100,92;89,53;90,33;91,27;92,16;93,06;93,97;94,83;95,71;96,56;97,45
2023-10-16;100,93;96,96;101,31;109,29;118,43;124,19;130,13;138,69;145,08;153,36;158,40;100,93;103,65;107,06;116,17;125,18;131,48;138,16;148,29;156,14;163,05;167,68;100,93;97,34;101,15;108,61;117,29;122,95;127,98;135,39;141,27;148,01;152,73;100,93;89,31;90,13;91,11;92,04;92,99;93,94;94,85;95,77;96,66;97,61
2023-10-17;100,94;96,47;100,83;108,82;117,95;123,74;129,71;138,29;144,71;153,02;158,11;100,94;103,17;106,60;115,76;124,79;131,13;137,84;148,02;155,93;162,92;167,67;100,94;96,90;100,73;108,23;116,93;122,63;127,70;135,16;141,09;147,90;152,72;100,94;88,89;89,74;90,75;91,72;92,70;93,68;94,63;95,59;96,51;97,49
2023-10-18;100,95;96,06;100,36;108,25;117,28;122,97;128,84;137,30;143,60;151,78;156,74;100,95;102,82;106,17;115,26;124,18;130,44;137,05;147,08;154,86;161,73;166,41;100,95;96,56;100,35;107,76;116,37;122,00;126,97;134,31;140,14;146,83;151,57;100,95;88,46;89,26;90,22;91,13;92,06;92,99;93,88;94,78;95,65;96,57
2023-10-19;100,95;95,71;99,91;107,67;116,55;122,10;127,81;136,08;142,20;150,17;154,94;100,95;102,47;105,71;114,63;123,38;129,48;135,92;145,74;153,30;159,94;164,41;100,95;96,22;99,89;107,16;115,61;121,09;125,90;133,05;138,69;145,18;149,70;100,95;88,10;88,82;89,70;90,52;91,35;92,19;92,98;93,79;94,56;95,39
2023-10-20;100,99;95,80;99,86;107,47;116,16;121,51;127,02;135,04;140,91;148,59;153,09;100,99;102,63;105,74;114,51;123,08;128,98;135,21;144,78;152,07;158,46;162,68;100,99;96,38;99,92;107,03;115,31;120,62;125,22;132,15;137,55;143,80;148,10;100,99;88,23;88,84;89,59;90,28;90,98;91,69;92,34;93,01;93,64;94,32
2023-10-21;100,98;95,80;99,86;107,47;116,16;121,51;127,02;135,04;140,91;148,59;153,09;100,98;102,63;105,74;114,51;123,08;128,98;135,21;144,77;152,07;158,45;162,68;100,98;96,37;99,91;107,03;115,31;120,62;125,22;132,15;137,55;143,80;148,09;100,98;88,23;88,84;89,59;90,28;90,98;91,68;92,34;93,01;93,64;94,32
2023-10-22;100,98;95,80;99,86;107,46;116,16;121,51;127,02;135,04;140,91;148,58;153,09;100,98;102,63;105,74;114,51;123,08;128,98;135,21;144,77;152,07;158,45;162,67;100,98;96,37;99,91;107,03;115,31;120,61;125,22;132,15;137,55;143,80;148,09;100,98;88,23;88,84;89,58;90,27;90,98;91,68;92,34;93,01;93,64;94,32
2023-10-23;100,99;95,95;99,95;107,49;116,10;121,36;126,78;134,69;140,45;147,99;152,37;100,99;102,80;105,83;114,50;122,97;128,76;134,88;144,30;151,45;157,68;161,72;100,99;96,50;99,98;107,01;115,20;120,39;124,90;131,70;136,98;143,09;147,24;100,99;88,39;88,92;89,60;90,22;90,85;91,48;92,06;92,66;93,21;93,81
2023-10-24;101,00;96,25;100,31;107,93;116,64;121,99;127,50;135,53;141,39;149,07;153,56;101,00;103,05;106,15;114,89;123,46;129,33;135,54;145,08;152,35;158,68;162,79;101,00;96,77;100,30;107,42;115,69;120,96;125,56;132,48;137,86;144,05;148,27;101,00;88,63;89,20;89,94;90,61;91,30;91,99;92,63;93,28;93,90;94,56
2023-10-25;101,01;95,78;99,77;107,30;115,91;121,17;126,59;134,50;140,25;147,80;152,18;101,01;102,58;105,66;114,34;122,84;128,66;134,81;144,28;151,48;157,78;161,97;101,01;96,35;99,87;106,91;115,13;120,36;124,89;131,74;137,06;143,24;147,48;101,01;88,17;88,73;89,41;90,04;90,68;91,31;91,90;92,50;93,06;93,67
2023-10-26;101,02;96,02;99,93;107,37;115,87;121,02;126,30;134,07;139,67;147,04;151,25;101,02;102,86;105,86;114,46;122,85;128,56;134,57;143,89;150,94;157,08;161,08;101,02;96,60;100,02;107,00;115,12;120,23;124,65;131,38;136,57;142,60;146,71;101,02;88,37;88,85;89,44;89,98;90,53;91,08;91,58;92,08;92,55;93,07
2023-10-27;101,05;96,05;99,89;107,25;115,67;120,72;125,90;133,55;139,03;146,27;150,36;101,05;102,87;105,81;114,40;122,72;128,38;134,32;143,55;150,51;156,59;160,57;101,05;96,63;100,02;106,94;115,00;120,08;124,41;131,06;136,17;142,14;146,21;101,05;88,39;88,85;89,41;89,91;90,42;90,92;91,38;91,84;92,27;92,74
2023-10-28;101,05;96,05;99,89;107,25;115,66;120,72;125,90;133,55;139,03;146,27;150,36;101,05;102,87;105,81;114,40;122,72;128,38;134,32;143,55;150,51;156,59;160,57;101,05;96,63;100,02;106,94;115,00;120,08;124,41;131,05;136,17;142,14;146,21;101,05;88,39;88,85;89,41;89,91;90,42;90,92;91,38;91,84;92,27;92,74
2023-10-29;101,05;96,05;99,88;107,25;115,66;120,72;125,90;133,55;139,03;146,27;150,36;101,05;102,86;105,81;114,40;122,72;128,38;134,32;143,55;150,51;156,59;160,57;101,05;96,63;100,02;106,94;115,00;120,08;124,41;131,05;136,17;142,14;146,21;101,05;88,39;88,85;89,41;89,91;90,41;90,92;91,38;91,84;92,26;92,74
2023-10-30;101,06;96,03;99,93;107,36;115,84;120,97;126,24;133,98;139,56;146,91;151,10;101,06;102,94;105,92;114,51;122,88;128,58;134,58;143,89;150,92;157,03;161,04;101,06;96,69;100,10;107,05;115,16;120,27;124,66;131,36;136,52;142,54;146,62;101,06;88,36;88,85;89,45;90,00;90,55;91,11;91,61;92,12;92,60;93,12
2023-10-31;101,07;96,07;100,05;107,58;116,18;121,42;126,81;134,70;140,43;147,94;152,29;101,07;103,03;106,05;114,72;123,19;128,98;135,08;144,51;151,66;157,87;161,95;101,07;96,75;100,22;107,26;115,45;120,63;125,14;131,95;137,21;143,31;147,46;101,07;88,37;88,91;89,58;90,19;90,82;91,44;92,01;92,60;93,14;93,74
2023-11-01;101,08;96,69;100,76;108,42;117,17;122,55;128,07;136,14;142,03;149,73;154,24;101,08;103,59;106,67;115,54;124,17;130,09;136,34;145,91;153,24;159,60;163,80;101,08;97,26;100,85;107,99;116,32;121,66;126,27;133,20;138,62;144,86;149,10;101,08;88,96;89,54;90,27;90,95;91,64;92,33;92,97;93,62;94,23;94,90
2023-11-02;101,09;97,24;101,40;109,17;118,05;123,54;129,19;137,41;143,44;151,32;155,97;101,09;104,17;107,35;116,32;125,09;131,11;137,48;147,21;154,69;161,20;165,51;101,09;97,85;101,51;108,76;117,21;122,64;127,37;134,44;139,99;146,36;150,72;101,09;89,51;90,14;90,92;91,65;92,39;93,13;93,83;94,54;95,20;95,92
2023-11-03;101,12;97,70;101,84;109,60;118,47;123,93;129,55;137,73;143,72;151,54;156,14;101,12;104,57;107,74;116,72;125,48;131,49;137,83;147,57;155,03;161,53;165,83;101,12;98,25;101,87;109,16;117,62;123,03;127,74;134,82;140,35;146,71;151,09;101,12;89,88;90,50;91,28;92,00;92,73;93,46;94,15;94,85;95,51;96,22
2023-11-04;101,12;97,70;101,84;109,60;118,47;123,93;129,54;137,73;143,71;151,54;156,13;101,12;104,57;107,74;116,72;125,47;131,49;137,83;147,57;155,03;161,53;165,82;101,12;98,25;101,87;109,16;117,62;123,03;127,74;134,82;140,35;146,71;151,09;101,12;89,88;90,50;91,28;92,00;92,73;93,46;94,15;94,85;95,51;96,22
2023-11-05;101,12;97,70;101,84;109,60;118,47;123,92;129,54;137,73;143,71;151,54;156,13;101,12;104,57;107,74;116,72;125,47;131,49;137,83;147,57;155,02;161,53;165,82;101,12;98,25;101,87;109,16;117,61;123,03;127,74;134,82;140,35;146,71;151,09;101,12;89,88;90,50;91,27;92,00;92,73;93,46;94,15;94,85;95,51;96,22
2023-11-06;101,12;97,42;101,58;109,35;118,24;123,73;129,38;137,60;143,63;151,51;156,15;101,12;104,17;107,43;116,45;125,24;131,36;137,79;147,63;155,19;161,83;166,28;101,12;97,92;101,60;108,91;117,42;122,92;127,69;134,84;140,46;146,94;151,46;101,12;89,65;90,35;91,17;91,95;92,73;93,52;94,26;95,01;95,73;96,49
2023-11-07;101,13;97,80;101,99;109,81;118,74;124,27;129,96;138,22;144,29;152,21;156,89;101,13;104,57;107,82;116,82;125,63;131,74;138,17;148,03;155,58;162,17;166,51;101,13;98,26;101,92;109,23;117,75;123,22;128,01;135,15;140,76;147,21;151,63;101,13;90,01;90,71;91,56;92,36;93,16;93,97;94,73;95,51;96,24;97,03
2023-11-08;101,14;98,06;102,22;110,01;118,91;124,39;130,02;138,24;144,24;152,10;156,71;101,14;104,85;108,07;116,98;125,74;131,78;138,15;147,94;155,40;161,90;166,12;101,14;98,52;102,13;109,40;117,86;123,26;128,00;135,08;140,61;146,98;151,30;101,14;90,23;90,90;91,71;92,48;93,25;94,02;94,75;95,48;96,18;96,93
2023-11-09;101,15;97,66;101,79;109,55;118,42;123,88;129,50;137,68;143,66;151,49;156,08;101,15;104,47;107,70;116,61;125,36;131,39;137,76;147,54;155,02;161,57;165,96;101,15;98,16;101,81;109,06;117,52;122,93;127,65;134,74;140,28;146,69;151,13;101,15;89,87;90,53;91,33;92,08;92,84;93,60;94,32;95,04;95,73;96,47
2023-11-10;101,18;97,72;101,98;109,87;118,90;124,51;130,30;138,69;144,88;152,94;157,75;101,18;104,44;107,70;116,72;125,60;131,74;138,25;148,16;155,78;162,39;166,72;101,18;98,12;101,83;109,16;117,71;123,23;128,08;135,28;140,94;147,40;151,79;101,18;89,89;90,61;91,52;92,37;93,23;94,09;94,91;95,74;96,54;97,38
2023-11-11;101,18;97,72;101,98;109,87;118,89;124,51;130,30;138,69;144,88;152,94;157,74;101,18;104,44;107,70;116,72;125,60;131,74;138,25;148,16;155,78;162,39;166,72;101,18;98,12;101,83;109,16;117,71;123,23;128,08;135,27;140,94;147,40;151,79;101,18;89,88;90,61;91,51;92,36;93,23;94,09;94,91;95,74;96,53;97,38
2023-11-12;101,18;97,72;101,98;109,87;118,89;124,51;130,30;138,69;144,87;152,94;157,74;101,18;104,44;107,70;116,72;125,60;131,74;138,25;148,16;155,78;162,39;166,72;101,18;98,12;101,83;109,15;117,71;123,23;128,08;135,27;140,94;147,40;151,79;101,18;89,88;90,61;91,51;92,36;93,22;94,09;94,91;95,74;96,53;97,38
2023-11-13;101,19;97,70;101,95;109,84;118,86;124,47;130,25;138,63;144,81;152,87;157,67;101,19;104,45;107,74;116,73;125,61;131,75;138,26;148,18;155,81;162,45;166,82;101,19;98,11;101,83;109,15;117,71;123,22;128,08;135,28;140,95;147,44;151,88;101,19;89,89;90,62;91,51;92,35;93,20;94,05;94,86;95,67;96,46;97,29
2023-11-14;101,20;98,54;102,80;110,74;119,80;125,44;131,24;139,65;145,85;153,93;158,73;101,20;105,36;108,64;117,71;126,66;132,80;139,31;149,27;156,93;163,59;167,93;101,20;98,93;102,65;110,05;118,65;124,17;129,05;136,29;141,98;148,50;152,93;101,20;90,70;91,39;92,26;93,09;93,93;94,77;95,56;96,37;97,14;97,96
2023-11-15;101,21;98,33;102,62;110,58;119,68;125,35;131,19;139,65;145,90;154,04;158,91;101,21;105,10;108,47;117,61;126,61;132,86;139,46;149,56;157,34;164,16;168,74;101,21;98,76;102,53;110,01;118,69;124,29;129,26;136,62;142,42;149,08;153,72;101,21;90,52;91,28;92,22;93,10;93,99;94,88;95,74;96,60;97,43;98,31
2023-11-16;101,22;98,68;102,93;110,86;119,92;125,54;131,33;139,72;145,90;153,96;158,74;101,22;105,45;108,78;117,86;126,80;132,99;139,53;149,53;157,21;163,91;168,34;101,22;99,09;102,82;110,22;118,85;124,39;129,27;136,53;142,24;148,80;153,29;101,22;90,89;91,60;92,49;93,32;94,16;95,01;95,81;96,62;97,40;98,22
2023-11-17;101,25;98,78;103,07;111,03;120,12;125,78;131,60;140,05;146,27;154,39;159,21;101,25;105,48;108,83;118,00;127,01;133,24;139,83;149,87;157,63;164,42;168,96;101,25;99,11;102,90;110,33;119,01;124,62;129,55;136,85;142,63;149,26;153,83;101,25;90,94;91,65;92,55;93,40;94,26;95,11;95,93;96,75;97,54;98,38
2023-11-18;101,25;98,78;103,06;111,02;120,12;125,78;131,60;140,05;146,27;154,39;159,21;101,25;105,48;108,83;118,00;127,01;133,24;139,82;149,87;157,63;164,42;168,96;101,25;99,11;102,90;110,33;119,01;124,62;129,54;136,85;142,63;149,26;153,83;101,25;90,94;91,65;92,55;93,40;94,25;95,11;95,93;96,75;97,54;98,38
2023-11-19;101,25;98,78;103,06;111,02;120,12;125,78;131,60;140,05;146,27;154,38;159,21;101,25;105,48;108,83;118,00;127,01;133,24;139,82;149,87;157,63;164,42;168,96;101,25;99,10;102,90;110,33;119,01;124,62;129,54;136,85;142,63;149,26;153,83;101,25;90,93;91,65;92,55;93,40;94,25;95,11;95,93;96,75;97,54;98,38
2023-11-20;101,26;98,86;103,16;111,14;120,26;125,94;131,78;140,25;146,50;154,64;159,50;101,26;105,55;108,93;118,10;127,12;133,37;139,98;150,06;157,84;164,66;169,19;101,26;99,18;102,98;110,43;119,13;124,75;129,70;137,03;142,83;149,48;154,07;101,26;91,08;91,81;92,72;93,57;94,44;95,30;96,13;96,96;97,76;98,61
2023-11-21;101,27;99,02;103,29;111,25;120,35;125,99;131,81;140,24;146,45;154,55;159,35;101,27;105,73;109,09;118,23;127,23;133,45;140,04;150,08;157,83;164,61;169,13;101,27;99,37;103,15;110,58;119,26;124,85;129,77;137,07;142,83;149,45;154,02;101,27;91,20;91,92;92,80;93,64;94,48;95,32;96,13;96,94;97,71;98,54
2023-11-22;101,28;99,07;103,42;111,47;120,67;126,42;132,35;140,93;147,27;155,53;160,48;101,28;105,81;109,23;118,44;127,53;133,84;140,52;150,69;158,55;165,42;169,99;101,28;99,45;103,28;110,79;119,55;125,22;130,24;137,65;143,52;150,21;154,84;101,28;91,22;92,00;92,95;93,86;94,77;95,69;96,57;97,45;98,31;99,21
2023-11-23;101,29;98,93;103,27;111,29;120,46;126,19;132,09;140,63;146,94;155,16;160,08;101,29;105,68;109,11;118,29;127,36;133,64;140,31;150,47;158,31;165,19;169,76;101,29;99,33;103,16;110,65;119,39;125,04;130,04;137,43;143,29;149,98;154,63;101,29;91,16;91,92;92,86;93,75;94,65;95,54;96,41;97,27;98,11;98,99
2023-11-24;101,32;98,71;103,05;111,08;120,25;125,99;131,90;140,45;146,78;155,02;159,96;101,32;105,51;108,92;118,11;127,19;133,46;140,13;150,26;158,11;165,00;169,60;101,32;99,15;102,99;110,48;119,22;124,88;129,88;137,27;143,13;149,82;154,48;101,32;90,92;91,68;92,62;93,52;94,42;95,32;96,19;97,06;97,90;98,79
2023-11-25;101,32;98,71;103,05;111,08;120,25;125,99;131,90;140,45;146,78;155,02;159,96;101,32;105,50;108,91;118,11;127,19;133,46;140,13;150,26;158,11;164,99;169,60;101,32;99,15;102,99;110,48;119,22;124,87;129,88;137,27;143,13;149,82;154,48;101,32;90,92;91,68;92,62;93,51;94,42;95,32;96,19;97,06;97,90;98,79
2023-11-26;101,31;98,71;103,05;111,08;120,25;125,99;131,90;140,45;146,78;155,01;159,96;101,31;105,50;108,91;118,11;127,18;133,46;140,13;150,26;158,11;164,99;169,60;101,31;99,15;102,99;110,48;119,22;124,87;129,88;137,27;143,13;149,82;154,48;101,31;90,92;91,68;92,62;93,51;94,41;95,32;96,19;97,06;97,90;98,79
2023-11-27;101,32;99,10;103,40;111,40;120,53;126,21;132,06;140,55;146,80;154,95;159,80;101,32;105,97;109,32;118,49;127,52;133,73;140,32;150,37;158,13;164,91;169,40;101,32;99,58;103,37;110,81;119,50;125,10;130,03;137,33;143,11;149,71;154,26;101,32;91,31;92,02;92,91;93,76;94,61;95,47;96,28;97,10;97,89;98,73
2023-11-28;101,33;99,33;103,59;111,54;120,62;126,24;132,03;140,43;146,61;154,67;159,43;101,33;106,20;109,53;118,65;127,63;133,80;140,34;150,34;158,03;164,75;169,20;101,33;99,80;103,55;110,96;119,62;125,16;130,04;137,30;143,01;149,57;154,07;101,33;91,50;92,18;93,03;93,84;94,66;95,47;96,24;97,02;97,77;98,56
2023-11-29;101,34;99,81;104,05;111,99;121,07;126,66;132,42;140,80;146,93;154,95;159,66;101,34;106,66;109,97;119,09;128,07;134,21;140,71;150,69;158,36;165,04;169,44;101,34;100,23;103,98;111,38;120,03;125,54;130,40;137,62;143,31;149,83;154,29;101,34;91,91;92,56;93,39;94,18;94,97;95,76;96,51;97,27;97,99;98,76
2023-11-30;101,35;99,66;104,00;112,06;121,27;127,01;132,92;141,48;147,80;156,04;160,95;101,35;106,51;109,91;119,14;128,25;134,53;141,18;151,33;159,18;166,04;170,61;101,35;100,10;103,94;111,44;120,20;125,85;130,84;138,22;144,06;150,74;155,36;101,35;91,81;92,55;93,47;94,35;95,23;96,11;96,96;97,80;98,62;99,49
2023-12-01;101,38;100,32;104,76;112,95;122,30;128,16;134,21;142,94;149,41;157,83;162,89;101,38;107,30;110,74;120,15;129,40;135,79;142,55;152,86;160,86;167,85;172,51;101,38;100,81;104,71;112,34;121,23;126,99;132,09;139,60;145,56;152,37;157,07;101,38;92,37;93,16;94,14;95,09;96,03;96,98;97,90;98,82;99,71;100,64
2023-12-02;101,38;100,32;104,76;112,94;122,30;128,16;134,21;142,94;149,41;157,82;162,89;101,38;107,29;110,74;120,15;129,40;135,79;142,55;152,86;160,86;167,84;172,51;101,38;100,81;104,71;112,34;121,23;126,99;132,09;139,59;145,56;152,37;157,07;101,38;92,37;93,16;94,14;95,09;96,03;96,98;97,90;98,81;99,71;100,64
2023-12-03;101,38;100,32;104,76;112,94;122,30;128,16;134,21;142,94;149,41;157,82;162,89;101,38;107,29;110,74;120,14;129,40;135,78;142,55;152,86;160,85;167,84;172,51;101,38;100,81;104,71;112,34;121,23;126,98;132,08;139,59;145,56;152,37;157,07;101,38;92,37;93,16;94,14;95,09;96,03;96,98;97,90;98,81;99,71;100,64
2023-12-04;101,39;100,24;104,65;112,81;122,13;127,96;133,97;142,65;149,08;157,45;162,47;101,39;107,24;110,67;120,07;129,30;135,67;142,39;152,69;160,66;167,63;172,31;101,39;100,78;104,65;112,28;121,16;126,89;131,98;139,48;145,43;152,22;156,92;101,39;92,26;93,05;94,03;94,96;95,90;96,84;97,75;98,66;99,55;100,48
2023-12-05;101,40;100,75;105,13;113,27;122,56;128,34;134,30;142,94;149,30;157,60;162,54;101,40;107,90;111,27;120,60;129,78;136,06;142,71;152,92;160,78;167,63;172,17;101,40;101,37;105,20;112,76;121,58;127,23;132,24;139,64;145,48;152,17;156,73;101,40;92,75;93,47;94,40;95,28;96,17;97,05;97,91;98,76;99,58;100,45
2023-12-06;101,41;101,06;105,43;113,57;122,86;128,64;134,58;143,21;149,56;157,84;162,76;101,41;108,21;111,59;120,99;130,20;136,50;143,17;153,39;161,30;168,20;172,85;101,41;101,67;105,54;113,13;122,00;127,69;132,69;140,12;145,99;152,72;157,38;101,41;93,09;93,80;94,71;95,58;96,44;97,31;98,15;98,98;99,79;100,64
2023-12-07;101,42;101,03;105,46;113,66;123,04;128,90;134,94;143,67;150,13;158,53;163,57;101,42;108,27;111,65;121,14;130,42;136,78;143,52;153,79;161,77;168,71;173,36;101,42;101,72;105,64;113,28;122,20;127,95;133,01;140,49;146,43;153,19;157,83;101,42;92,97;93,73;94,71;95,65;96,59;97,53;98,44;99,35;100,23;101,16
2023-12-08;101,45;100,70;105,21;113,48;122,94;128,89;135,03;143,88;150,47;159,01;164,19;101,45;107,79;111,28;120,77;130,14;136,60;143,45;153,89;162,01;169,10;173,90;101,45;101,27;105,24;112,97;121,97;127,79;132,99;140,62;146,69;153,60;158,41;101,45;92,67;93,49;94,54;95,55;96,57;97,58;98,57;99,55;100,52;101,53
2023-12-09;101,45;100,70;105,21;113,48;122,93;128,89;135,03;143,88;150,46;159,01;164,19;101,45;107,79;111,27;120,77;130,13;136,59;143,44;153,89;162,01;169,10;173,90;101,45;101,27;105,24;112,97;121,97;127,79;132,99;140,62;146,69;153,60;158,41;101,45;92,66;93,49;94,54;95,55;96,56;97,58;98,57;99,55;100,52;101,52
2023-12-10;101,45;100,70;105,20;113,48;122,93;128,89;135,03;143,88;150,46;159,01;164,19;101,45;107,78;111,27;120,76;130,13;136,59;143,44;153,88;162,01;169,10;173,90;101,45;101,27;105,24;112,97;121,97;127,79;132,98;140,62;146,69;153,60;158,40;101,45;92,66;93,49;94,54;95,55;96,56;97,58;98,57;99,55;100,52;101,52
2023-12-11;101,46;100,70;105,26;113,60;123,13;129,15;135,38;144,33;151,01;159,67;164,96;101,46;107,80;111,32;120,86;130,29;136,80;143,72;154,23;162,43;169,58;174,42;101,46;101,27;105,28;113,05;122,09;127,97;133,22;140,91;147,04;154,01;158,85;101,46;92,66;93,52;94,61;95,67;96,72;97,78;98,82;99,85;100,86;101,91
2023-12-12;101,47;100,90;105,45;113,78;123,30;129,32;135,53;144,46;151,12;159,76;165,02;101,47;107,99;111,49;121,02;130,43;136,93;143,83;154,31;162,48;169,59;174,38;101,47;101,45;105,44;113,20;122,23;128,09;133,32;140,99;147,10;154,03;158,82;101,47;92,87;93,72;94,80;95,84;96,88;97,93;98,95;99,97;100,96;102,00
2023-12-13;101,48;101,80;106,39;114,81;124,43;130,51;136,79;145,81;152,55;161,28;166,60;101,48;108,78;112,28;121,92;131,42;137,96;144,90;155,44;163,67;170,78;175,46;101,48;102,17;106,18;114,02;123,12;129,02;134,30;142,01;148,17;155,12;159,84;101,48;93,74;94,57;95,65;96,70;97,75;98,81;99,83;100,86;101,86;102,91
2023-12-14;101,49;102,30;106,77;115,05;124,52;130,42;136,50;145,30;151,80;160,26;165,32;101,49;109,36;112,80;122,36;131,75;138,16;144,92;155,32;163,38;170,37;174,97;101,49;102,77;106,68;114,48;123,49;129,26;134,41;142,01;148,02;154,84;159,53;101,49;94,29;95,01;95,98;96,90;97,83;98,75;99,64;100,53;101,40;102,30
2023-12-15;101,52;102,49;107,02;115,37;124,92;130,89;137,06;145,96;152,56;161,13;166,29;101,52;109,69;113,17;122,81;132,27;138,77;145,62;156,13;164,28;171,37;176,09;101,52;103,10;107,05;114,93;124,02;129,87;135,08;142,78;148,87;155,78;160,58;101,52;94,40;95,20;96,23;97,22;98,20;99,19;100,15;101,11;102,05;103,02
2023-12-16;101,51;102,49;107,02;115,37;124,91;130,89;137,06;145,96;152,55;161,13;166,28;101,51;109,69;113,17;122,81;132,27;138,76;145,62;156,13;164,28;171,37;176,09;101,51;103,09;107,05;114,93;124,02;129,87;135,07;142,78;148,87;155,78;160,57;101,51;94,40;95,20;96,23;97,22;98,20;99,19;100,15;101,11;102,04;103,02
2023-12-17;101,51;102,49;107,01;115,37;124,91;130,89;137,05;145,96;152,55;161,13;166,28;101,51;109,69;113,17;122,81;132,26;138,76;145,61;156,12;164,28;171,37;176,09;101,51;103,09;107,05;114,93;124,01;129,87;135,07;142,78;148,86;155,78;160,57;101,51;94,40;95,20;96,23;97,22;98,20;99,19;100,15;101,11;102,04;103,02
2023-12-18;101,52;102,35;106,90;115,28;124,85;130,87;137,07;146,02;152,67;161,30;166,51;101,52;109,46;112,96;122,56;132,02;138,52;145,39;155,92;164,08;171,16;175,82;101,52;102,88;106,83;114,72;123,80;129,64;134,89;142,62;148,71;155,61;160,37;101,52;94,27;95,08;96,12;97,13;98,14;99,14;100,13;101,10;102,06;103,06
2023-12-19;101,53;102,56;107,10;115,48;125,05;131,06;137,25;146,19;152,81;161,43;166,62;101,53;109,78;113,24;122,85;132,30;138,77;145,61;156,12;164,25;171,30;175,94;101,53;103,17;107,10;115,01;124,09;129,90;135,13;142,85;148,91;155,79;160,53;101,53;94,46;95,23;96,26;97,25;98,23;99,22;100,18;101,14;102,08;103,05
2023-12-20;101,54;102,81;107,25;115,51;124,94;130,80;136,82;145,56;151,99;160,38;165,35;101,54;110,04;113,44;122,98;132,32;138,68;145,39;155,75;163,74;170,68;175,28;101,54;103,41;107,28;115,11;124,10;129,83;134,91;142,50;148,44;155,22;159,92;101,54;94,71;95,40;96,33;97,21;98,10;98,98;99,83;100,68;101,50;102,36
2023-12-21;101,55;102,84;107,34;115,67;125,19;131,13;137,25;146,10;152,64;161,16;166,24;101,55;110,08;113,50;123,10;132,51;138,94;145,72;156,17;164,24;171,24;175,87;101,55;103,45;107,35;115,24;124,28;130,07;135,22;142,89;148,89;155,72;160,44;101,55;94,75;95,48;96,46;97,40;98,34;99,28;100,19;101,10;101,98;102,91
2023-12-22;101,60;102,79;107,29;115,63;125,16;131,10;137,23;146,09;152,64;161,17;166,27;101,60;110,08;113,48;123,09;132,51;138,92;145,69;156,12;164,19;171,17;175,79;101,60;103,43;107,33;115,23;124,27;130,06;135,21;142,88;148,88;155,69;160,41;101,60;94,69;95,42;96,40;97,35;98,29;99,24;100,15;101,06;101,95;102,88
2023-12-23;101,60;102,79;107,29;115,63;125,16;131,10;137,23;146,09;152,64;161,17;166,27;101,60;110,08;113,47;123,09;132,51;138,92;145,69;156,12;164,19;171,17;175,79;101,60;103,43;107,33;115,23;124,27;130,05;135,21;142,88;148,87;155,69;160,41;101,60;94,69;95,42;96,40;97,35;98,29;99,24;100,15;101,06;101,95;102,88
2023-12-24;101,60;102,79;107,29;115,63;125,15;131,10;137,23;146,09;152,64;161,17;166,27;101,60;110,08;113,47;123,09;132,51;138,92;145,69;156,12;164,18;171,16;175,79;101,60;103,43;107,33;115,23;124,27;130,05;135,21;142,87;148,87;155,69;160,40;101,60;94,69;95,41;96,40;97,35;98,29;99,23;100,15;101,06;101,95;102,87
2023-12-25;101,60;102,79;107,29;115,63;125,15;131,10;137,22;146,09;152,64;161,16;166,26;101,60;110,08;113,47;123,09;132,51;138,92;145,69;156,12;164,18;171,16;175,79;101,60;103,43;107,33;115,23;124,27;130,05;135,20;142,87;148,87;155,69;160,40;101,60;94,69;95,41;96,40;97,35;98,29;99,23;100,15;101,06;101,95;102,87
2023-12-26;101,60;102,84;107,36;115,72;125,27;131,24;137,39;146,29;152,87;161,44;166,57;101,60;110,12;113,54;123,18;132,62;139,07;145,86;156,34;164,44;171,46;176,10;101,60;103,47;107,38;115,30;124,37;130,18;135,36;143,06;149,09;155,94;160,67;101,60;94,71;95,45;96,46;97,43;98,39;99,36;100,30;101,23;102,14;103,09
2023-12-27;101,61;103,23;107,70;116,01;125,50;131,40;137,46;146,27;152,75;161,20;166,21;101,61;110,54;113,94;123,56;132,96;139,36;146,10;156,51;164,55;171,52;176,13;101,61;103,88;107,75;115,64;124,68;130,45;135,56;143,20;149,17;155,98;160,70;101,61;95,10;95,81;96,76;97,67;98,58;99,49;100,37;101,25;102,10;102,99
2023-12-28;101,62;103,05;107,54;115,86;125,38;131,30;137,40;146,24;152,76;161,25;166,31;101,62;110,29;113,74;123,41;132,84;139,32;146,11;156,60;164,72;171,78;176,51;101,62;103,68;107,59;115,52;124,60;130,43;135,59;143,30;149,34;156,24;161,06;101,62;94,98;95,74;96,73;97,68;98,63;99,58;100,50;101,41;102,31;103,24
2023-12-29;101,66;102,87;107,40;115,76;125,32;131,29;137,45;146,36;152,94;161,51;166,65;101,66;109,94;113,47;123,17;132,66;139,21;146,08;156,65;164,86;172,03;176,85;101,66;103,37;107,34;115,30;124,43;130,32;135,56;143,34;149,47;156,45;161,37;101,66;94,82;95,63;96,65;97,65;98,63;99,62;100,59;101,54;102,48;103,45
2023-12-30;101,66;102,87;107,40;115,76;125,32;131,29;137,45;146,35;152,94;161,51;166,65;101,66;109,94;113,47;123,17;132,66;139,20;146,08;156,65;164,86;172,03;176,84;101,66;103,37;107,34;115,30;124,43;130,32;135,56;143,33;149,47;156,45;161,37;101,66;94,81;95,63;96,65;97,65;98,63;99,62;100,58;101,54;102,48;103,45
2023-12-31;101,66;102,87;107,39;115,76;125,32;131,29;137,45;146,35;152,94;161,51;166,65;101,66;109,94;113,47;123,17;132,66;139,20;146,08;156,65;164,86;172,03;176,84;101,66;103,37;107,34;115,30;124,43;130,32;135,56;143,33;149,46;156,45;161,36;101,66;94,81;95,62;96,65;97,64;98,63;99,62;100,58;101,54;102,48;103,45
2024-01-01;101,66;102,87;107,39;115,76;125,31;131,29;137,45;146,35;152,94;161,51;166,64;101,66;109,94;113,46;123,17;132,65;139,20;146,08;156,65;164,85;172,02;176,84;101,66;103,36;107,33;115,30;124,43;130,32;135,56;143,33;149,46;156,45;161,36;101,66;94,81;95,62;96,65;97,64;98,63;99,62;100,58;101,54;102,47;103,45
2024-01-02;101,67;102,57;107,14;115,54;125,13;131,16;137,38;146,35;153,01;161,66;166,88;101,67;109,71;113,27;123,02;132,56;139,17;146,11;156,76;165,05;172,31;177,21;101,67;103,14;107,15;115,15;124,33;130,28;135,58;143,43;149,63;156,70;161,69;101,67;94,48;95,32;96,39;97,42;98,44;99,47;100,48;101,47;102,45;103,47
2024-01-03;101,67;102,53;107,03;115,35;124,87;130,81;136,94;145,80;152,35;160,88;165,98;101,67;109,67;113,14;122,75;132,17;138,66;145,49;155,97;164,08;171,14;175,84;101,67;103,06;106,99;114,87;123,93;129,77;134,94;142,63;148,68;155,59;160,37;101,67;94,40;95,17;96,16;97,12;98,07;99,02;99,94;100,86;101,75;102,68
2024-01-04;101,68;102,08;106,55;114,83;124,30;130,21;136,29;145,10;151,61;160,09;165,15;101,68;109,15;112,64;122,20;131,59;138,05;144,86;155,32;163,43;170,51;175,27;101,68;102,57;106,51;114,34;123,38;129,18;134,36;142,03;148,08;155,00;159,84;101,68;93,98;94,75;95,74;96,68;97,62;98,57;99,48;100,39;101,28;102,20
2024-01-05;101,72;101,91;106,39;114,68;124,15;130,08;136,18;145,00;151,53;160,03;165,12;101,72;108,97;112,44;122,03;131,43;137,89;144,71;155,17;163,28;170,37;175,17;101,72;102,38;106,34;114,17;123,21;129,04;134,21;141,88;147,93;154,86;159,71;101,72;93,85;94,63;95,62;96,57;97,52;98,48;99,40;100,32;101,21;102,15
2024-01-06;101,71;101,91;106,39;114,68;124,15;130,08;136,18;145,00;151,53;160,03;165,12;101,71;108,97;112,44;122,03;131,42;137,89;144,71;155,17;163,28;170,37;175,17;101,71;102,38;106,34;114,17;123,21;129,04;134,20;141,88;147,93;154,86;159,71;101,71;93,85;94,63;95,62;96,57;97,52;98,48;99,40;100,32;101,21;102,15
2024-01-07;101,71;101,91;106,39;114,68;124,15;130,07;136,18;145,00;151,53;160,02;165,12;101,71;108,97;112,44;122,03;131,42;137,89;144,71;155,16;163,28;170,37;175,16;101,71;102,38;106,33;114,17;123,21;129,03;134,20;141,87;147,93;154,86;159,71;101,71;93,85;94,63;95,62;96,57;97,52;98,47;99,40;100,31;101,21;102,14
2024-01-08;101,72;102,20;106,78;115,20;124,82;130,88;137,13;146,14;152,84;161,54;166,82;101,72;109,22;112,74;122,44;131,97;138,54;145,48;156,07;164,33;171,52;176,33;101,72;102,59;106,62;114,54;123,68;129,60;134,89;142,67;148,85;155,87;160,74;101,72;94,12;94,94;96,02;97,06;98,11;99,15;100,17;101,18;102,17;103,21
2024-01-09;101,73;102,14;106,76;115,21;124,87;130,98;137,29;146,35;153,12;161,89;167,23;101,73;109,05;112,60;122,35;131,93;138,55;145,55;156,18;164,51;171,76;176,61;101,73;102,44;106,51;114,47;123,65;129,63;134,97;142,80;149,04;156,11;161,03;101,73;94,13;94,98;96,10;97,17;98,24;99,32;100,37;101,42;102,45;103,52
2024-01-10;101,74;102,08;106,70;115,15;124,82;130,93;137,25;146,32;153,10;161,88;167,23;101,74;108,93;112,46;122,21;131,79;138,39;145,40;156,00;164,33;171,54;176,36;101,74;102,33;106,41;114,34;123,51;129,50;134,83;142,63;148,87;155,90;160,77;101,74;94,08;94,92;96,04;97,12;98,19;99,27;100,33;101,38;102,41;103,48
2024-01-11;101,75;102,30;106,92;115,37;125,03;131,14;137,44;146,50;153,26;162,03;167,36;101,75;109,10;112,63;122,42;132,01;138,63;145,64;156,24;164,57;171,77;176,58;101,75;102,52;106,61;114,53;123,71;129,73;135,04;142,82;149,07;156,09;160,93;101,75;94,25;95,11;96,22;97,30;98,38;99,46;100,51;101,56;102,59;103,67
2024-01-12;101,78;102,54;107,16;115,63;125,31;131,42;137,72;146,80;153,56;162,33;167,67;101,78;109,45;112,98;122,82;132,43;139,06;146,09;156,69;165,04;172,29;177,18;101,78;102,84;106,96;114,89;124,09;130,14;135,44;143,23;149,49;156,54;161,43;101,78;94,51;95,34;96,44;97,50;98,56;99,62;100,65;101,68;102,69;103,75
2024-01-13;101,78;102,54;107,16;115,63;125,30;131,41;137,72;146,79;153,56;162,33;167,67;101,78;109,45;112,97;122,82;132,43;139,06;146,09;156,69;165,04;172,28;177,17;101,78;102,84;106,96;114,89;124,09;130,13;135,44;143,23;149,49;156,54;161,43;101,78;94,51;95,34;96,44;97,50;98,56;99,62;100,65;101,68;102,69;103,75
2024-01-14;101,78;102,54;107,16;115,63;125,30;131,41;137,72;146,79;153,56;162,33;167,67;101,78;109,45;112,97;122,81;132,43;139,06;146,09;156,69;165,04;172,28;177,17;101,78;102,84;106,96;114,89;124,09;130,13;135,44;143,23;149,49;156,54;161,43;101,78;94,50;95,34;96,44;97,50;98,56;99,62;100,65;101,68;102,69;103,74
2024-01-15;101,79;102,52;107,15;115,62;125,30;131,42;137,73;146,81;153,59;162,37;167,72;101,79;109,32;112,85;122,72;132,34;138,98;146,03;156,63;164,99;172,23;177,10;101,79;102,74;106,86;114,79;124,00;130,06;135,37;143,16;149,43;156,48;161,35;101,79;94,47;95,32;96,42;97,49;98,55;99,62;100,66;101,70;102,72;103,77
2024-01-16;101,80;102,13;106,79;115,28;124,99;131,15;137,52;146,65;153,48;162,33;167,75;101,80;108,97;112,48;122,32;131,95;138,60;145,66;156,27;164,64;171,87;176,74;101,80;102,39;106,52;114,43;123,63;129,69;135,03;142,82;149,10;156,14;160,97;101,80;94,11;94,98;96,12;97,23;98,33;99,44;100,53;101,61;102,67;103,78
2024-01-17;101,81;101,75;106,36;114,80;124,45;130,56;136,87;145,93;152,71;161,48;166,84;101,81;108,54;111,97;121,72;131,27;137,81;144,78;155,25;163,50;170,57;175,24;101,81;101,95;106,04;113,87;122,97;128,95;134,21;141,89;148,07;154,96;159,62;101,81;93,77;94,58;95,69;96,76;97,82;98,90;99,94;100,98;102,00;103,07
2024-01-18;101,82;101,67;106,37;114,90;124,65;130,87;137,30;146,51;153,43;162,37;167,89;101,82;108,50;111,99;121,81;131,46;138,09;145,18;155,79;164,17;171,36;176,15;101,82;101,90;106,05;113,95;123,14;129,20;134,58;142,37;148,67;155,67;160,43;101,82;93,65;94,53;95,70;96,85;98,00;99,15;100,27;101,40;102,51;103,66
2024-01-19;101,85;101,74;106,51;115,13;124,98;131,30;137,85;147,18;154,24;163,33;168,99;101,85;108,60;112,14;122,03;131,76;138,49;145,66;156,37;164,86;172,14;176,98;101,85;102,00;106,20;114,17;123,43;129,57;135,02;142,91;149,30;156,38;161,18;101,85;93,80;94,74;95,98;97,20;98,42;99,64;100,84;102,04;103,22;104,45
2024-01-20;101,85;101,74;106,51;115,13;124,98;131,30;137,84;147,18;154,23;163,33;168,99;101,85;108,60;112,14;122,03;131,76;138,48;145,66;156,37;164,86;172,14;176,98;101,85;102,00;106,19;114,17;123,43;129,57;135,02;142,91;149,30;156,38;161,18;101,85;93,80;94,74;95,98;97,20;98,41;99,64;100,84;102,04;103,22;104,45
2024-01-21;101,85;101,74;106,51;115,12;124,98;131,30;137,84;147,18;154,23;163,33;168,99;101,85;108,60;112,14;122,03;131,76;138,48;145,66;156,37;164,86;172,14;176,98;101,85;102,00;106,19;114,16;123,43;129,57;135,02;142,91;149,29;156,37;161,18;101,85;93,79;94,73;95,98;97,20;98,41;99,64;100,84;102,04;103,22;104,45
2024-01-22;101,86;101,98;106,78;115,44;125,34;131,71;138,29;147,68;154,79;163,94;169,65;101,86;108,89;112,42;122,42;132,22;138,98;146,20;156,95;165,51;172,85;177,78;101,86;102,24;106,49;114,51;123,83;130,03;135,51;143,44;149,88;157,02;161,89;101,86;94,03;94,96;96,23;97,46;98,69;99,93;101,15;102,36;103,57;104,81
2024-01-23;101,87;101,84;106,71;115,44;125,42;131,88;138,57;148,08;155,30;164,60;170,45;101,87;108,61;112,21;122,26;132,13;138,99;146,31;157,19;165,87;173,31;178,31;101,87;101,99;106,28;114,38;123,77;130,05;135,63;143,68;150,23;157,47;162,42;101,87;93,85;94,86;96,20;97,50;98,81;100,13;101,43;102,73;104,01;105,35
2024-01-24;101,88;101,67;106,52;115,23;125,19;131,62;138,29;147,77;154,97;164,23;170,06;101,88;108,58;112,24;122,25;132,12;138,99;146,32;157,23;165,93;173,45;178,59;101,88;101,98;106,30;114,38;123,78;130,06;135,65;143,72;150,29;157,60;162,67;101,88;93,71;94,74;96,07;97,36;98,66;99,97;101,26;102,55;103,83;105,15
2024-01-25;101,89;102,03;106,96;115,77;125,85;132,39;139,17;148,80;156,14;165,57;171,54;101,89;109,02;112,74;122,84;132,81;139,79;147,22;158,29;167,11;174,74;179,93;101,89;102,39;106,74;114,92;124,42;130,78;136,47;144,66;151,33;158,75;163,89;101,89;93,99;95,08;96,47;97,83;99,19;100,56;101,92;103,28;104,63;106,02
2024-01-26;101,92;101,95;106,87;115,66;125,71;132,24;139,00;148,60;155,91;165,31;171,25;101,92;108,96;112,69;122,70;132,65;139,58;146,98;158,03;166,82;174,43;179,62;101,92;102,32;106,66;114,83;124,30;130,60;136,30;144,49;151,13;158,54;163,70;101,92;93,98;95,03;96,38;97,71;99,04;100,38;101,70;103,02;104,33;105,68
2024-01-27;101,92;101,95;106,87;115,66;125,71;132,24;139,00;148,60;155,91;165,31;171,25;101,92;108,96;112,69;122,70;132,65;139,57;146,98;158,03;166,82;174,43;179,62;101,92;102,32;106,65;114,83;124,30;130,60;136,29;144,49;151,13;158,53;163,69;101,92;93,97;95,03;96,38;97,71;99,04;100,37;101,70;103,02;104,33;105,68
2024-01-28;101,92;101,95;106,87;115,65;125,71;132,23;139,00;148,59;155,91;165,31;171,25;101,92;108,95;112,69;122,70;132,65;139,57;146,98;158,03;166,82;174,43;179,62;101,92;102,32;106,65;114,83;124,30;130,60;136,29;144,48;151,13;158,53;163,69;101,92;93,97;95,03;96,38;97,71;99,04;100,37;101,70;103,02;104,33;105,68
2024-01-29;101,93;102,40;107,42;116,34;126,56;133,23;140,14;149,94;157,44;167,06;173,19;101,93;109,45;113,25;123,45;133,55;140,64;148,20;159,43;168,41;176,19;181,53;101,93;102,79;107,21;115,51;125,12;131,57;137,39;145,73;152,53;160,10;165,38;101,93;94,33;95,47;96,92;98,34;99,77;101,20;102,63;104,06;105,48;106,94
2024-01-30;101,93;102,39;107,37;116,26;126,42;133,04;139,91;149,63;157,07;166,61;172,68;101,93;109,33;113,08;123,21;133,27;140,27;147,77;158,90;167,80;175,49;180,72;101,93;102,66;107,06;115,30;124,86;131,25;137,02;145,28;152,02;159,49;164,68;101,93;94,37;95,44;96,83;98,19;99,56;100,93;102,29;103,65;105,00;106,40
2024-01-31;101,94;102,73;107,56;116,29;126,26;132,67;139,30;148,76;155,91;165,13;170,88;101,94;109,81;113,43;123,49;133,38;140,21;147,51;158,38;167,04;174,54;179,68;101,94;103,10;107,43;115,54;124,96;131,22;136,76;144,80;151,33;158,63;163,71;101,94;94,65;95,58;96,83;98,04;99,26;100,47;101,67;102,87;104,05;105,27
2024-02-01;101,95;103,16;108,08;116,90;127,00;133,52;140,28;149,89;157,18;166,56;172,46;101,95;110,21;113,89;124,02;134,01;140,93;148,35;159,36;168,13;175,70;180,80;101,95;103,48;107,84;116,01;125,52;131,85;137,49;145,62;152,24;159,60;164,66;101,95;95,08;96,06;97,36;98,63;99,90;101,18;102,44;103,70;104,94;106,23
2024-02-02;101,99;102,59;107,64;116,61;126,87;133,58;140,55;150,40;157,95;167,63;173,81;101,99;109,49;113,31;123,48;133,60;140,69;148,28;159,52;168,51;176,27;181,53;101,99;102,84;107,29;115,57;125,20;131,66;137,50;145,84;152,65;160,19;165,41;101,99;94,56;95,66;97,11;98,52;99,94;101,37;102,79;104,21;105,61;107,07
2024-02-03;101,98;102,59;107,64;116,61;126,87;133,58;140,55;150,39;157,95;167,62;173,81;101,98;109,49;113,30;123,48;133,60;140,68;148,28;159,52;168,51;176,27;181,52;101,98;102,84;107,28;115,57;125,20;131,66;137,50;145,83;152,65;160,19;165,41;101,98;94,56;95,66;97,10;98,52;99,94;101,37;102,79;104,20;105,61;107,06
2024-02-04;101,98;102,59;107,64;116,61;126,87;133,58;140,54;150,39;157,94;167,62;173,81;101,98;109,49;113,30;123,47;133,60;140,68;148,28;159,51;168,51;176,27;181,52;101,98;102,84;107,28;115,57;125,20;131,66;137,49;145,83;152,65;160,18;165,40;101,98;94,56;95,66;97,10;98,52;99,94;101,37;102,79;104,20;105,61;107,06
2024-02-05;101,99;102,03;107,13;116,14;126,46;133,26;140,31;150,26;157,92;167,73;174,05;101,99;108,92;112,79;123,01;133,20;140,38;148,08;159,41;168,53;176,41;181,82;101,99;102,30;106,82;115,12;124,80;131,36;137,28;145,70;152,62;160,26;165,58;101,99;94,03;95,21;96,72;98,22;99,71;101,22;102,72;104,22;105,72;107,26
2024-02-06;102,00;102,33;107,44;116,46;126,79;133,59;140,64;150,59;158,25;168,06;174,37;102,00;109,31;113,25;123,49;133,70;140,92;148,65;160,05;169,21;177,18;182,64;102,00;102,69;107,21;115,54;125,26;131,83;137,78;146,23;153,19;160,91;166,30;102,00;94,28;95,49;97,01;98,51;100,02;101,53;103,04;104,55;106,05;107,60
2024-02-07;102,01;102,30;107,46;116,55;126,95;133,83;140,97;151,03;158,79;168,72;175,15;102,01;109,19;113,15;123,43;133,69;140,97;148,77;160,24;169,47;177,48;182,98;102,01;102,58;107,14;115,51;125,28;131,91;137,92;146,44;153,46;161,22;166,64;102,01;94,25;95,50;97,08;98,63;100,19;101,76;103,33;104,90;106,46;108,07
2024-02-08;102,02;102,06;107,23;116,33;126,74;133,64;140,80;150,88;158,67;168,63;175,10;102,02;108,89;112,84;123,14;133,43;140,71;148,53;160,02;169,28;177,31;182,83;102,02;102,29;106,86;115,25;125,02;131,67;137,70;146,25;153,30;161,07;166,51;102,02;94,08;95,33;96,92;98,49;100,07;101,66;103,25;104,83;106,41;108,05
2024-02-09;102,05;101,98;107,19;116,31;126,77;133,70;140,92;151,05;158,91;168,93;175,47;102,05;108,76;112,72;123,05;133,36;140,68;148,53;160,05;169,35;177,41;182,92;102,05;102,16;106,74;115,17;124,96;131,64;137,71;146,30;153,39;161,18;166,63;102,05;94,00;95,27;96,89;98,50;100,12;101,75;103,37;105,00;106,62;108,30
2024-02-10;102,05;101,98;107,19;116,31;126,76;133,70;140,91;151,05;158,90;168,93;175,47;102,05;108,76;112,72;123,05;133,36;140,68;148,52;160,05;169,35;177,40;182,92;102,05;102,16;106,74;115,16;124,96;131,64;137,71;146,29;153,39;161,18;166,63;102,05;94,00;95,27;96,89;98,50;100,11;101,75;103,37;105,00;106,62;108,30
2024-02-11;102,05;101,98;107,18;116,31;126,76;133,70;140,91;151,05;158,90;168,93;175,47;102,05;108,76;112,72;123,04;133,36;140,68;148,52;160,05;169,34;177,40;182,92;102,05;102,16;106,74;115,16;124,96;131,63;137,71;146,29;153,38;161,18;166,63;102,05;93,99;95,27;96,89;98,50;100,11;101,74;103,37;104,99;106,62;108,30
2024-02-12;102,06;102,07;107,28;116,43;126,90;133,86;141,09;151,24;159,12;169,18;175,74;102,06;108,91;112,88;123,26;133,62;140,97;148,84;160,42;169,77;177,89;183,48;102,06;102,29;106,89;115,35;125,18;131,89;138,00;146,63;153,76;161,61;167,12;102,06;94,05;95,33;96,97;98,58;100,21;101,85;103,49;105,13;106,76;108,45
2024-02-13;102,07;101,49;106,66;115,73;126,11;132,99;140,15;150,21;158,00;167,94;174,42;102,07;108,39;112,34;122,68;132,96;140,28;148,12;159,61;168,90;176,99;182,67;102,07;101,83;106,43;114,78;124,56;131,26;137,29;145,83;152,89;160,72;166,22;102,07;93,53;94,81;96,41;98,00;99,60;101,21;102,81;104,42;106,02;107,68
2024-02-14;102,08;101,82;107,05;116,20;126,67;133,65;140,90;151,07;158,98;169,06;175,65;102,08;108,82;112,81;123,20;133,55;140,92;148,81;160,40;169,76;177,90;183,56;102,08;102,22;106,83;115,25;125,08;131,81;137,92;146,53;153,66;161,53;167,04;102,08;93,82;95,15;96,81;98,45;100,10;101,77;103,43;105,10;106,77;108,49
2024-02-15;102,09;102,02;107,28;116,47;126,99;134,00;141,30;151,53;159,48;169,63;176,27;102,09;108,95;112,98;123,44;133,85;141,29;149,24;160,93;170,38;178,63;184,41;102,09;102,35;106,99;115,49;125,39;132,17;138,34;147,04;154,25;162,23;167,85;102,09;93,96;95,31;96,99;98,66;100,34;102,03;103,72;105,41;107,11;108,85
2024-02-16;102,12;101,76;107,01;116,18;126,68;133,68;140,96;151,17;159,12;169,24;175,87;102,12;108,70;112,77;123,24;133,66;141,12;149,10;160,82;170,32;178,65;184,58;102,12;102,13;106,80;115,31;125,23;132,05;138,22;146,96;154,21;162,26;168,02;102,12;93,78;95,15;96,83;98,49;100,16;101,85;103,53;105,22;106,90;108,65
2024-02-17;102,12;101,76;107,01;116,18;126,68;133,68;140,96;151,17;159,11;169,24;175,87;102,12;108,70;112,76;123,24;133,65;141,12;149,10;160,82;170,32;178,65;184,58;102,12;102,13;106,80;115,31;125,23;132,04;138,22;146,96;154,21;162,26;168,02;102,12;93,78;95,15;96,83;98,48;100,16;101,84;103,53;105,22;106,90;108,65
2024-02-18;102,12;101,76;107,01;116,18;126,68;133,68;140,96;151,17;159,11;169,23;175,87;102,12;108,69;112,76;123,24;133,65;141,12;149,10;160,82;170,31;178,65;184,58;102,12;102,12;106,80;115,31;125,22;132,04;138,22;146,96;154,20;162,26;168,02;102,12;93,78;95,15;96,82;98,48;100,15;101,84;103,52;105,21;106,90;108,65
2024-02-19;102,13;101,78;107,03;116,21;126,73;133,74;141,03;151,26;159,22;169,36;176,01;102,13;108,66;112,74;123,24;133,68;141,17;149,17;160,91;170,44;178,81;184,78;102,13;102,09;106,79;115,31;125,24;132,09;138,28;147,04;154,32;162,40;168,20;102,13;93,75;95,13;96,81;98,48;100,17;101,87;103,56;105,26;106,96;108,71
2024-02-20;102,14;101,86;107,02;116,09;126,47;133,34;140,47;150,51;158,27;168,19;174,63;102,14;108,79;112,80;123,18;133,49;140,85;148,71;160,29;169,63;177,85;183,70;102,14;102,21;106,83;115,25;125,08;131,79;137,85;146,47;153,58;161,53;167,22;102,14;93,86;95,16;96,75;98,32;99,90;101,49;103,07;104,66;106,24;107,87
2024-02-21;102,15;101,65;106,83;115,91;126,32;133,22;140,39;150,47;158,29;168,26;174,75;102,15;108,47;112,53;122,91;133,25;140,65;148,56;160,18;169,59;177,85;183,72;102,15;101,94;106,58;115,02;124,87;131,62;137,73;146,39;153,56;161,54;167,27;102,15;93,68;95,00;96,61;98,20;99,79;101,41;103,01;104,62;106,22;107,87
2024-02-22;102,16;101,86;107,21;116,50;127,15;134,29;141,74;152,14;160,28;170,62;177,47;102,16;108,68;112,87;123,42;133,98;141,59;149,75;161,66;171,36;179,88;185,97;102,16;102,12;106,91;115,48;125,53;132,48;138,81;147,70;155,12;163,34;169,24;102,16;93,85;95,30;97,06;98,81;100,57;102,34;104,12;105,91;107,69;109,54
2024-02-23;102,19;102,14;107,48;116,76;127,40;134,53;141,95;152,33;160,44;170,76;177,57;102,19;109,05;113,22;123,76;134,31;141,89;150,03;161,92;171,58;180,07;186,13;102,19;102,46;107,23;115,81;125,85;132,77;139,07;147,94;155,33;163,53;169,40;102,19;94,12;95,54;97,27;98,99;100,72;102,47;104,21;105,97;107,72;109,53
2024-02-24;102,19;102,14;107,47;116,76;127,40;134,53;141,95;152,33;160,44;170,75;177,56;102,19;109,05;113,22;123,76;134,31;141,89;150,03;161,91;171,58;180,07;186,13;102,19;102,46;107,23;115,81;125,84;132,77;139,07;147,94;155,33;163,53;169,40;102,19;94,12;95,54;97,27;98,99;100,72;102,47;104,21;105,97;107,72;109,53
2024-02-25;102,19;102,14;107,47;116,76;127,40;134,53;141,95;152,33;160,44;170,75;177,56;102,19;109,05;113,22;123,76;134,31;141,89;150,03;161,91;171,58;180,06;186,12;102,19;102,46;107,23;115,81;125,84;132,76;139,07;147,94;155,33;163,53;169,40;102,19;94,12;95,54;97,27;98,99;100,72;102,47;104,21;105,96;107,72;109,53
2024-02-26;102,20;101,96;107,25;116,48;127,05;134,11;141,46;151,75;159,77;169,98;176,70;102,20;108,76;112,89;123,40;133,90;141,42;149,50;161,29;170,89;179,31;185,32;102,20;102,21;106,96;115,49;125,47;132,36;138,61;147,41;154,74;162,87;168,70;102,20;93,98;95,36;97,06;98,74;100,44;102,15;103,86;105,57;107,29;109,05
2024-02-27;102,21;101,83;107,16;116,41;127,02;134,13;141,52;151,87;159,95;170,24;177,02;102,21;108,65;112,81;123,38;133,93;141,51;149,65;161,52;171,19;179,71;185,82;102,21;102,10;106,89;115,46;125,49;132,43;138,74;147,61;155,01;163,22;169,14;102,21;93,82;95,25;96,99;98,71;100,45;102,20;103,95;105,71;107,48;109,29
2024-02-28;102,22;101,92;107,22;116,46;127,04;134,12;141,48;151,79;159,83;170,07;176,81;102,22;108,73;112,85;123,39;133,90;141,44;149,53;161,33;170,94;179,37;185,37;102,22;102,17;106,92;115,46;125,45;132,36;138,62;147,42;154,77;162,90;168,72;102,22;93,92;95,30;97,00;98,69;100,39;102,11;103,82;105,54;107,26;109,03
2024-02-29;102,23;102,12;107,48;116,79;127,46;134,61;142,06;152,48;160,62;170,98;177,83;102,23;109,01;113,14;123,77;134,34;141,95;150,10;161,98;171,67;180,17;186,23;102,23;102,42;107,21;115,81;125,87;132,84;139,15;148,02;155,44;163,63;169,50;102,23;94,11;95,53;97,27;99,01;100,75;102,52;104,28;106,05;107,81;109,64
2024-03-01;102,26;102,39;107,81;117,20;127,95;135,19;142,73;153,26;161,51;172,00;178,96;102,26;109,23;113,41;124,13;134,80;142,48;150,73;162,71;172,51;181,12;187,25;102,26;102,62;107,48;116,14;126,28;133,33;139,72;148,68;156,19;164,48;170,42;102,26;94,38;95,83;97,62;99,40;101,19;103,00;104,81;106,63;108,45;110,33
2024-03-02;102,26;102,39;107,81;117,19;127,95;135,19;142,73;153,26;161,51;172,00;178,96;102,26;109,23;113,41;124,13;134,80;142,48;150,73;162,71;172,51;181,11;187,25;102,26;102,62;107,48;116,14;126,28;133,33;139,72;148,67;156,19;164,48;170,42;102,26;94,37;95,83;97,62;99,40;101,19;103,00;104,81;106,63;108,45;110,33
2024-03-03;102,25;102,39;107,81;117,19;127,95;135,19;142,73;153,26;161,51;172,00;178,96;102,25;109,23;113,41;124,13;134,80;142,48;150,73;162,71;172,51;181,11;187,24;102,25;102,62;107,47;116,14;126,27;133,33;139,72;148,67;156,19;164,47;170,42;102,25;94,37;95,83;97,62;99,40;101,19;103,00;104,81;106,63;108,45;110,33
2024-03-04;102,26;102,31;107,69;117,04;127,76;134,95;142,45;152,92;161,12;171,54;178,45;102,26;109,21;113,39;124,06;134,69;142,34;150,55;162,50;172,25;180,83;186,96;102,26;102,63;107,46;116,09;126,19;133,21;139,57;148,49;155,96;164,21;170,14;102,26;94,23;95,67;97,45;99,21;100,98;102,78;104,57;106,37;108,18;110,04
2024-03-05;102,27;102,64;107,91;117,15;127,72;134,75;142,07;152,34;160,31;170,48;177,13;102,27;109,61;113,67;124,29;134,80;142,31;150,37;162,12;171,69;180,08;186,08;102,27;102,98;107,74;116,26;126,26;133,17;139,36;148,10;155,41;163,50;169,28;102,27;94,51;95,85;97,51;99,15;100,80;102,47;104,13;105,79;107,45;109,17
2024-03-06;102,28;102,76;108,06;117,32;127,93;134,99;142,34;152,65;160,67;170,88;177,58;102,28;109,71;113,80;124,45;135,00;142,55;150,64;162,44;172,06;180,51;186,55;102,28;103,09;107,87;116,43;126,47;133,41;139,63;148,42;155,77;163,91;169,74;102,28;94,63;95,97;97,65;99,30;100,96;102,64;104,31;105,99;107,67;109,40
2024-03-07;102,29;102,96;108,35;117,71;128,44;135,63;143,12;153,59;161,77;172,17;179,04;102,29;109,97;114,12;124,84;135,50;143,12;151,32;163,25;172,99;181,56;187,71;102,29;103,32;108,17;116,82;126,95;133,97;140,30;149,21;156,67;164,92;170,86;102,29;94,81;96,20;97,94;99,66;101,39;103,14;104,89;106,64;108,39;110,20
2024-03-08;102,32;103,03;108,35;117,63;128,26;135,34;142,71;153,04;161,07;171,31;178,02;102,32;110,10;114,22;124,91;135,50;143,08;151,20;163,04;172,71;181,23;187,40;102,32;103,46;108,27;116,89;126,98;133,95;140,19;149,04;156,43;164,64;170,59;102,32;94,90;96,25;97,93;99,59;101,26;102,94;104,62;106,30;107,98;109,72
2024-03-09;102,32;103,03;108,35;117,63;128,26;135,34;142,71;153,04;161,07;171,31;178,02;102,32;110,10;114,21;124,91;135,50;143,07;151,19;163,04;172,71;181,23;187,40;102,32;103,46;108,27;116,89;126,98;133,94;140,19;149,04;156,42;164,64;170,59;102,32;94,90;96,25;97,93;99,59;101,25;102,94;104,62;106,30;107,98;109,71
2024-03-10;102,32;103,03;108,34;117,63;128,26;135,34;142,71;153,04;161,07;171,31;178,01;102,32;110,09;114,21;124,91;135,50;143,07;151,19;163,04;172,70;181,22;187,40;102,32;103,45;108,27;116,89;126,97;133,94;140,19;149,04;156,42;164,63;170,59;102,32;94,89;96,25;97,93;99,58;101,25;102,94;104,62;106,30;107,98;109,71
2024-03-11;102,33;102,92;108,23;117,51;128,13;135,20;142,56;152,89;160,91;171,15;177,85;102,33;109,94;114,08;124,70;135,26;142,83;150,93;162,79;172,43;180,92;187,01;102,33;103,32;108,10;116,69;126,75;133,68;139,94;148,77;156,14;164,32;170,22;102,33;94,80;96,16;97,84;99,50;101,17;102,85;104,53;106,21;107,89;109,62
2024-03-12;102,34;102,85;108,27;117,67;128,44;135,68;143,21;153,74;161,98;172,46;179,39;102,34;109,90;114,17;124,83;135,52;143,22;151,49;163,57;173,40;182,09;188,34;102,34;103,29;108,14;116,83;127,01;134,04;140,46;149,48;157,01;165,37;171,43;102,34;94,69;96,16;97,94;99,71;101,50;103,30;105,10;106,91;108,72;110,59
2024-03-13;102,35;102,72;108,11;117,48;128,22;135,43;142,93;153,42;161,62;172,05;178,95;102,35;109,78;114,02;124,64;135,30;142,95;151,18;163,21;173,00;181,65;187,88;102,35;103,17;108,00;116,68;126,83;133,82;140,22;149,21;156,70;165,03;171,09;102,35;94,56;96,00;97,76;99,50;101,26;103,03;104,80;106,57;108,35;110,19
2024-03-14;102,36;102,30;107,73;117,14;127,92;135,19;142,76;153,33;161,62;172,15;179,16;102,36;109,35;113,66;124,30;134,99;142,72;151,03;163,14;173,02;181,77;188,14;102,36;102,79;107,67;116,36;126,54;133,60;140,06;149,12;156,69;165,10;171,25;102,36;94,22;95,72;97,52;99,30;101,10;102,92;104,74;106,56;108,39;110,28
2024-03-15;102,39;102,15;107,53;116,87;127,57;134,76;142,25;152,72;160,90;171,32;178,22;102,39;109,19;113,42;124,01;134,64;142,28;150,50;162,49;172,26;180,90;187,17;102,39;102,61;107,45;116,08;126,19;133,18;139,56;148,52;156,00;164,31;170,36;102,39;94,05;95,49;97,23;98,96;100,70;102,46;104,22;105,98;107,75;109,57
2024-03-16;102,39;102,15;107,53;116,87;127,57;134,76;142,25;152,71;160,90;171,32;178,21;102,39;109,18;113,41;124,01;134,64;142,28;150,50;162,49;172,26;180,90;187,17;102,39;102,61;107,45;116,08;126,19;133,18;139,56;148,52;156,00;164,31;170,35;102,39;94,05;95,48;97,23;98,96;100,70;102,46;104,22;105,98;107,75;109,57
2024-03-17;102,39;102,15;107,53;116,87;127,57;134,76;142,25;152,71;160,90;171,31;178,21;102,39;109,18;113,41;124,01;134,64;142,28;150,50;162,49;172,26;180,90;187,16;102,39;102,61;107,45;116,07;126,19;133,17;139,55;148,52;156,00;164,31;170,35;102,39;94,05;95,48;97,23;98,96;100,70;102,46;104,22;105,98;107,75;109,57
2024-03-18;102,40;102,16;107,60;117,00;127,77;135,04;142,61;153,17;161,46;171,99;179,00;102,40;109,20;113,46;124,17;134,88;142,61;150,93;163,01;172,90;181,64;188,02;102,40;102,62;107,54;116,19;126,38;133,47;139,91;148,93;156,51;164,91;171,02;102,40;94,09;95,56;97,35;99,13;100,92;102,73;104,54;106,35;108,17;110,05
2024-03-19;102,41;102,38;107,87;117,34;128,20;135,54;143,20;153,87;162,26;172,91;180,03;102,41;109,37;113,64;124,41;135,21;142,98;151,37;163,51;173,47;182,25;188,64;102,41;102,75;107,71;116,41;126,65;133,80;140,30;149,38;157,02;165,47;171,57;102,41;94,27;95,75;97,57;99,38;101,19;103,03;104,87;106,72;108,57;110,48
2024-03-20;102,42;102,55;108,11;117,66;128,61;136,05;143,81;154,61;163,12;173,92;181,17;102,42;109,46;113,78;124,62;135,50;143,36;151,83;164,10;174,18;183,05;189,46;102,42;102,85;107,84;116,62;126,93;134,14;140,75;149,93;157,67;166,20;172,35;102,42;94,44;95,97;97,85;99,71;101,59;103,50;105,40;107,32;109,24;111,23
2024-03-21;102,43;102,68;108,28;117,90;128,92;136,43;144,27;155,16;163,77;174,68;182,04;102,43;109,67;114,07;125,03;136,01;143,99;152,58;165,00;175,24;184,31;190,98;102,43;103,08;108,15;117,02;127,44;134,78;141,48;150,79;158,67;167,37;173,73;102,43;94,59;96,18;98,11;100,04;101,98;103,95;105,92;107,90;109,89;111,95
2024-03-22;102,46;102,98;108,59;118,23;129,28;136,80;144,65;155,56;164,18;175,10;182,47;102,46;110,04;114,42;125,41;136,41;144,39;152,99;165,39;175,62;184,67;191,31;102,46;103,42;108,50;117,36;127,79;135,14;141,82;151,11;158,98;167,65;173,96;102,46;94,88;96,44;98,37;100,28;102,21;104,16;106,12;108,09;110,07;112,11
2024-03-23;102,46;102,98;108,59;118,23;129,27;136,80;144,65;155,55;164,18;175,10;182,46;102,46;110,04;114,41;125,41;136,41;144,39;152,98;165,39;175,62;184,67;191,31;102,46;103,41;108,50;117,36;127,79;135,14;141,82;151,11;158,98;167,65;173,96;102,46;94,88;96,44;98,37;100,28;102,21;104,16;106,12;108,09;110,07;112,11
2024-03-24;102,46;102,98;108,59;118,22;129,27;136,79;144,64;155,55;164,17;175,10;182,46;102,46;110,03;114,41;125,41;136,41;144,38;152,98;165,39;175,62;184,66;191,30;102,46;103,41;108,50;117,35;127,79;135,14;141,82;151,10;158,97;167,65;173,96;102,46;94,88;96,44;98,36;100,28;102,21;104,16;106,12;108,09;110,07;112,11
2024-03-25;102,47;102,78;108,36;117,94;128,94;136,41;144,20;155,04;163,60;174,45;181,74;102,47;109,78;114,14;125,05;135,99;143,90;152,43;164,77;174,93;183,91;190,48;102,47;103,17;108,21;117,04;127,42;134,70;141,34;150,59;158,40;167,02;173,30;102,47;94,66;96,20;98,09;99,97;101,87;103,79;105,71;107,65;109,59;111,59
2024-03-26;102,48;102,84;108,40;117,98;128,95;136,41;144,18;155,00;163,53;174,34;181,61;102,48;109,92;114,28;125,19;136,11;144,02;152,55;164,89;175,03;184,02;190,61;102,48;103,30;108,33;117,16;127,54;134,81;141,43;150,67;158,47;167,09;173,39;102,48;94,67;96,21;98,10;99,98;101,87;103,79;105,71;107,64;109,58;111,58
2024-03-27;102,49;103,14;108,77;118,43;129,51;137,06;144,93;155,87;164,53;175,49;182,88;102,49;110,24;114,62;125,66;136,69;144,68;153,30;165,74;176,01;185,08;191,74;102,49;103,59;108,67;117,58;128,04;135,41;142,12;151,45;159,35;168,05;174,40;102,49;94,97;96,53;98,46;100,38;102,31;104,27;106,24;108,21;110,20;112,24
2024-03-28;102,54;103,14;108,80;118,49;129,60;137,18;145,10;156,09;164,80;175,82;183,27;102,54;110,21;114,63;125,67;136,74;144,77;153,43;165,94;176,27;185,40;192,09;102,54;103,57;108,66;117,62;128,11;135,50;142,27;151,66;159,61;168,37;174,77;102,54;95,07;96,65;98,59;100,52;102,47;104,45;106,43;108,42;110,42;112,49
2024-03-29;102,54;103,14;108,80;118,49;129,60;137,18;145,10;156,09;164,79;175,82;183,27;102,54;110,20;114,63;125,67;136,74;144,77;153,42;165,94;176,26;185,40;192,09;102,54;103,57;108,66;117,61;128,11;135,49;142,26;151,66;159,61;168,37;174,77;102,54;95,07;96,65;98,59;100,52;102,47;104,45;106,43;108,42;110,42;112,49
2024-03-30;102,54;103,14;108,79;118,49;129,60;137,18;145,10;156,09;164,79;175,81;183,26;102,54;110,20;114,63;125,67;136,73;144,77;153,42;165,94;176,26;185,40;192,09;102,54;103,57;108,66;117,61;128,11;135,49;142,26;151,66;159,61;168,36;174,76;102,54;95,07;96,65;98,59;100,52;102,47;104,45;106,43;108,42;110,42;112,48
2024-03-31;102,54;103,14;108,79;118,48;129,60;137,18;145,10;156,09;164,79;175,81;183,26;102,54;110,20;114,62;125,67;136,73;144,77;153,42;165,94;176,26;185,39;192,08;102,54;103,56;108,66;117,61;128,11;135,49;142,26;151,66;159,61;168,36;174,76;102,54;95,07;96,64;98,59;100,52;102,47;104,45;106,43;108,42;110,42;112,48
2024-04-01;102,54;102,79;108,48;118,20;129,35;136,99;144,97;156,03;164,81;175,92;183,47;102,54;109,95;114,41;125,42;136,51;144,59;153,28;165,88;176,25;185,45;192,22;102,54;103,33;108,44;117,41;127,93;135,34;142,16;151,63;159,62;168,43;174,89;102,54;95,08;96,68;98,64;100,60;102,56;104,56;106,56;108,58;110,60;112,69
2024-04-02;102,55;102,43;108,06;117,68;128,73;136,26;144,13;155,05;163,70;174,65;182,06;102,55;109,47;113,92;124,84;135,82;143,83;152,45;164,93;175,20;184,31;191,00;102,55;102,91;107,96;116,86;127,30;134,63;141,38;150,75;158,65;167,39;173,81;102,55;94,33;95,94;97,88;99,81;101,75;103,72;105,69;107,68;109,67;111,73
2024-04-03;102,56;102,43;108,01;117,60;128,59;136,07;143,88;154,74;163,31;174,18;181,51;102,56;109,48;113,89;124,74;135,67;143,60;152,14;164,54;174,72;183,74;190,34;102,56;102,89;107,91;116,76;127,13;134,39;141,08;150,38;158,21;166,85;173,19;102,56;94,29;95,86;97,76;99,65;101,55;103,48;105,41;107,35;109,30;111,31
2024-04-04;102,57;102,56;108,03;117,48;128,31;135,62;143,24;153,86;162,20;172,79;179,85;102,57;109,72;114,05;124,82;135,61;143,41;151,79;164,01;173,99;182,87;189,43;102,57;103,14;108,09;116,84;127,11;134,25;140,77;149,91;157,57;166,09;172,37;102,57;94,45;95,92;97,70;99,46;101,23;103,03;104,82;106,61;108,41;110,27
2024-04-05;102,60;102,31;107,89;117,46;128,43;135,90;143,69;154,52;163,07;173,92;181,22;102,60;109,39;113,77;124,61;135,51;143,43;151,95;164,33;174,47;183,46;190,04;102,60;102,83;107,83;116,66;127,02;134,26;140,93;150,21;158,01;166,62;172,93;102,60;94,21;95,77;97,65;99,53;101,42;103,33;105,24;107,17;109,10;111,09
2024-04-06;102,60;102,31;107,89;117,46;128,43;135,90;143,69;154,52;163,07;173,92;181,22;102,60;109,39;113,77;124,61;135,50;143,43;151,95;164,33;174,47;183,46;190,04;102,60;102,83;107,83;116,66;127,01;134,26;140,93;150,21;158,01;166,62;172,92;102,60;94,20;95,77;97,65;99,53;101,42;103,33;105,24;107,17;109,10;111,09
2024-04-07;102,60;102,31;107,89;117,46;128,43;135,89;143,69;154,51;163,07;173,91;181,22;102,60;109,38;113,77;124,61;135,50;143,43;151,95;164,33;174,47;183,46;190,04;102,60;102,83;107,82;116,66;127,01;134,26;140,93;150,21;158,01;166,62;172,92;102,60;94,20;95,77;97,65;99,53;101,42;103,33;105,24;107,17;109,10;111,09
2024-04-08;102,61;102,20;107,77;117,32;128,28;135,73;143,51;154,32;162,86;173,69;180,98;102,61;109,30;113,70;124,55;135,46;143,39;151,91;164,30;174,46;183,49;190,15;102,61;102,75;107,76;116,59;126,96;134,22;140,89;150,17;157,99;166,64;173,00;102,61;94,08;95,65;97,54;99,41;101,30;103,22;105,13;107,06;108,99;110,99
2024-04-09;102,62;102,51;108,07;117,62;128,58;136,02;143,78;154,57;163,09;173,89;181,14;102,62;109,66;114,04;124,94;135,84;143,77;152,28;164,65;174,80;183,79;190,42;102,62;103,11;108,11;116,95;127,32;134,59;141,23;150,50;158,29;166,92;173,24;102,62;94,38;95,95;97,83;99,70;101,58;103,48;105,39;107,31;109,23;111,21
2024-04-10;102,63;101,84;107,43;117,00;127,99;135,48;143,31;154,17;162,77;173,66;181,03;102,63;109,05;113,50;124,37;135,29;143,30;151,88;164,36;174,59;183,72;190,54;102,63;102,56;107,59;116,45;126,85;134,17;140,88;150,24;158,10;166,84;173,31;102,63;93,73;95,38;97,31;99,24;101,18;103,15;105,12;107,11;109,10;111,16
2024-04-11;102,64;101,67;107,35;117,03;128,14;135,77;143,75;154,79;163,58;174,69;182,27;102,64;108,85;113,35;124,31;135,33;143,45;152,17;164,78;175,17;184,41;191,29;102,64;102,35;107,44;116,37;126,85;134,28;141,11;150,59;158,59;167,43;173,96;102,64;93,59;95,32;97,34;99,36;101,40;103,47;105,55;107,64;109,75;111,92
2024-04-12;102,67;101,97;107,59;117,21;128,24;135,78;143,66;154,59;163,25;174,21;181,65;102,67;109,36;113,79;124,73;135,69;143,72;152,36;164,85;175,12;184,27;191,14;102,67;102,80;107,87;116,72;127,15;134,52;141,24;150,59;158,48;167,24;173,70;102,67;93,86;95,51;97,46;99,40;101,35;103,34;105,32;107,32;109,33;111,40
2024-04-13;102,67;101,96;107,59;117,21;128,24;135,78;143,66;154,58;163,25;174,21;181,64;102,67;109,36;113,78;124,73;135,69;143,72;152,36;164,85;175,12;184,27;191,14;102,67;102,79;107,86;116,71;127,14;134,52;141,23;150,59;158,47;167,24;173,70;102,67;93,86;95,51;97,46;99,39;101,35;103,33;105,32;107,32;109,33;111,40
2024-04-14;102,66;101,96;107,59;117,21;128,24;135,78;143,66;154,58;163,25;174,21;181,64;102,66;109,36;113,78;124,73;135,69;143,72;152,36;164,85;175,12;184,27;191,14;102,66;102,79;107,86;116,71;127,14;134,51;141,23;150,59;158,47;167,24;173,70;102,66;93,86;95,51;97,45;99,39;101,35;103,33;105,32;107,32;109,33;111,40
2024-04-15;102,67;101,41;106,96;116,47;127,37;134,80;142,55;153,32;161,83;172,62;179,90;102,67;108,79;113,17;123,98;134,83;142,74;151,27;163,62;173,75;182,79;189,59;102,67;102,24;107,26;116,02;126,34;133,60;140,23;149,47;157,24;165,90;172,31;102,67;93,34;94,93;96,82;98,69;100,58;102,49;104,41;106,33;108,26;110,26
2024-04-16;102,68;101,06;106,55;115,99;126,80;134,16;141,83;152,50;160,92;171,60;178,78;102,68;108,38;112,65;123,32;134,05;141,82;150,21;162,37;172,32;181,12;187,61;102,68;101,82;106,74;115,38;125,56;132,69;139,21;148,29;155,90;164,35;170,48;102,68;93,03;94,55;96,38;98,20;100,03;101,89;103,74;105,61;107,48;109,41
2024-04-17;102,69;101,28;106,70;116,06;126,79;134,05;141,61;152,15;160,43;170,95;177,97;102,69;108,62;112,86;123,42;134,06;141,74;150,02;162,09;171,90;180,58;186,94;102,69;102,06;106,91;115,49;125,61;132,63;139,06;148,05;155,54;163,88;169,92;102,69;93,17;94,64;96,41;98,16;99,93;101,71;103,49;105,28;107,07;108,92
2024-04-18;102,70;101,12;106,53;115,88;126,58;133,82;141,36;151,87;160,13;170,62;177,62;102,70;108,41;112,67;123,23;133,86;141,55;149,84;161,91;171,73;180,45;186,88;102,70;101,89;106,75;115,33;125,45;132,48;138,91;147,91;155,42;163,79;169,90;102,70;93,04;94,52;96,28;98,03;99,79;101,57;103,34;105,13;106,91;108,75
2024-04-19;102,74;101,09;106,41;115,65;126,23;133,33;140,73;151,06;159,14;169,42;176,22;102,74;108,34;112,52;122,95;133,45;140,99;149,11;161,00;170,63;179,16;185,39;102,74;101,80;106,57;115,07;125,06;131,94;138,25;147,11;154,46;162,65;168,60;102,74;93,02;94,38;96,04;97,67;99,32;100,98;102,63;104,28;105,93;107,64
2024-04-20;102,73;101,09;106,41;115,65;126,23;133,33;140,72;151,06;159,14;169,42;176,22;102,73;108,34;112,52;122,94;133,45;140,99;149,10;161,00;170,63;179,16;185,39;102,73;101,80;106,57;115,07;125,06;131,94;138,25;147,10;154,46;162,65;168,60;102,73;93,02;94,38;96,03;97,67;99,31;100,97;102,63;104,28;105,93;107,64
2024-04-21;102,73;101,09;106,41;115,65;126,22;133,33;140,72;151,06;159,14;169,42;176,22;102,73;108,34;112,52;122,94;133,45;140,98;149,10;161,00;170,63;179,16;185,39;102,73;101,80;106,57;115,06;125,06;131,93;138,25;147,10;154,45;162,65;168,60;102,73;93,01;94,38;96,03;97,67;99,31;100,97;102,62;104,28;105,93;107,64
2024-04-22;102,74;101,25;106,68;116,04;126,77;134,02;141,58;152,11;160,39;170,91;177,92;102,74;108,58;112,84;123,42;134,07;141,76;150,05;162,14;171,98;180,72;187,16;102,74;102,02;106,89;115,52;125,65;132,68;139,13;148,17;155,70;164,09;170,22;102,74;93,16;94,60;96,35;98,08;99,82;101,58;103,33;105,09;106,86;108,67
2024-04-23;102,75;101,37;106,87;116,32;127,15;134,51;142,18;152,85;161,27;171,95;179,12;102,75;108,71;113,05;123,68;134,44;142,21;150,60;162,83;172,81;181,68;188,23;102,75;102,14;107,07;115,79;126,01;133,11;139,68;148,85;156,49;165,01;171,28;102,75;93,32;94,81;96,62;98,41;100,22;102,04;103,87;105,70;107,53;109,42
2024-04-24;102,76;101,10;106,62;116,09;126,95;134,35;142,07;152,79;161,27;172,01;179,25;102,76;108,32;112,72;123,44;134,25;142,13;150,62;162,95;173,05;182,07;188,78;102,76;101,81;106,79;115,55;125,84;133,04;139,68;148,93;156,68;165,33;171,74;102,76;93,03;94,60;96,45;98,30;100,16;102,04;103,92;105,81;107,71;109,67
2024-04-25;102,77;100,80;106,26;115,65;126,42;133,73;141,35;151,95;160,31;170,92;178,03;102,77;108,00;112,35;122,91;133,60;141,36;149,72;161,91;171,84;180,69;187,22;102,77;101,50;106,40;115,09;125,26;132,33;138,88;148,02;155,65;164,14;170,42;102,77;92,76;94,28;96,08;97,86;99,66;101,48;103,29;105,12;106,95;108,83
2024-04-26;102,80;101,11;106,68;116,20;127,13;134,60;142,39;153,21;161,78;172,63;179,97;102,80;108,40;112,88;123,54;134,38;142,30;150,83;163,26;173,41;182,48;189,21;102,80;101,89;106,86;115,66;125,98;133,17;139,88;149,20;157,00;165,70;172,15;102,80;93,10;94,72;96,62;98,51;100,42;102,36;104,29;106,24;108,20;110,21
2024-04-27;102,80;101,11;106,68;116,20;127,13;134,60;142,39;153,21;161,78;172,62;179,97;102,80;108,40;112,88;123,54;134,38;142,29;150,83;163,26;173,41;182,48;189,21;102,80;101,88;106,86;115,66;125,97;133,17;139,88;149,20;157,00;165,70;172,14;102,80;93,10;94,72;96,62;98,51;100,42;102,36;104,29;106,24;108,19;110,21
2024-04-28;102,80;101,10;106,67;116,20;127,13;134,59;142,39;153,20;161,77;172,62;179,97;102,80;108,40;112,87;123,54;134,37;142,29;150,83;163,26;173,41;182,48;189,20;102,80;101,88;106,86;115,65;125,97;133,17;139,88;149,20;157,00;165,70;172,14;102,80;93,10;94,72;96,62;98,51;100,42;102,36;104,29;106,24;108,19;110,21
2024-04-29;102,81;101,39;106,95;116,48;127,40;134,85;142,63;153,43;161,98;172,80;180,11;102,81;108,76;113,24;123,91;134,75;142,67;151,19;163,64;173,78;182,85;189,58;102,81;102,24;107,20;116,01;126,34;133,53;140,23;149,57;157,35;166,05;172,51;102,81;93,32;94,94;96,84;98,72;100,62;102,55;104,47;106,41;108,36;110,36
2024-04-30;102,83;101,00;106,47;115,88;126,67;133,99;141,62;152,24;160,62;171,24;178,37;102,83;108,30;112,72;123,37;134,10;141,95;150,38;162,66;172,69;181,69;188,42;102,83;101,83;106,77;115,48;125,73;132,88;139,46;148,66;156,35;164,97;171,40;102,83;93,01;94,59;96,41;98,23;100,06;101,91;103,75;105,61;107,47;109,39
2024-05-01;102,83;101,13;106,57;115,94;126,68;133,95;141,53;152,09;160,40;170,94;177,99;102,83;108,42;112,82;123,43;134,13;141,93;150,31;162,55;172,52;181,46;188,11;102,83;101,94;106,85;115,52;125,73;132,84;139,38;148,52;156,16;164,73;171,09;102,83;92,99;94,56;96,37;98,16;99,97;101,80;103,63;105,47;107,31;109,20
2024-05-02;102,84;101,45;106,96;116,42;127,27;134,64;142,33;153,02;161,45;172,15;179,33;102,84;108,69;113,13;123,91;134,72;142,65;151,14;163,51;173,62;182,69;189,46;102,84;102,20;107,17;115,95;126,26;133,49;140,12;149,37;157,14;165,83;172,29;102,84;93,39;95,00;96,86;98,71;100,57;102,46;104,35;106,24;108,15;110,11
2024-05-03;102,87;101,85;107,38;116,89;127,79;135,20;142,93;153,68;162,16;172,91;180,13;102,87;109,09;113,56;124,37;135,22;143,18;151,71;164,13;174,28;183,38;190,15;102,87;102,59;107,59;116,41;126,77;134,03;140,69;149,99;157,80;166,52;173,00;102,87;93,77;95,39;97,26;99,13;101,01;102,92;104,82;106,73;108,66;110,63
2024-05-04;102,87;101,85;107,38;116,89;127,79;135,20;142,93;153,67;162,16;172,91;180,13;102,87;109,09;113,56;124,37;135,22;143,18;151,71;164,12;174,28;183,38;190,15;102,87;102,59;107,59;116,41;126,77;134,03;140,69;149,99;157,80;166,51;173,00;102,87;93,77;95,39;97,26;99,13;101,01;102,91;104,82;106,73;108,66;110,63
2024-05-05;102,87;101,85;107,38;116,89;127,79;135,20;142,93;153,67;162,15;172,90;180,13;102,87;109,09;113,55;124,36;135,22;143,18;151,71;164,12;174,28;183,38;190,15;102,87;102,58;107,58;116,41;126,76;134,02;140,68;149,99;157,80;166,51;172,99;102,87;93,77;95,39;97,26;99,13;101,01;102,91;104,82;106,73;108,65;110,63
2024-05-06;102,88;102,04;107,65;117,25;128,25;135,77;143,61;154,49;163,11;174,02;181,40;102,88;109,33;113,85;124,70;135,64;143,67;152,28;164,82;175,09;184,28;191,09;102,88;102,80;107,84;116,75;127,18;134,49;141,25;150,67;158,57;167,37;173,92;102,88;93,89;95,56;97,50;99,43;101,38;103,35;105,33;107,32;109,32;111,38
2024-05-07;102,89;102,32;107,95;117,58;128,63;136,17;144,05;154,98;163,63;174,59;182,01;102,89;109,63;114,18;125,07;136,07;144,14;152,80;165,42;175,75;185,02;191,96;102,89;103,07;108,15;117,11;127,60;134,95;141,75;151,24;159,20;168,08;174,74;102,89;94,21;95,86;97,81;99,74;101,69;103,67;105,65;107,63;109,63;111,69
2024-05-08;102,90;102,17;107,81;117,46;128,53;136,10;144,01;154,97;163,66;174,67;182,13;102,90;109,45;114,05;124,87;135,88;143,95;152,63;165,29;175,64;184,94;191,85;102,90;102,91;107,97;116,95;127,44;134,77;141,61;151,14;159,12;168,02;174,69;102,90;94,06;95,73;97,69;99,63;101,60;103,59;105,58;107,58;109,60;111,68
2024-05-09;102,91;102,20;107,87;117,55;128,65;136,26;144,20;155,21;163,96;175,01;182,52;102,91;109,44;114,04;124,90;135,95;144,04;152,75;165,44;175,83;185,16;192,07;102,91;102,88;107,97;116,97;127,49;134,84;141,72;151,28;159,30;168,23;174,91;102,91;94,09;95,76;97,72;99,67;101,64;103,64;105,64;107,65;109,67;111,75
2024-05-10;102,94;102,08;107,79;117,52;128,68;136,36;144,39;155,49;164,33;175,50;183,12;102,94;109,31;113,99;124,89;136,01;144,19;153,00;165,82;176,34;185,81;192,90;102,94;102,78;107,93;116,99;127,58;135,01;141,98;151,65;159,78;168,84;175,69;102,94;93,92;95,65;97,66;99,67;101,70;103,76;105,83;107,90;110,00;112,15
2024-05-11;102,94;102,07;107,79;117,52;128,68;136,36;144,38;155,48;164,33;175,50;183,12;102,94;109,31;113,99;124,89;136,01;144,19;153,00;165,81;176,33;185,81;192,90;102,94;102,78;107,93;116,99;127,58;135,01;141,98;151,65;159,78;168,84;175,69;102,94;93,92;95,65;97,66;99,67;101,70;103,76;105,82;107,90;110,00;112,15
2024-05-12;102,94;102,07;107,79;117,52;128,68;136,36;144,38;155,48;164,32;175,49;183,12;102,94;109,31;113,99;124,89;136,01;144,19;153,00;165,81;176,33;185,81;192,89;102,94;102,78;107,93;116,98;127,58;135,00;141,98;151,65;159,78;168,84;175,69;102,94;93,92;95,64;97,66;99,67;101,70;103,76;105,82;107,90;109,99;112,15
2024-05-13;102,95;102,11;107,79;117,48;128,59;136,21;144,18;155,21;163,98;175,06;182,61;102,95;109,39;114,07;124,92;135,99;144,13;152,89;165,66;176,12;185,56;192,61;102,95;102,86;107,98;117,01;127,57;134,95;141,88;151,51;159,59;168,61;175,45;102,95;93,97;95,69;97,68;99,66;101,67;103,69;105,73;107,78;109,84;111,96
2024-05-14;102,96;102,18;107,88;117,59;128,74;136,39;144,39;155,46;164,26;175,40;182,98;102,96;109,38;114,08;124,97;136,07;144,24;153,04;165,85;176,36;185,83;192,87;102,96;102,86;107,99;117,05;127,63;135,04;142,01;151,67;159,79;168,85;175,69;102,96;94,01;95,74;97,75;99,77;101,79;103,85;105,91;107,99;110,08;112,23
2024-05-15;102,97;102,79;108,54;118,34;129,58;137,32;145,40;156,57;165,48;176,73;184,41;102,97;110,13;114,84;125,80;136,99;145,21;154,07;166,96;177,54;187,06;194,14;102,97;103,54;108,71;117,82;128,48;135,94;142,96;152,68;160,86;169,96;176,82;102,97;94,61;96,35;98,39;100,43;102,48;104,56;106,66;108,76;110,88;113,06
2024-05-16;102,98;102,71;108,44;118,22;129,43;137,14;145,19;156,33;165,20;176,41;184,05;102,98;110,00;114,74;125,68;136,84;145,07;153,94;166,83;177,41;186,96;194,08;102,98;103,46;108,63;117,76;128,41;135,88;142,89;152,63;160,80;169,93;176,85;102,98;94,56;96,32;98,36;100,40;102,45;104,54;106,63;108,74;110,86;113,05
2024-05-17;103,01;102,47;108,23;118,03;129,27;137,01;145,10;156,30;165,22;176,49;184,20;103,01;109,68;114,45;125,40;136,58;144,85;153,74;166,67;177,29;186,89;194,05;103,01;103,17;108,36;117,49;128,16;135,66;142,70;152,47;160,69;169,85;176,82;103,01;94,32;96,11;98,17;100,22;102,30;104,40;106,51;108,64;110,78;112,99
2024-05-18;103,01;102,46;108,23;118,03;129,27;137,01;145,10;156,29;165,22;176,49;184,20;103,01;109,68;114,45;125,40;136,58;144,84;153,74;166,67;177,29;186,88;194,05;103,01;103,17;108,36;117,49;128,16;135,65;142,70;152,47;160,69;169,85;176,81;103,01;94,32;96,11;98,16;100,22;102,29;104,40;106,51;108,64;110,78;112,99
2024-05-19;103,01;102,46;108,23;118,02;129,26;137,01;145,10;156,29;165,22;176,49;184,20;103,01;109,68;114,45;125,40;136,58;144,84;153,74;166,67;177,29;186,88;194,05;103,01;103,17;108,35;117,49;128,16;135,65;142,70;152,46;160,68;169,85;176,81;103,01;94,32;96,11;98,16;100,22;102,29;104,40;106,51;108,64;110,78;112,99
2024-05-20;103,02;102,38;108,17;117,99;129,26;137,04;145,18;156,42;165,40;176,73;184,50;103,02;109,60;114,41;125,41;136,63;144,95;153,91;166,91;177,61;187,29;194,55;103,02;103,10;108,32;117,50;128,21;135,76;142,86;152,69;160,98;170,22;177,27;103,02;94,20;96,02;98,12;100,21;102,33;104,47;106,63;108,80;111,00;113,25
2024-05-21;103,03;102,52;108,32;118,16;129,45;137,24;145,38;156,64;165,63;176,98;184,76;103,03;109,77;114,55;125,54;136,78;145,07;154,02;166,99;177,66;187,30;194,48;103,03;103,25;108,47;117,63;128,33;135,87;142,95;152,76;161,03;170,22;177,19;103,03;94,38;96,18;98,26;100,34;102,43;104,56;106,70;108,86;111,03;113,27
2024-05-22;103,04;102,38;108,17;117,99;129,25;137,03;145,16;156,39;165,36;176,68;184,45;103,04;109,65;114,43;125,38;136,58;144,86;153,78;166,75;177,39;186,99;194,13;103,04;103,14;108,33;117,47;128,15;135,65;142,73;152,52;160,76;169,93;176,88;103,04;94,26;96,07;98,15;100,24;102,35;104,48;106,63;108,79;110,97;113,21
2024-05-23;103,05;102,06;107,80;117,57;128,78;136,50;144,57;155,73;164,64;175,88;183,57;103,05;109,26;114,03;124,93;136,09;144,34;153,24;166,14;176,74;186,33;193,49;103,05;102,77;107,96;117,05;127,69;135,17;142,21;151,94;160,16;169,31;176,26;103,05;93,93;95,73;97,79;99,86;101,94;104,06;106,19;108,32;110,48;112,70
2024-05-24;103,08;102,13;107,91;117,71;128,95;136,72;144,83;156,05;165,00;176,31;184,06;103,08;109,36;114,11;125,02;136,20;144,44;153,34;166,25;176,86;186,40;193,48;103,08;102,83;108,02;117,11;127,75;135,23;142,28;152,01;160,22;169,34;176,21;103,08;94,05;95,83;97,91;99,98;102,07;104,20;106,33;108,48;110,65;112,88
2024-05-25;103,08;102,13;107,91;117,71;128,95;136,71;144,83;156,04;165,00;176,30;184,06;103,08;109,36;114,11;125,02;136,20;144,44;153,34;166,25;176,85;186,40;193,48;103,08;102,83;108,02;117,10;127,75;135,22;142,28;152,01;160,22;169,34;176,21;103,08;94,05;95,83;97,91;99,98;102,07;104,20;106,33;108,48;110,65;112,88
2024-05-26;103,08;102,13;107,91;117,71;128,95;136,71;144,83;156,04;165,00;176,30;184,05;103,08;109,36;114,11;125,02;136,20;144,44;153,34;166,24;176,85;186,40;193,48;103,08;102,83;108,02;117,10;127,75;135,22;142,28;152,01;160,22;169,34;176,21;103,08;94,05;95,83;97,91;99,98;102,07;104,19;106,33;108,48;110,65;112,87
2024-05-27;103,09;102,21;107,99;117,80;129,05;136,81;144,93;156,15;165,11;176,42;184,17;103,09;109,52;114,28;125,23;136,43;144,69;153,61;166,54;177,18;186,78;193,95;103,09;102,98;108,19;117,30;127,97;135,47;142,53;152,29;160,52;169,69;176,63;103,09;94,05;95,85;97,94;100,02;102,13;104,26;106,41;108,57;110,75;112,99
2024-05-28;103,10;101,94;107,71;117,49;128,71;136,46;144,56;155,75;164,69;175,98;183,72;103,10;109,21;113,95;124,88;136,04;144,29;153,19;166,08;176,69;186,24;193,39;103,10;102,71;107,90;116,98;127,63;135,11;142,15;151,89;160,09;169,22;176,12;103,10;93,86;95,65;97,73;99,81;101,91;104,04;106,19;108,35;110,53;112,77
2024-05-29;103,11;101,52;107,25;116,99;128,17;135,88;143,94;155,09;163,98;175,22;182,92;103,11;108,73;113,42;124,27;135,37;143,56;152,40;165,20;175,72;185,17;192,17;103,11;102,24;107,40;116,41;126,98;134,41;141,41;151,06;159,20;168,22;175,00;103,11;93,41;95,19;97,26;99,34;101,43;103,55;105,68;107,83;110,00;112,23
2024-05-30;103,12;101,69;107,37;117,04;128,14;135,77;143,73;154,76;163,53;174,62;182,18;103,12;108,91;113,54;124,35;135,40;143,48;152,21;164,88;175,29;184,63;191,55;103,12;102,38;107,50;116,47;126,98;134,33;141,23;150,78;158,83;167,75;174,45;103,12;93,59;95,29;97,28;99,27;101,28;103,31;105,35;107,41;109,48;111,60
2024-05-31;103,15;101,97;107,69;117,43;128,59;136,28;144,32;155,43;164,28;175,47;183,11;103,15;109,18;113,80;124,71;135,84;143,96;152,76;165,47;175,96;185,34;192,27;103,15;102,61;107,79;116,82;127,39;134,80;141,76;151,36;159,48;168,44;175,16;103,15;93,90;95,57;97,56;99,56;101,57;103,60;105,65;107,70;109,77;111,90
2024-06-01;103,15;101,97;107,69;117,42;128,59;136,28;144,31;155,43;164,28;175,47;183,11;103,15;109,18;113,80;124,71;135,84;143,96;152,75;165,47;175,96;185,34;192,26;103,15;102,61;107,79;116,82;127,39;134,80;141,75;151,36;159,48;168,44;175,16;103,15;93,90;95,57;97,56;99,56;101,57;103,60;105,65;107,70;109,77;111,90
2024-06-02;103,15;101,96;107,69;117,42;128,59;136,28;144,31;155,42;164,28;175,47;183,11;103,15;109,18;113,80;124,71;135,84;143,96;152,75;165,47;175,95;185,33;192,26;103,15;102,61;107,78;116,82;127,39;134,80;141,75;151,36;159,48;168,44;175,16;103,15;93,90;95,57;97,56;99,56;101,56;103,60;105,65;107,70;109,77;111,90
2024-06-03;103,16;102,38;108,10;117,84;129,01;136,68;144,69;155,79;164,62;175,78;183,38;103,16;109,61;114,28;125,24;136,39;144,56;153,39;166,17;176,70;186,15;193,18;103,16;103,05;108,24;117,29;127,90;135,36;142,32;151,96;160,10;169,14;175,94;103,16;94,23;95,93;97,94;99,95;101,97;104,01;106,07;108,14;110,22;112,36
2024-06-04;103,15;102,68;108,37;118,09;129,24;136,88;144,85;155,90;164,68;175,78;183,32;103,15;109,88;114,46;125,36;136,47;144,54;153,29;165,92;176,32;185,60;192,41;103,15;103,26;108,43;117,42;127,97;135,35;142,22;151,74;159,78;168,66;175,27;103,15;94,56;96,19;98,15;100,11;102,08;104,07;106,07;108,08;110,11;112,19
2024-06-05;103,17;102,99;108,78;118,61;129,90;137,66;145,78;157,01;165,96;177,26;184,99;103,17;110,22;114,91;125,84;137,05;145,24;154,12;166,95;177,51;186,93;193,81;103,17;103,59;108,79;117,89;128,54;135,98;143,00;152,68;160,85;169,87;176,58;103,17;94,86;96,57;98,61;100,66;102,72;104,80;106,90;109,01;111,14;113,33
2024-06-06;103,18;102,95;108,74;118,59;129,89;137,67;145,81;157,06;166,03;177,36;185,12;103,18;110,08;114,83;125,78;137,02;145,25;154,19;167,09;177,72;187,25;194,25;103,18;103,48;108,72;117,84;128,52;136,02;143,08;152,82;161,05;170,17;177,00;103,18;94,80;96,54;98,61;100,68;102,76;104,87;107,00;109,13;111,29;113,50
2024-06-07;103,22;102,46;108,31;118,21;129,57;137,44;145,68;157,04;166,14;177,61;185,52;103,22;109,55;114,36;125,32;136,62;144,94;153,98;166,99;177,74;187,39;194,52;103,22;102,99;108,28;117,43;128,17;135,74;142,89;152,73;161,07;170,29;177,23;103,22;94,32;96,14;98,28;100,42;102,59;104,78;106,99;109,22;111,47;113,78
2024-06-08;103,21;102,46;108,31;118,21;129,57;137,44;145,68;157,04;166,14;177,61;185,51;103,21;109,55;114,36;125,32;136,62;144,94;153,98;166,99;177,73;187,39;194,52;103,21;102,98;108,27;117,43;128,17;135,74;142,89;152,73;161,07;170,29;177,23;103,21;94,32;96,14;98,28;100,42;102,58;104,78;106,99;109,22;111,47;113,78
2024-06-09;103,21;102,46;108,31;118,21;129,57;137,44;145,68;157,03;166,13;177,61;185,51;103,21;109,54;114,36;125,32;136,62;144,94;153,98;166,99;177,73;187,38;194,52;103,21;102,98;108,27;117,43;128,17;135,73;142,89;152,73;161,07;170,28;177,23;103,21;94,32;96,14;98,28;100,42;102,58;104,78;106,99;109,22;111,46;113,78
2024-06-10;103,22;102,28;108,23;118,24;129,73;137,74;146,14;157,69;167,00;178,71;186,84;103,22;109,25;114,13;125,25;136,68;145,15;154,35;167,52;178,47;188,30;195,58;103,22;102,72;108,10;117,35;128,21;135,93;143,22;153,21;161,73;171,11;178,19;103,22;94,17;96,07;98,30;100,54;102,79;105,09;107,41;109,74;112,10;114,53
2024-06-11;103,23;102,51;108,45;118,46;129,95;137,96;146,34;157,88;167,16;178,85;186,96;103,23;109,44;114,28;125,37;136,78;145,21;154,37;167,49;178,37;188,09;195,20;103,23;102,89;108,24;117,45;128,27;135,96;143,21;153,14;161,61;170,88;177,80;103,23;94,43;96,31;98,52;100,75;102,99;105,27;107,57;109,88;112,23;114,63
2024-06-12;103,24;102,92;108,83;118,81;130,27;138,22;146,55;158,03;167,23;178,84;186,85;103,24;109,96;114,77;125,82;137,20;145,56;154,66;167,72;178,53;188,19;195,24;103,24;103,36;108,68;117,88;128,67;136,28;143,49;153,37;161,77;170,99;177,86;103,24;94,76;96,60;98,78;100,97;103,17;105,41;107,67;109,95;112,25;114,61
2024-06-13;103,25;103,21;109,15;119,17;130,67;138,66;147,03;158,55;167,80;179,46;187,52;103,25;110,12;114,97;125,99;137,38;145,79;154,92;168,03;178,85;188,48;195,38;103,25;103,55;108,85;118,07;128,88;136,50;143,75;153,65;162,07;171,26;178,05;103,25;95,06;96,94;99,15;101,37;103,61;105,88;108,18;110,48;112,82;115,22
2024-06-14;103,28;103,53;109,50;119,57;131,13;139,16;147,58;159,17;168,48;180,21;188,32;103,28;110,50;115,34;126,40;137,81;146,26;155,42;168,57;179,41;189,03;195,91;103,28;103,90;109,20;118,43;129,26;136,92;144,17;154,09;162,50;171,70;178,43;103,28;95,35;97,26;99,51;101,76;104,03;106,34;108,68;111,03;113,40;115,85
2024-06-15;103,28;103,53;109,50;119,57;131,12;139,16;147,58;159,17;168,48;180,20;188,32;103,28;110,50;115,34;126,40;137,81;146,26;155,42;168,57;179,41;189,03;195,91;103,28;103,90;109,20;118,43;129,26;136,92;144,17;154,08;162,50;171,69;178,42;103,28;95,35;97,26;99,51;101,76;104,03;106,34;108,68;111,02;113,40;115,85
2024-06-16;103,28;103,53;109,50;119,56;131,12;139,16;147,58;159,17;168,47;180,20;188,32;103,28;110,49;115,33;126,40;137,81;146,26;155,42;168,57;179,41;189,03;195,91;103,28;103,90;109,20;118,43;129,26;136,92;144,17;154,08;162,50;171,69;178,42;103,28;95,34;97,26;99,50;101,76;104,03;106,34;108,67;111,02;113,40;115,84
2024-06-17;103,29;103,28;109,28;119,38;130,98;139,07;147,54;159,20;168,58;180,40;188,60;103,29;110,25;115,10;126,11;137,53;145,98;155,16;168,35;179,21;188,82;195,65;103,29;103,65;108,93;118,18;129,01;136,65;143,95;153,91;162,34;171,53;178,23;103,29;95,11;97,04;99,32;101,61;103,92;106,27;108,64;111,03;113,46;115,95
2024-06-18;103,30;103,53;109,54;119,66;131,28;139,39;147,87;159,55;168,95;180,78;188,99;103,30;110,56;115,44;126,47;137,92;146,39;155,60;168,83;179,72;189,39;196,27;103,30;103,94;109,25;118,53;129,39;137,05;144,37;154,36;162,83;172,06;178,84;103,30;95,33;97,28;99,56;101,86;104,17;106,53;108,91;111,31;113,74;116,24
2024-06-19;103,31;103,50;109,51;119,62;131,23;139,33;147,81;159,47;168,86;180,68;188,88;103,31;110,46;115,38;126,43;137,88;146,39;155,62;168,89;179,81;189,53;196,47;103,31;103,88;109,19;118,48;129,36;137,04;144,38;154,40;162,89;172,18;179,01;103,31;95,32;97,30;99,58;101,88;104,20;106,56;108,94;111,34;113,77;116,27
2024-06-20;103,32;103,38;109,40;119,54;131,17;139,30;147,81;159,51;168,94;180,82;189,07;103,32;110,36;115,33;126,38;137,87;146,42;155,70;169,04;180,03;189,85;196,91;103,32;103,79;109,13;118,44;129,36;137,08;144,47;154,55;163,10;172,47;179,42;103,32;95,16;97,16;99,46;101,77;104,11;106,49;108,89;111,31;113,76;116,28
2024-06-21;103,35;103,39;109,43;119,56;131,21;139,34;147,86;159,57;169,01;180,89;189,16;103,35;110,37;115,31;126,36;137,84;146,38;155,63;168,95;179,92;189,68;196,65;103,35;103,79;109,11;118,43;129,33;137,03;144,41;154,47;163,00;172,33;179,20;103,35;95,22;97,21;99,52;101,83;104,17;106,56;108,96;111,39;113,84;116,37
2024-06-22;103,35;103,39;109,42;119,56;131,20;139,33;147,85;159,57;169,01;180,89;189,15;103,35;110,37;115,31;126,36;137,84;146,37;155,63;168,95;179,91;189,67;196,65;103,35;103,79;109,11;118,43;129,33;137,03;144,41;154,47;163,00;172,32;179,20;103,35;95,22;97,21;99,52;101,83;104,17;106,56;108,96;111,39;113,84;116,37
2024-06-23;103,35;103,39;109,42;119,56;131,20;139,33;147,85;159,57;169,01;180,89;189,15;103,35;110,36;115,31;126,36;137,84;146,37;155,63;168,94;179,91;189,67;196,65;103,35;103,79;109,11;118,42;129,33;137,03;144,41;154,47;163,00;172,32;179,19;103,35;95,22;97,21;99,51;101,83;104,17;106,55;108,96;111,38;113,84;116,37
2024-06-24;103,35;103,39;109,37;119,46;131,04;139,10;147,55;159,17;168,52;180,29;188,46;103,35;110,41;115,32;126,35;137,79;146,27;155,47;168,71;179,62;189,35;196,33;103,35;103,81;109,12;118,39;129,26;136,92;144,24;154,24;162,72;172,01;178,88;103,35;95,21;97,13;99,38;101,64;103,91;106,23;108,56;110,91;113,29;115,74
2024-06-25;103,36;103,47;109,52;119,68;131,35;139,51;148,05;159,80;169,27;181,19;189,49;103,36;110,48;115,42;126,54;138,06;146,62;155,92;169,23;180,24;190,05;197,12;103,36;103,88;109,26;118,58;129,52;137,28;144,65;154,72;163,29;172,66;179,59;103,36;95,25;97,23;99,53;101,85;104,19;106,57;108,98;111,41;113,86;116,39
2024-06-26;103,37;103,12;109,21;119,40;131,10;139,31;147,92;159,74;169,29;181,30;189,70;103,37;110,10;115,06;126,21;137,76;146,38;155,73;169,11;180,19;190,05;197,19;103,37;103,53;108,93;118,27;129,23;137,04;144,47;154,59;163,22;172,64;179,61;103,37;94,96;96,98;99,34;101,71;104,10;106,54;109,01;111,50;114,02;116,61
2024-06-27;103,38;103,14;109,19;119,35;131,02;139,19;147,76;159,52;169,02;180,96;189,30;103,38;110,10;115,02;126,14;137,64;146,21;155,49;168,80;179,80;189,57;196,59;103,38;103,53;108,89;118,20;129,12;136,87;144,25;154,31;162,87;172,21;179,08;103,38;94,95;96,94;99,27;101,62;103,99;106,40;108,84;111,30;113,80;116,36
2024-06-28;103,41;102,86;108,90;119,02;130,65;138,79;147,32;159,04;168,50;180,40;188,71;103,41;109,77;114,69;125,82;137,31;145,88;155,15;168,46;179,46;189,27;196,36;103,41;103,24;108,60;117,90;128,81;136,57;143,95;154,00;162,57;171,93;178,85;103,41;94,72;96,72;99,04;101,39;103,75;106,16;108,59;111,05;113,54;116,10
2024-06-29;103,41;102,86;108,90;119,02;130,65;138,79;147,32;159,04;168,50;180,40;188,70;103,41;109,77;114,69;125,82;137,31;145,88;155,15;168,46;179,46;189,26;196,36;103,41;103,24;108,60;117,90;128,81;136,57;143,95;154,00;162,57;171,93;178,85;103,41;94,72;96,72;99,04;101,38;103,75;106,16;108,59;111,05;113,53;116,09
2024-06-30;103,41;102,86;108,90;119,02;130,65;138,79;147,32;159,04;168,50;180,40;188,70;103,41;109,77;114,69;125,82;137,31;145,88;155,15;168,45;179,46;189,26;196,36;103,41;103,24;108,60;117,90;128,80;136,57;143,94;154,00;162,57;171,93;178,85;103,41;94,71;96,71;99,04;101,38;103,75;106,16;108,59;111,05;113,53;116,09
2024-07-01;103,42;102,48;108,55;118,70;130,36;138,55;147,14;158,92;168,46;180,44;188,84;103,42;109,39;114,35;125,47;136,98;145,59;154,92;168,28;179,35;189,22;196,41;103,42;102,87;108,26;117,56;128,49;136,28;143,71;153,81;162,43;171,86;178,84;103,42;94,31;96,35;98,72;101,11;103,52;105,97;108,46;110,97;113,51;116,13
2024-07-02;103,43;102,65;108,75;118,94;130,65;138,89;147,53;159,38;168,97;181,03;189,50;103,43;109,59;114,51;125,70;137,26;145,87;155,23;168,58;179,67;189,53;196,67;103,43;103,03;108,45;117,75;128,70;136,53;143,96;154,05;162,69;172,11;179,03;103,43;94,50;96,53;98,90;101,30;103,71;106,18;108,67;111,19;113,74;116,37
2024-07-03;103,44;103,01;109,10;119,30;131,02;139,25;147,88;159,72;169,30;181,35;189,78;103,44;110,03;114,98;126,17;137,73;146,35;155,71;169,07;180,16;190,04;197,22;103,44;103,45;108,88;118,20;129,16;136,99;144,42;154,52;163,15;172,58;179,55;103,44;94,92;96,94;99,29;101,67;104,06;106,50;108,97;111,46;113,98;116,58
2024-07-04;103,45;102,97;109,09;119,31;131,06;139,31;147,98;159,86;169,48;181,57;190,06;103,45;109,98;114,99;126,24;137,85;146,54;155,98;169,44;180,62;190,64;197,98;103,45;103,42;108,90;118,26;129,28;137,19;144,66;154,84;163,56;173,12;180,24;103,45;94,89;96,95;99,33;101,74;104,16;106,63;109,14;111,66;114,22;116,85
2024-07-05;103,48;103,36;109,48;119,71;131,47;139,73;148,39;160,27;169,88;181,96;190,43;103,48;110,41;115,40;126,62;138,23;146,89;156,31;169,74;180,88;190,82;198,04;103,48;103,83;109,29;118,63;129,64;137,52;144,97;155,11;163,79;173,27;180,28;103,48;95,24;97,28;99,66;102,06;104,48;106,94;109,44;111,95;114,50;117,13
2024-07-06;103,47;103,36;109,48;119,71;131,47;139,73;148,39;160,27;169,88;181,96;190,42;103,47;110,41;115,40;126,62;138,22;146,89;156,31;169,73;180,88;190,82;198,03;103,47;103,83;109,29;118,63;129,64;137,51;144,97;155,11;163,79;173,27;180,28;103,47;95,24;97,28;99,66;102,06;104,48;106,94;109,43;111,95;114,50;117,13
2024-07-07;103,47;103,36;109,47;119,71;131,47;139,73;148,39;160,26;169,88;181,96;190,42;103,47;110,41;115,40;126,62;138,22;146,89;156,31;169,73;180,87;190,82;198,03;103,47;103,83;109,29;118,63;129,64;137,51;144,97;155,11;163,79;173,27;180,28;103,47;95,24;97,28;99,66;102,05;104,47;106,94;109,43;111,95;114,50;117,13
2024-07-08;103,49;103,46;109,57;119,80;131,55;139,79;148,43;160,29;169,88;181,94;190,38;103,49;110,54;115,53;126,73;138,32;146,98;156,38;169,80;180,93;190,85;198,04;103,49;103,97;109,40;118,72;129,73;137,58;145,03;155,14;163,80;173,26;180,24;103,49;95,30;97,35;99,73;102,12;104,54;107,00;109,50;112,01;114,56;117,19
2024-07-09;103,49;103,33;109,45;119,69;131,46;139,72;148,39;160,28;169,91;182,00;190,48;103,49;110,26;115,26;126,50;138,10;146,80;156,23;169,67;180,83;190,78;197,97;103,49;103,73;109,18;118,52;129,54;137,43;144,90;155,05;163,74;173,22;180,20;103,49;95,18;97,26;99,66;102,09;104,54;107,04;109,56;112,11;114,70;117,36
2024-07-10;103,50;103,55;109,75;120,10;131,99;140,39;149,19;161,26;171,05;183,35;192,02;103,50;110,58;115,63;126,95;138,67;147,46;157,01;170,60;181,90;191,97;199,29;103,50;104,00;109,52;118,95;130,06;138,05;145,62;155,89;164,71;174,30;181,39;103,50;95,37;97,49;99,96;102,45;104,97;107,54;110,14;112,77;115,44;118,19
2024-07-11;103,51;103,86;109,98;120,23;132,00;140,25;148,91;160,78;170,38;182,45;190,88;103,51;110,98;116,00;127,42;139,10;147,86;157,33;170,86;182,11;192,20;199,64;103,51;104,41;109,91;119,34;130,44;138,42;145,91;156,12;164,89;174,51;181,69;103,51;95,66;97,73;100,13;102,54;104,97;107,45;109,96;112,49;115,06;117,70
2024-07-12;103,54;103,98;110,13;120,42;132,23;140,53;149,22;161,16;170,81;182,94;191,44;103,54;111,02;116,09;127,49;139,21;147,99;157,49;171,08;182,38;192,52;199,95;103,54;104,44;109,95;119,44;130,58;138,56;146,11;156,40;165,22;174,89;182,13;103,54;95,73;97,81;100,22;102,66;105,11;107,61;110,14;112,70;115,29;117,96
2024-07-13;103,54;103,98;110,13;120,41;132,23;140,52;149,22;161,16;170,81;182,94;191,43;103,54;111,02;116,08;127,49;139,21;147,99;157,49;171,07;182,38;192,52;199,95;103,54;104,44;109,95;119,44;130,58;138,56;146,11;156,40;165,22;174,88;182,12;103,54;95,73;97,81;100,22;102,66;105,11;107,61;110,14;112,70;115,29;117,95
2024-07-14;103,54;103,98;110,12;120,41;132,23;140,52;149,22;161,15;170,81;182,94;191,43;103,54;111,02;116,08;127,49;139,21;147,99;157,49;171,07;182,38;192,52;199,95;103,54;104,44;109,95;119,44;130,58;138,56;146,11;156,40;165,22;174,88;182,12;103,54;95,73;97,81;100,22;102,65;105,11;107,61;110,14;112,69;115,29;117,95
2024-07-15;103,55;103,92;110,06;120,35;132,17;140,47;149,17;161,11;170,76;182,90;191,40;103,55;111,01;116,01;127,43;139,14;147,90;157,37;170,93;182,20;192,27;199,63;103,55;104,42;109,90;119,40;130,52;138,49;146,02;156,29;165,08;174,68;181,84;103,55;95,67;97,75;100,17;102,61;105,07;107,58;110,12;112,69;115,29;117,96
2024-07-16;103,56;104,26;110,47;120,84;132,76;141,15;149,95;162,01;171,79;184,07;192,70;103,56;111,31;116,34;127,89;139,70;148,56;158,11;171,78;183,17;193,32;200,69;103,56;104,69;110,20;119,77;130,97;139,03;146,65;157,00;165,88;175,57;182,73;103,56;96,02;98,14;100,60;103,09;105,60;108,16;110,76;113,38;116,04;118,78
2024-07-17;103,57;104,26;110,47;120,84;132,76;141,14;149,95;162,01;171,78;184,07;192,69;103,57;111,31;116,34;127,93;139,76;148,64;158,21;171,89;183,31;193,48;200,91;103,57;104,70;110,23;119,80;131,02;139,11;146,73;157,09;166,00;175,70;182,89;103,57;96,02;98,13;100,60;103,09;105,60;108,16;110,76;113,38;116,04;118,78
2024-07-18;103,57;104,00;110,00;120,11;131,72;139,79;148,23;159,87;169,21;180,98;189,12;103,57;111,14;115,99;127,38;138,94;147,55;156,81;170,10;181,13;190,97;198,19;103,57;104,53;109,92;119,31;130,29;138,15;145,47;155,52;164,09;173,48;180,46;103,57;95,74;97,68;99,94;102,22;104,51;106,84;109,19;111,55;113,95;116,41
2024-07-19;103,61;103,73;109,69;119,74;131,28;139,29;147,67;159,23;168,49;180,16;188,22;103,61;110,80;115,58;126,84;138,29;146,78;155,91;169,06;179,93;189,59;196,59;103,61;104,20;109,50;118,81;129,68;137,41;144,65;154,58;163,02;172,25;179,05;103,61;95,44;97,35;99,58;101,82;104,07;106,37;108,68;111,01;113,37;115,79
2024-07-20;103,61;103,73;109,69;119,74;131,28;139,29;147,67;159,22;168,49;180,16;188,22;103,61;110,80;115,58;126,84;138,29;146,77;155,91;169,06;179,93;189,58;196,58;103,61;104,20;109,50;118,81;129,68;137,41;144,65;154,58;163,02;172,25;179,05;103,61;95,44;97,34;99,57;101,82;104,07;106,37;108,68;111,01;113,37;115,79
2024-07-21;103,61;103,73;109,68;119,74;131,28;139,29;147,67;159,22;168,48;180,16;188,22;103,61;110,80;115,58;126,84;138,29;146,77;155,91;169,05;179,93;189,58;196,58;103,61;104,20;109,50;118,81;129,68;137,41;144,64;154,58;163,02;172,25;179,05;103,61;95,44;97,34;99,57;101,81;104,07;106,37;108,68;111,01;113,37;115,79
2024-07-22;103,61;103,77;109,82;119,99;131,67;139,82;148,37;160,11;169,57;181,48;189,76;103,61;110,84;115,69;127,01;138,59;147,18;156,44;169,76;180,81;190,60;197,70;103,61;104,21;109,59;118,98;129,95;137,76;145,14;155,22;163,80;173,16;180,05;103,61;95,46;97,42;99,73;102,06;104,40;106,79;109,20;111,63;114,09;116,62
2024-07-23;103,62;103,83;109,90;120,11;131,82;140,01;148,60;160,39;169,90;181,87;190,21;103,62;110,90;115,78;127,18;138,82;147,46;156,78;170,17;181,30;191,18;198,38;103,62;104,27;109,68;119,11;130,14;138,01;145,44;155,57;164,23;173,67;180,63;103,62;95,52;97,51;99,86;102,23;104,61;107,04;109,50;111,97;114,48;117,06
2024-07-24;103,63;103,52;109,40;119,37;130,81;138,72;146,99;158,40;167,53;179,04;186,95;103,63;110,63;115,37;126,61;138,01;146,44;155,51;168,59;179,40;189,03;196,10;103,63;104,03;109,32;118,57;129,40;137,08;144,25;154,12;162,50;171,71;178,53;103,63;95,19;97,06;99,24;101,44;103,64;105,88;108,14;110,41;112,71;115,06
2024-07-25;103,64;103,60;109,40;119,28;130,60;138,38;146,52;157,77;166,72;178,04;185,75;103,64;110,72;115,38;126,46;137,72;146,00;154,88;167,80;178,40;187,79;194,56;103,64;104,10;109,26;118,41;129,10;136,60;143,67;153,38;161,57;170,57;177,15;103,64;95,32;97,11;99,20;101,30;103,41;105,54;107,70;109,86;112,04;114,28
2024-07-26;103,67;103,90;109,79;119,78;131,23;139,14;147,42;158,84;167,97;179,48;187,38;103,67;110,99;115,71;126,88;138,27;146,64;155,64;168,71;179,46;188,97;195,80;103,67;104,33;109,55;118,82;129,62;137,20;144,39;154,25;162,58;171,69;178,36;103,67;95,56;97,38;99,53;101,69;103,87;106,07;108,30;110,53;112,79;115,10
2024-07-27;103,66;103,90;109,79;119,77;131,23;139,14;147,42;158,84;167,96;179,48;187,38;103,66;110,98;115,71;126,87;138,26;146,64;155,63;168,70;179,46;188,97;195,80;103,66;104,33;109,55;118,82;129,62;137,20;144,39;154,25;162,58;171,69;178,36;103,66;95,55;97,38;99,53;101,69;103,86;106,07;108,30;110,53;112,79;115,10
2024-07-28;103,66;103,90;109,79;119,77;131,23;139,14;147,41;158,84;167,96;179,48;187,37;103,66;110,98;115,71;126,87;138,26;146,64;155,63;168,70;179,45;188,97;195,80;103,66;104,33;109,55;118,82;129,62;137,20;144,39;154,24;162,57;171,69;178,36;103,66;95,55;97,37;99,53;101,69;103,86;106,07;108,29;110,53;112,78;115,10
2024-07-29;103,68;104,14;110,07;120,10;131,62;139,58;147,91;159,40;168,59;180,19;188,15;103,68;111,23;115,97;127,24;138,70;147,15;156,22;169,36;180,20;189,80;196,73;103,68;104,58;109,85;119,16;130,02;137,70;144,93;154,84;163,24;172,43;179,16;103,68;95,82;97,67;99,86;102,05;104,26;106,50;108,76;111,03;113,32;115,68
2024-07-30;103,68;104,23;110,13;120,13;131,60;139,52;147,80;159,23;168,36;179,87;187,76;103,68;111,37;116,09;127,34;138,77;147,17;156,20;169,29;180,07;189,63;196,54;103,68;104,70;109,95;119,24;130,07;137,71;144,89;154,76;163,11;172,27;178,98;103,68;95,85;97,68;99,83;101,99;104,16;106,36;108,58;110,81;113,07;115,38
2024-07-31;103,70;104,71;110,75;120,93;132,61;140,73;149,22;160,93;170,32;182,16;190,33;103,70;111,84;116,67;128,18;139,83;148,45;157,72;171,06;182,15;192,00;199,20;103,70;105,14;110,55;119,98;131,02;138,90;146,26;156,33;164,94;174,36;181,30;103,70;96,28;98,20;100,46;102,73;105,03;107,35;109,70;112,07;114,46;116,91
2024-08-01;103,71;104,93;110,82;120,83;132,31;140,21;148,47;159,88;168,97;180,46;188,29;103,71;112,09;116,82;128,09;139,51;147,93;156,96;170,05;180,81;190,35;197,20;103,71;105,40;110,64;119,94;130,80;138,44;145,59;155,45;163,78;172,92;179,60;103,71;96,53;98,35;100,49;102,62;104,78;106,96;109,15;111,35;113,58;115,86
2024-08-02;103,74;105,31;110,84;120,44;131,42;138,78;146,44;157,15;165,50;176,12;183,11;103,74;112,33;116,71;127,44;138,31;146,14;154,52;166,82;176,74;185,39;191,24;103,74;105,61;110,47;119,35;129,69;136,75;143,33;152,51;160,12;168,45;174,31;103,74;96,83;98,32;100,09;101,86;103,62;105,40;107,18;108,95;110,72;112,53
2024-08-03;103,73;105,31;110,84;120,43;131,42;138,78;146,44;157,15;165,50;176,12;183,11;103,73;112,33;116,71;127,44;138,31;146,14;154,52;166,82;176,74;185,39;191,24;103,73;105,61;110,47;119,35;129,69;136,75;143,33;152,50;160,12;168,45;174,31;103,73;96,83;98,31;100,09;101,86;103,62;105,40;107,17;108,94;110,72;112,53
2024-08-04;103,72;105,31;110,84;120,43;131,42;138,78;146,44;157,14;165,49;176,12;183,11;103,72;112,33;116,71;127,44;138,31;146,13;154,52;166,82;176,74;185,38;191,24;103,72;105,60;110,46;119,35;129,69;136,75;143,33;152,50;160,12;168,44;174,30;103,72;96,83;98,31;100,09;101,86;103,62;105,40;107,17;108,94;110,72;112,53
2024-08-05;103,74;105,04;110,19;119,33;129,79;136,60;143,66;153,65;161,27;171,04;177,22;103,74;111,96;115,97;125,96;136,22;143,35;151,02;162,52;171,54;179,25;184,10;103,74;105,21;109,60;118,04;127,80;134,14;140,17;148,68;155,52;163,00;168,05;103,74;96,58;97,69;99,10;100,48;101,85;103,22;104,58;105,92;107,24;108,60
2024-08-06;103,75;104,78;110,11;119,46;130,16;137,24;144,59;154,91;162,89;173,06;179,64;103,75;111,86;116,01;126,14;136,57;143,92;151,79;163,59;172,88;180,85;185,96;103,75;105,14;109,62;118,22;128,14;134,66;140,90;149,65;156,71;164,44;169,70;103,75;96,34;97,64;99,24;100,82;102,39;103,97;105,53;107,08;108,63;110,21
2024-08-07;103,76;104,49;109,82;119,15;129,82;136,89;144,22;154,52;162,48;172,64;179,21;103,76;111,56;115,82;126,27;136,86;144,43;152,53;164,49;174,06;182,43;188,15;103,76;104,90;109,62;118,25;128,35;135,16;141,48;150,35;157,66;165,72;171,42;103,76;96,02;97,38;98,99;100,58;102,17;103,76;105,35;106,92;108,48;110,09
2024-08-08;103,77;104,61;110,13;119,71;130,67;138,03;145,68;156,37;164,71;175,32;182,32;103,77;111,63;115,99;126,58;137,40;145,15;153,48;165,72;175,56;184,12;189,91;103,77;104,93;109,76;118,58;128,85;135,83;142,39;151,52;159,06;167,30;173,08;103,77;96,18;97,66;99,43;101,18;102,94;104,70;106,46;108,21;109,96;111,76
2024-08-09;103,80;104,88;110,44;120,05;131,06;138,46;146,16;156,90;165,30;175,96;183,01;103,80;111,91;116,34;127,00;137,88;145,72;154,13;166,48;176,42;185,10;191,02;103,80;105,22;110,10;118,97;129,31;136,36;142,99;152,20;159,82;168,18;174,08;103,80;96,40;97,93;99,74;101,54;103,33;105,14;106,95;108,75;110,55;112,39
2024-08-10;103,79;104,88;110,44;120,05;131,06;138,46;146,15;156,90;165,29;175,96;183,01;103,79;111,91;116,34;127,00;137,87;145,71;154,12;166,48;176,42;185,10;191,02;103,79;105,22;110,10;118,96;129,31;136,36;142,98;152,19;159,82;168,18;174,08;103,79;96,39;97,93;99,74;101,53;103,33;105,14;106,95;108,75;110,55;112,39
2024-08-11;103,79;104,88;110,43;120,05;131,06;138,46;146,15;156,90;165,29;175,96;183,00;103,79;111,91;116,34;127,00;137,87;145,71;154,12;166,47;176,42;185,09;191,02;103,79;105,22;110,09;118,96;129,31;136,36;142,98;152,19;159,82;168,18;174,08;103,79;96,39;97,92;99,74;101,53;103,33;105,14;106,95;108,75;110,55;112,39
2024-08-12;103,81;104,96;110,50;120,10;131,09;138,46;146,13;156,84;165,21;175,84;182,84;103,81;111,99;116,43;127,02;137,86;145,67;154,06;166,39;176,28;184,92;190,77;103,81;105,31;110,15;119,01;129,33;136,34;142,94;152,13;159,72;168,04;173,91;103,81;96,50;98,02;99,81;101,58;103,36;105,14;106,92;108,70;110,47;112,29
2024-08-13;103,82;105,41;111,07;120,84;132,02;139,57;147,44;158,40;167,00;177,92;185,18;103,82;112,49;116,98;127,82;138,86;146,84;155,42;167,93;178,06;186,90;192,94;103,82;105,76;110,74;119,72;130,20;137,41;144,15;153,49;161,28;169,78;175,78;103,82;96,95;98,54;100,43;102,31;104,20;106,09;107,99;109,88;111,78;113,72
2024-08-14;103,83;105,54;111,18;120,92;132,08;139,60;147,44;158,36;166,91;177,78;184,98;103,83;112,53;117,03;127,86;138,89;146,84;155,41;167,89;178,01;186,84;192,90;103,83;105,81;110,81;119,75;130,23;137,43;144,14;153,46;161,23;169,73;175,73;103,83;97,09;98,64;100,51;102,36;104,21;106,07;107,93;109,79;111,65;113,55
2024-08-15;103,84;105,36;111,21;121,19;132,63;140,46;148,62;159,94;168,91;180,25;187,92;103,84;112,28;116,95;127,96;139,25;147,46;156,32;169,17;179,66;188,83;195,17;103,84;105,57;110,72;119,88;130,59;138,01;145,03;154,68;162,78;171,59;177,86;103,84;96,93;98,65;100,69;102,74;104,79;106,86;108,94;111,01;113,10;115,24
2024-08-16;103,87;105,64;111,52;121,54;133,03;140,90;149,11;160,49;169,51;180,91;188,63;103,87;112,41;117,14;128,33;139,72;148,07;157,05;170,03;180,68;190,05;196,65;103,87;105,72;110,97;120,20;131,01;138,59;145,68;155,42;163,66;172,65;179,12;103,87;97,02;98,79;100,89;102,99;105,09;107,22;109,36;111,49;113,64;115,85
2024-08-17;103,87;105,63;111,52;121,54;133,03;140,90;149,11;160,48;169,50;180,90;188,63;103,87;112,41;117,14;128,33;139,72;148,07;157,05;170,03;180,68;190,05;196,65;103,87;105,72;110,97;120,20;131,01;138,59;145,68;155,42;163,66;172,65;179,12;103,87;97,01;98,79;100,89;102,99;105,09;107,22;109,35;111,49;113,64;115,84
2024-08-18;103,86;105,63;111,52;121,54;133,03;140,90;149,11;160,48;169,50;180,90;188,62;103,86;112,41;117,14;128,33;139,72;148,06;157,05;170,02;180,68;190,05;196,65;103,86;105,72;110,97;120,19;131,01;138,59;145,68;155,42;163,66;172,64;179,11;103,86;97,01;98,79;100,89;102,99;105,09;107,22;109,35;111,49;113,64;115,84
2024-08-19;103,87;105,56;111,48;121,54;133,07;141,00;149,27;160,71;169,80;181,28;189,08;103,87;112,51;117,27;128,45;139,87;148,23;157,24;170,27;180,96;190,36;196,96;103,87;105,81;111,07;120,34;131,18;138,76;145,89;155,69;163,97;172,98;179,49;103,87;97,04;98,85;100,97;103,10;105,23;107,39;109,56;111,73;113,92;116,16
2024-08-20;103,87;105,73;111,59;121,58;133,03;140,86;149,03;160,35;169,31;180,64;188,29;103,87;112,78;117,48;128,59;139,92;148,17;157,06;169,93;180,47;189,71;196,15;103,87;106,08;111,28;120,48;131,23;138,71;145,73;155,39;163,54;172,41;178,77;103,87;97,31;99,05;101,12;103,18;105,24;107,33;109,43;111,52;113,63;115,79
2024-08-21;103,89;105,90;111,78;121,80;133,30;141,16;149,36;160,73;169,73;181,12;188,82;103,89;112,89;117,58;128,76;140,15;148,44;157,38;170,30;180,90;190,19;196,70;103,89;106,16;111,40;120,63;131,43;138,97;146,02;155,73;163,92;172,84;179,25;103,89;97,46;99,20;101,27;103,35;105,42;107,52;109,63;111,74;113,86;116,03
2024-08-22;103,90;105,58;111,42;121,38;132,80;140,60;148,74;160,02;168,95;180,24;187,86;103,90;112,56;117,26;128,39;139,73;147,99;156,89;169,77;180,33;189,64;196,20;103,90;105,86;111,09;120,29;131,06;138,57;145,58;155,27;163,44;172,36;178,82;103,90;97,11;98,83;100,88;102,92;104,97;107,04;109,12;111,19;113,28;115,42
2024-08-23;103,93;105,89;111,77;121,80;133,30;141,17;149,39;160,76;169,78;181,18;188,89;103,93;112,91;117,61;128,85;140,28;148,59;157,55;170,49;181,14;190,51;197,12;103,93;106,16;111,43;120,70;131,53;139,10;146,18;155,93;164,17;173,15;179,65;103,93;97,45;99,18;101,26;103,33;105,40;107,50;109,61;111,72;113,84;116,00
2024-08-24;103,93;105,89;111,77;121,80;133,30;141,17;149,39;160,76;169,78;181,18;188,89;103,93;112,91;117,61;128,85;140,27;148,59;157,54;170,49;181,14;190,51;197,11;103,93;106,16;111,43;120,70;131,53;139,10;146,18;155,92;164,17;173,15;179,65;103,93;97,45;99,18;101,26;103,33;105,40;107,50;109,61;111,71;113,83;116,00
2024-08-25;103,93;105,89;111,77;121,80;133,30;141,17;149,38;160,76;169,77;181,17;188,89;103,93;112,91;117,61;128,85;140,27;148,58;157,54;170,49;181,14;190,50;197,11;103,93;106,16;111,43;120,70;131,53;139,10;146,18;155,92;164,16;173,14;179,65;103,93;97,45;99,18;101,25;103,33;105,40;107,50;109,61;111,71;113,83;116,00
2024-08-26;103,94;105,81;111,68;121,69;133,16;141,01;149,19;160,53;169,52;180,88;188,55;103,94;112,81;117,52;128,73;140,13;148,43;157,37;170,30;180,93;190,29;196,91;103,94;106,09;111,34;120,63;131,45;139,00;146,06;155,82;164,05;173,02;179,55;103,94;97,37;99,09;101,14;103,20;105,25;107,33;109,42;111,50;113,60;115,74
2024-08-27;103,95;105,73;111,63;121,67;133,19;141,08;149,31;160,71;169,76;181,19;188,94;103,95;112,63;117,36;128,62;140,06;148,40;157,39;170,36;181,05;190,46;197,11;103,95;105,92;111,22;120,53;131,38;138,98;146,08;155,88;164,17;173,18;179,76;103,95;97,31;99,04;101,12;103,19;105,27;107,38;109,49;111,60;113,73;115,90
2024-08-28;103,96;105,72;111,60;121,63;133,13;141,00;149,22;160,59;169,61;181,02;188,74;103,96;112,68;117,41;128,67;140,12;148,45;157,44;170,40;181,09;190,52;197,24;103,96;105,96;111,28;120,58;131,44;139,04;146,13;155,93;164,21;173,25;179,87;103,96;97,23;98,96;101,03;103,10;105,17;107,27;109,38;111,48;113,60;115,76
2024-08-29;103,97;105,66;111,61;121,71;133,30;141,27;149,59;161,10;170,25;181,81;189,68;103,97;112,69;117,49;128,82;140,35;148,77;157,86;170,95;181,78;191,34;198,18;103,97;105,97;111,34;120,72;131,66;139,33;146,53;156,44;164,84;174,00;180,75;103,97;97,23;99,00;101,12;103,24;105,37;107,52;109,68;111,84;114,02;116,25
2024-08-30;104,00;105,63;111,67;121,88;133,59;141,70;150,18;161,86;171,20;182,98;191,06;104,00;112,59;117,44;128,87;140,53;149,07;158,30;171,56;182,56;192,28;199,27;104,00;105,87;111,31;120,78;131,82;139,62;146,95;157,01;165,56;174,86;181,73;104,00;97,17;99,02;101,23;103,44;105,66;107,90;110,17;112,43;114,72;117,06
2024-08-31;104,00;105,62;111,67;121,88;133,59;141,70;150,17;161,86;171,20;182,98;191,06;104,00;112,59;117,44;128,87;140,52;149,07;158,30;171,56;182,56;192,28;199,27;104,00;105,86;111,31;120,78;131,82;139,62;146,95;157,00;165,55;174,86;181,73;104,00;97,16;99,02;101,22;103,44;105,65;107,90;110,17;112,43;114,72;117,06
2024-09-01;103,99;105,62;111,67;121,88;133,59;141,70;150,17;161,86;171,20;182,98;191,06;103,99;112,59;117,44;128,87;140,52;149,07;158,30;171,56;182,56;192,28;199,27;103,99;105,86;111,31;120,78;131,82;139,62;146,95;157,00;165,55;174,86;181,73;103,99;97,16;99,02;101,22;103,43;105,65;107,90;110,16;112,43;114,72;117,06
2024-09-02;104,00;105,53;111,58;121,78;133,49;141,60;150,07;161,75;171,09;182,87;190,95;104,00;112,46;117,31;128,71;140,35;148,87;158,09;171,33;182,30;192,00;198,93;104,00;105,75;111,18;120,65;131,67;139,45;146,78;156,83;165,36;174,64;181,49;104,00;97,07;98,92;101,12;103,33;105,55;107,80;110,06;112,32;114,61;116,95
2024-09-03;104,01;105,71;111,58;121,58;133,05;140,90;149,08;160,42;169,40;180,76;188,44;104,01;112,67;117,38;128,67;140,10;148,43;157,42;170,34;181,02;190,45;197,19;104,01;105,95;111,28;120,57;131,41;139,03;146,09;155,86;164,13;173,17;179,80;104,01;97,26;98,98;101,03;103,08;105,13;107,20;109,28;111,36;113,45;115,58
2024-09-04;104,02;106,00;111,76;121,65;132,97;140,65;148,65;159,77;168,53;179,62;187,03;104,02;113,01;117,57;128,65;139,90;147,99;156,73;169,38;179,74;188,80;195,11;104,02;106,23;111,39;120,55;131,21;138,59;145,46;154,99;162,99;171,70;177,96;104,02;97,53;99,12;101,04;102,96;104,88;106,81;108,74;110,67;112,60;114,58
2024-09-05;104,03;106,11;111,84;121,69;132,97;140,61;148,56;159,62;168,31;179,33;186,67;104,03;113,08;117,62;128,66;139,86;147,92;156,60;169,20;179,49;188,48;194,68;104,03;106,33;111,44;120,59;131,21;138,55;145,37;154,85;162,79;171,43;177,64;104,03;97,67;99,26;101,16;103,06;104,95;106,86;108,77;110,67;112,58;114,52
2024-09-06;104,06;106,13;111,66;121,29;132,30;139,66;147,30;157,99;166,30;176,88;183,79;104,06;113,12;117,52;128,37;139,31;147,13;155,53;167,79;177,74;186,41;192,38;104,06;106,39;111,35;120,31;130,72;137,83;144,38;153,58;161,21;169,57;175,54;104,06;97,62;99,08;100,83;102,57;104,29;106,03;107,76;109,47;111,19;112,94
2024-09-07;104,06;106,13;111,66;121,29;132,30;139,65;147,29;157,99;166,30;176,87;183,79;104,06;113,12;117,51;128,37;139,31;147,13;155,53;167,79;177,73;186,41;192,37;104,06;106,39;111,35;120,31;130,72;137,83;144,38;153,58;161,21;169,56;175,54;104,06;97,62;99,08;100,83;102,57;104,29;106,03;107,76;109,47;111,19;112,94
2024-09-08;104,06;106,13;111,66;121,28;132,30;139,65;147,29;157,99;166,30;176,87;183,79;104,06;113,12;117,51;128,37;139,31;147,13;155,52;167,79;177,73;186,40;192,37;104,06;106,38;111,35;120,31;130,72;137,83;144,38;153,57;161,21;169,56;175,54;104,06;97,62;99,08;100,83;102,56;104,29;106,02;107,75;109,47;111,19;112,94
2024-09-09;104,07;106,33;112,02;121,83;133,07;140,65;148,53;159,52;168,12;179,05;186,29;104,07;113,32;117,80;128,76;139,89;147,86;156,46;168,95;179,12;187,96;194,02;104,07;106,53;111,60;120,69;131,25;138,50;145,24;154,63;162,46;170,98;177,06;104,07;97,79;99,32;101,18;103,03;104,87;106,72;108,57;110,41;112,26;114,14
2024-09-10;104,08;106,56;112,28;122,14;133,43;141,05;148,98;160,03;168,69;179,68;186,97;104,08;113,50;117,98;128,97;140,13;148,13;156,75;169,26;179,46;188,29;194,27;104,08;106,70;111,77;120,90;131,48;138,75;145,51;154,93;162,79;171,29;177,32;104,08;98,06;99,61;101,49;103,37;105,23;107,11;108,99;110,86;112,73;114,65
2024-09-11;104,09;106,75;112,55;122,51;133,91;141,65;149,71;160,92;169,74;180,91;188,38;104,09;113,69;118,19;129,21;140,45;148,50;157,20;169,81;180,09;188,95;194,93;104,09;106,86;111,96;121,14;131,77;139,09;145,94;155,43;163,36;171,90;177,91;104,09;98,16;99,76;101,71;103,66;105,60;107,56;109,52;111,48;113,44;115,44
2024-09-12;104,09;106,66;112,54;122,58;134,09;141,94;150,13;161,48;170,45;181,80;189,44;104,09;113,54;118,16;129,31;140,67;148,88;157,74;170,54;181,03;190,13;196,36;104,09;106,75;111,95;121,24;132,01;139,47;146,45;156,12;164,23;172,99;179,24;104,09;98,15;99,84;101,87;103,90;105,93;107,97;110,03;112,08;114,13;116,24
2024-09-13;104,12;106,82;112,72;122,79;134,32;142,20;150,41;161,79;170,79;182,17;189,84;104,12;113,71;118,36;129,58;140,99;149,24;158,14;171,01;181,56;190,75;197,06;104,12;106,91;112,14;121,48;132,30;139,80;146,83;156,56;164,73;173,56;179,89;104,12;98,26;99,97;102,02;104,06;106,11;108,17;110,25;112,31;114,39;116,52
2024-09-14;104,12;106,82;112,71;122,78;134,32;142,20;150,40;161,79;170,79;182,17;189,84;104,12;113,71;118,36;129,57;140,99;149,24;158,13;171,00;181,56;190,75;197,05;104,12;106,91;112,14;121,48;132,29;139,80;146,83;156,56;164,73;173,56;179,89;104,12;98,26;99,97;102,01;104,06;106,11;108,17;110,24;112,31;114,39;116,51
2024-09-15;104,12;106,82;112,71;122,78;134,32;142,19;150,40;161,79;170,79;182,17;189,84;104,12;113,71;118,36;129,57;140,99;149,24;158,13;171,00;181,56;190,75;197,05;104,12;106,91;112,14;121,48;132,29;139,80;146,83;156,56;164,73;173,56;179,89;104,12;98,26;99,96;102,01;104,06;106,10;108,17;110,24;112,31;114,39;116,51
2024-09-16;104,13;107,02;112,89;122,94;134,44;142,28;150,44;161,77;170,71;182,03;189,63;104,13;113,96;118,59;129,78;141,16;149,37;158,22;171,03;181,53;190,66;196,89;104,13;107,16;112,36;121,68;132,46;139,93;146,92;156,60;164,72;173,49;179,77;104,13;98,48;100,15;102,17;104,17;106,18;108,20;110,23;112,26;114,29;116,36
2024-09-17;104,14;106,93;112,80;122,84;134,35;142,19;150,36;161,70;170,65;181,98;189,60;104,14;113,88;118,54;129,68;141,06;149,28;158,13;170,99;181,49;190,65;196,89;104,14;107,11;112,28;121,65;132,44;139,89;146,91;156,64;164,77;173,56;179,89;104,14;98,40;100,09;102,11;104,13;106,14;108,17;110,21;112,25;114,29;116,38
2024-09-18;104,15;106,63;112,49;122,51;133,99;141,82;149,97;161,29;170,22;181,53;189,13;104,15;113,50;118,15;129,30;140,66;148,86;157,70;170,54;181,03;190,18;196,43;104,15;106,76;111,93;121,29;132,06;139,51;146,53;156,26;164,38;173,16;179,49;104,15;98,11;99,80;101,82;103,84;105,86;107,90;109,94;111,98;114,03;116,11
2024-09-19;104,16;106,76;112,78;123,00;134,72;142,79;151,22;162,85;172,12;183,81;191,77;104,16;113,66;118,46;129,82;141,42;149,86;158,96;172,12;182,96;192,43;198,99;104,16;106,91;112,24;121,79;132,77;140,45;147,71;157,72;166,14;175,22;181,83;104,16;98,22;100,05;102,23;104,41;106,58;108,79;111,01;113,23;115,46;117,75
2024-09-20;104,19;106,61;112,59;122,76;134,41;142,41;150,76;162,31;171,48;183,07;190,94;104,19;113,45;118,21;129,51;141,02;149,42;158,44;171,50;182,23;191,60;198,02;104,19;106,75;112,02;121,50;132,42;140,04;147,23;157,15;165,48;174,45;180,95;104,19;98,09;99,91;102,05;104,19;106,33;108,49;110,67;112,85;115,04;117,28
2024-09-21;104,19;106,61;112,59;122,75;134,41;142,41;150,76;162,31;171,48;183,07;190,94;104,19;113,45;118,21;129,51;141,02;149,41;158,44;171,50;182,23;191,59;198,02;104,19;106,74;112,02;121,50;132,42;140,04;147,23;157,15;165,48;174,45;180,95;104,19;98,09;99,91;102,05;104,19;106,33;108,49;110,67;112,85;115,04;117,27
2024-09-22;104,18;106,61;112,59;122,75;134,40;142,41;150,76;162,31;171,48;183,07;190,93;104,18;113,45;118,21;129,50;141,02;149,41;158,44;171,50;182,23;191,59;198,02;104,18;106,74;112,02;121,50;132,42;140,04;147,22;157,14;165,47;174,45;180,95;104,18;98,09;99,91;102,05;104,19;106,33;108,49;110,67;112,84;115,04;117,27
2024-09-23;104,19;106,69;112,71;122,93;134,64;142,71;151,12;162,75;172,01;183,69;191,65;104,19;113,65;118,44;129,79;141,36;149,81;158,90;172,04;182,85;192,29;198,83;104,19;106,91;112,22;121,75;132,72;140,39;147,63;157,61;166,00;175,06;181,63;104,19;98,17;100,02;102,18;104,35;106,52;108,71;110,92;113,13;115,35;117,62
2024-09-24;104,20;106,87;112,91;123,15;134,88;142,97;151,41;163,07;172,35;184,06;192,04;104,20;113,91;118,78;130,16;141,77;150,29;159,45;172,70;183,58;193,15;199,84;104,20;107,18;112,52;122,06;133,09;140,81;148,10;158,14;166,59;175,76;182,46;104,20;98,32;100,22;102,40;104,59;106,78;109,00;111,23;113,46;115,71;118,01
2024-09-25;104,21;106,74;112,74;122,94;134,62;142,66;151,04;162,64;171,85;183,49;191,40;104,21;113,58;118,45;129,75;141,30;149,79;158,91;172,13;182,96;192,51;199,17;104,21;106,89;112,20;121,70;132,69;140,37;147,62;157,64;166,05;175,18;181,87;104,21;98,08;99,98;102,15;104,33;106,51;108,72;110,94;113,16;115,40;117,68
2024-09-26;104,22;106,64;112,72;123,02;134,82;142,98;151,50;163,26;172,65;184,49;192,59;104,22;113,69;118,71;130,19;141,90;150,59;159,91;173,39;184,49;194,36;201,42;104,22;107,03;112,46;122,08;133,24;141,11;148,52;158,75;167,38;176,82;183,84;104,22;98,08;100,10;102,37;104,65;106,94;109,26;111,60;113,94;116,30;118,71
2024-09-27;104,25;106,85;112,94;123,24;135,05;143,21;151,74;163,50;172,89;184,73;192,84;104,25;113,94;118,99;130,60;142,36;151,12;160,50;174,03;185,21;195,20;202,44;104,25;107,27;112,77;122,43;133,65;141,61;149,04;159,30;168,01;177,56;184,71;104,25;98,32;100,34;102,61;104,89;107,17;109,48;111,81;114,14;116,49;118,90
2024-09-28;104,25;106,85;112,94;123,24;135,05;143,21;151,74;163,50;172,89;184,73;192,83;104,25;113,94;118,98;130,59;142,36;151,12;160,50;174,02;185,21;195,20;202,44;104,25;107,27;112,77;122,43;133,64;141,61;149,03;159,30;168,00;177,55;184,71;104,25;98,32;100,34;102,61;104,89;107,17;109,48;111,81;114,14;116,49;118,90
2024-09-29;104,25;106,84;112,93;123,24;135,05;143,21;151,74;163,50;172,89;184,73;192,83;104,25;113,94;118,98;130,59;142,36;151,12;160,49;174,02;185,21;195,19;202,43;104,25;107,27;112,77;122,43;133,64;141,61;149,03;159,30;168,00;177,55;184,71;104,25;98,31;100,34;102,61;104,89;107,17;109,48;111,81;114,14;116,49;118,90
2024-09-30;104,26;106,75;112,85;123,17;134,99;143,17;151,71;163,50;172,91;184,78;192,91;104,26;113,87;118,89;130,36;142,07;150,78;160,10;173,61;184,71;194,56;201,57;104,26;107,20;112,61;122,30;133,46;141,33;148,77;159,04;167,68;177,11;184,14;104,26;98,22;100,27;102,55;104,85;107,14;109,47;111,82;114,17;116,54;118,96
2024-10-01;104,26;107,06;113,14;123,44;135,25;143,40;151,91;163,66;173,03;184,85;192,92;104,26;114,28;119,29;130,83;142,53;151,25;160,56;174,05;185,14;195,00;202,06;104,26;107,62;113,03;122,68;133,85;141,75;149,13;159,36;167,97;177,41;184,42;104,26;98,45;100,49;102,74;105,00;107,26;109,55;111,86;114,16;116,49;118,87
2024-10-02;104,27;106,85;112,96;123,29;135,13;143,32;151,88;163,69;173,12;185,01;193,16;104,27;114,02;119,13;130,57;142,27;151,05;160,40;174,00;185,14;195,07;202,13;104,27;107,41;112,80;122,50;133,69;141,57;149,04;159,37;168,03;177,52;184,62;104,27;98,26;100,37;102,66;104,97;107,27;109,61;111,97;114,33;116,71;119,15
2024-10-03;104,28;106,58;112,69;123,01;134,85;143,04;151,61;163,42;172,86;184,75;192,92;104,28;113,79;118,83;130,30;141,99;150,73;160,06;173,58;184,68;194,54;201,55;104,28;107,18;112,58;122,25;133,40;141,29;148,72;158,99;167,62;177,04;184,04;104,28;98,02;100,11;102,39;104,69;106,98;109,31;111,66;114,01;116,38;118,81
2024-10-04;104,31;106,16;112,41;122,88;134,89;143,30;152,10;164,18;173,91;186,15;194,65;104,31;113,31;118,47;130,06;141,91;150,86;160,42;174,23;185,62;195,76;203,04;104,31;106,73;112,22;122,02;133,33;141,39;149,05;159,57;168,44;178,13;185,36;104,31;97,64;99,86;102,29;104,73;107,18;109,67;112,19;114,71;117,27;119,88
2024-10-05;104,31;106,16;112,41;122,88;134,89;143,30;152,10;164,18;173,91;186,15;194,65;104,31;113,30;118,47;130,06;141,91;150,86;160,41;174,23;185,62;195,76;203,04;104,31;106,73;112,22;122,02;133,33;141,39;149,05;159,57;168,44;178,12;185,36;104,31;97,64;99,86;102,28;104,73;107,18;109,67;112,19;114,71;117,27;119,88
2024-10-06;104,31;106,16;112,40;122,87;134,89;143,29;152,10;164,18;173,91;186,14;194,65;104,31;113,30;118,47;130,05;141,91;150,86;160,41;174,23;185,62;195,76;203,04;104,31;106,73;112,21;122,02;133,33;141,39;149,05;159,57;168,44;178,12;185,35;104,31;97,64;99,86;102,28;104,73;107,18;109,67;112,18;114,71;117,26;119,88
2024-10-07;104,32;105,83;112,03;122,43;134,37;142,70;151,42;163,40;173,04;185,16;193,57;104,32;113,01;118,18;129,77;141,59;150,52;160,06;173,82;185,19;195,36;202,78;104,32;106,47;111,97;121,72;133,01;141,08;148,69;159,15;168,01;177,72;185,04;104,32;97,31;99,52;101,92;104,33;106,75;109,21;111,69;114,18;116,70;119,28
2024-10-08;104,32;105,92;112,17;122,63;134,64;143,04;151,84;163,91;173,65;185,88;194,39;104,32;113,06;118,16;129,79;141,66;150,57;160,13;173,87;185,24;195,33;202,59;104,32;106,45;111,98;121,71;133,00;141,09;148,71;159,15;168,01;177,64;184,79;104,32;97,45;99,64;102,07;104,51;106,96;109,45;111,97;114,49;117,05;119,66
2024-10-09;104,33;105,86;112,19;122,76;134,89;143,43;152,39;164,65;174,57;187,03;195,76;104,33;113,04;118,20;129,83;141,80;150,78;160,43;174,30;185,79;195,98;203,30;104,33;106,41;111,98;121,80;133,16;141,29;149,03;159,60;168,57;178,29;185,50;104,33;97,39;99,63;102,12;104,64;107,18;109,75;112,36;114,98;117,63;120,35
2024-10-10;104,34;105,83;112,18;122,76;134,91;143,46;152,44;164,72;174,67;187,16;195,91;104,34;113,03;118,22;129,88;141,85;150,88;160,57;174,49;186,02;196,27;203,67;104,34;106,42;112,00;121,84;133,22;141,39;149,15;159,76;168,75;178,53;185,82;104,34;97,34;99,62;102,13;104,68;107,23;109,83;112,46;115,11;117,79;120,53
2024-10-11;104,37;105,86;112,25;122,88;135,09;143,70;152,74;165,11;175,14;187,73;196,58;104,37;113,06;118,28;129,99;142,02;151,10;160,85;174,86;186,48;196,81;204,27;104,37;106,44;112,04;121,93;133,37;141,58;149,42;160,10;169,17;179,03;186,39;104,37;97,37;99,67;102,22;104,80;107,40;110,03;112,71;115,39;118,12;120,91
2024-10-12;104,37;105,86;112,25;122,88;135,08;143,70;152,74;165,11;175,14;187,72;196,58;104,37;113,06;118,28;129,99;142,02;151,10;160,85;174,86;186,47;196,81;204,27;104,37;106,43;112,04;121,93;133,37;141,58;149,42;160,10;169,17;179,03;186,39;104,37;97,37;99,67;102,22;104,80;107,40;110,03;112,71;115,39;118,12;120,91
2024-10-13;104,37;105,86;112,25;122,88;135,08;143,70;152,74;165,10;175,14;187,72;196,57;104,37;113,05;118,28;129,98;142,02;151,09;160,84;174,85;186,47;196,81;204,27;104,37;106,43;112,04;121,93;133,37;141,58;149,41;160,10;169,17;179,03;186,38;104,37;97,37;99,67;102,22;104,80;107,40;110,03;112,71;115,39;118,12;120,91
2024-10-14;104,38;105,96;112,44;123,18;135,52;144,27;153,46;166,00;176,21;189,01;198,07;104,38;113,17;118,47;130,25;142,39;151,58;161,45;175,62;187,40;197,87;205,43;104,38;106,53;112,21;122,19;133,72;142,02;149,99;160,81;170,02;180,00;187,46;104,38;97,45;99,81;102,44;105,10;107,78;110,51;113,28;116,06;118,89;121,78
2024-10-15;104,39;106,36;112,76;123,42;135,65;144,28;153,33;165,71;175,74;188,33;197,18;104,39;113,44;118,63;130,41;142,48;151,57;161,32;175,32;186,95;197,25;204,67;104,39;106,79;112,41;122,33;133,79;142,02;149,85;160,54;169,62;179,45;186,75;104,39;97,74;100,03;102,59;105,18;107,79;110,43;113,12;115,81;118,55;121,35
2024-10-16;104,38;106,45;112,89;123,59;135,89;144,58;153,69;166,15;176,27;188,96;197,90;104,38;113,68;118,86;130,65;142,75;151,85;161,60;175,65;187,30;197,57;204,91;104,38;107,00;112,60;122,56;134,03;142,26;150,13;160,85;169,93;179,75;186,98;104,38;97,96;100,25;102,83;105,43;108,05;110,71;113,41;116,12;118,88;121,70
2024-10-17;104,40;106,22;112,73;123,51;135,90;144,70;153,94;166,54;176,82;189,69;198,81;104,40;113,48;118,72;130,55;142,74;151,91;161,77;175,94;187,72;198,13;205,63;104,40;106,79;112,46;122,51;134,06;142,36;150,34;161,19;170,39;180,34;187,72;104,40;97,72;100,06;102,70;105,37;108,05;110,79;113,56;116,35;119,19;122,09
2024-10-18;104,43;106,32;112,84;123,64;136,04;144,86;154,11;166,74;177,04;189,93;199,07;104,43;113,66;118,94;130,79;142,99;152,22;162,12;176,36;188,19;198,67;206,27;104,43;106,97;112,65;122,69;134,28;142,61;150,61;161,50;170,73;180,75;188,21;104,43;97,81;100,20;102,87;105,56;108,28;111,04;113,85;116,67;119,54;122,48
2024-10-19;104,43;106,31;112,84;123,64;136,04;144,86;154,11;166,74;177,03;189,93;199,07;104,43;113,66;118,94;130,78;142,99;152,21;162,12;176,36;188,19;198,67;206,27;104,43;106,97;112,65;122,69;134,28;142,61;150,61;161,50;170,73;180,75;188,20;104,43;97,80;100,20;102,87;105,56;108,28;111,04;113,85;116,67;119,54;122,48
2024-10-20;104,43;106,31;112,84;123,63;136,04;144,86;154,11;166,74;177,03;189,93;199,07;104,43;113,66;118,94;130,78;142,98;152,21;162,11;176,36;188,18;198,67;206,26;104,43;106,97;112,65;122,69;134,27;142,60;150,61;161,50;170,73;180,75;188,20;104,43;97,80;100,20;102,86;105,56;108,27;111,04;113,84;116,67;119,54;122,47
2024-10-21;104,44;105,79;112,32;123,11;135,51;144,35;153,62;166,27;176,60;189,53;198,72;104,44;112,98;118,26;130,05;142,23;151,45;161,36;175,59;187,41;197,88;205,45;104,44;106,34;112,02;122,04;133,60;141,93;149,94;160,83;170,07;180,07;187,51;104,44;97,28;99,70;102,39;105,10;107,84;110,63;113,47;116,32;119,22;122,20
2024-10-22;104,44;105,66;112,19;122,99;135,40;144,23;153,52;166,18;176,52;189,47;198,68;104,44;112,90;118,17;129,95;142,14;151,36;161,28;175,50;187,32;197,78;205,33;104,44;106,24;111,92;121,91;133,46;141,79;149,81;160,68;169,91;179,90;187,30;104,44;97,18;99,59;102,28;105,00;107,74;110,54;113,37;116,22;119,13;122,10
2024-10-23;104,45;105,47;111,95;122,67;134,99;143,75;152,94;165,48;175,71;188,52;197,61;104,45;112,79;118,04;129,66;141,73;150,85;160,65;174,78;186,44;196,77;204,17;104,45;106,14;111,73;121,67;133,12;141,31;149,25;160,04;169,14;179,02;186,32;104,45;96,95;99,34;101,99;104,66;107,36;110,10;112,89;115,69;118,54;121,46
2024-10-24;104,46;105,71;112,18;122,91;135,23;143,97;153,16;165,69;175,90;188,69;197,75;104,46;113,12;118,32;129,96;142,01;151,09;160,86;174,93;186,56;196,81;204,16;104,46;106,42;112,00;121,93;133,37;141,54;149,44;160,19;169,24;179,06;186,30;104,46;97,18;99,53;102,16;104,82;107,49;110,21;112,98;115,75;118,58;121,47
2024-10-25;104,49;105,54;111,99;122,67;134,94;143,64;152,77;165,24;175,39;188,10;197,10;104,49;112,83;118,02;129,58;141,59;150,62;160,34;174,37;185,94;196,14;203,44;104,49;106,16;111,72;121,61;133,01;141,13;149,00;159,71;168,73;178,50;185,70;104,49;97,02;99,36;101,96;104,60;107,25;109,95;112,69;115,44;118,24;121,10
2024-10-26;104,49;105,54;111,98;122,66;134,94;143,63;152,77;165,23;175,38;188,10;197,09;104,49;112,83;118,01;129,58;141,59;150,62;160,34;174,37;185,93;196,13;203,44;104,49;106,16;111,71;121,61;133,01;141,12;148,99;159,71;168,73;178,49;185,70;104,49;97,02;99,36;101,96;104,60;107,25;109,95;112,69;115,44;118,24;121,10
2024-10-27;104,49;105,54;111,98;122,66;134,93;143,63;152,76;165,23;175,38;188,10;197,09;104,49;112,83;118,01;129,58;141,59;150,62;160,34;174,36;185,93;196,13;203,43;104,49;106,16;111,71;121,61;133,00;141,12;148,99;159,71;168,72;178,49;185,70;104,49;97,02;99,36;101,96;104,60;107,25;109,95;112,69;115,44;118,24;121,10
2024-10-28;104,50;105,49;111,98;122,71;135,05;143,82;153,03;165,60;175,85;188,69;197,80;104,50;112,81;118,04;129,70;141,79;150,92;160,72;174,87;186,56;196,90;204,35;104,50;106,14;111,75;121,69;133,16;141,37;149,32;160,12;169,25;179,14;186,45;104,50;96,96;99,35;102,01;104,71;107,42;110,19;112,99;115,82;118,69;121,63
2024-10-29;104,50;105,47;111,99;122,76;135,14;143,96;153,22;165,85;176,17;189,08;198,27;104,50;112,66;117,90;129,61;141,74;150,91;160,76;174,93;186,68;197,04;204,50;104,50;106,00;111,63;121,60;133,09;141,35;149,33;160,16;169,33;179,25;186,56;104,50;96,96;99,37;102,07;104,80;107,56;110,36;113,21;116,08;119,00;121,99
2024-10-30;104,50;105,27;111,70;122,36;134,60;143,28;152,39;164,83;174,97;187,66;196,63;104,50;112,38;117,50;129,13;141,13;150,15;159,84;173,78;185,32;195,46;202,69;104,50;105,75;111,30;121,14;132,51;140,65;148,48;159,11;168,11;177,81;184,91;104,50;96,83;99,15;101,76;104,40;107,05;109,76;112,50;115,25;118,06;120,92
2024-10-31;104,52;105,09;111,35;121,80;133,81;142,24;151,07;163,17;172,96;185,24;193,83;104,52;112,22;117,20;128,72;140,52;149,35;158,81;172,46;183,72;193,61;200,66;104,52;105,61;111,05;120,74;131,92;139,91;147,50;157,88;166,64;176,10;183,01;104,52;96,61;98,83;101,30;103,79;106,29;108,83;111,40;113,98;116,60;119,27
2024-11-01;104,55;104,87;111,19;121,70;133,77;142,29;151,22;163,44;173,35;185,78;194,52;104,55;112,05;117,12;128,59;140,44;149,32;158,85;172,64;183,99;193,99;201,14;104,55;105,45;110,91;120,66;131,90;139,89;147,60;158,10;166,93;176,50;183,53;104,55;96,40;98,68;101,21;103,76;106,33;108,95;111,60;114,26;116,96;119,72
2024-11-02;104,55;104,86;111,18;121,70;133,77;142,29;151,22;163,44;173,35;185,78;194,51;104,55;112,05;117,12;128,59;140,44;149,32;158,85;172,64;183,99;193,98;201,14;104,55;105,45;110,91;120,66;131,89;139,89;147,60;158,10;166,93;176,50;183,52;104,55;96,40;98,68;101,21;103,76;106,33;108,95;111,60;114,26;116,96;119,72
2024-11-03;104,54;104,86;111,18;121,70;133,77;142,29;151,22;163,44;173,35;185,78;194,51;104,54;112,05;117,11;128,59;140,43;149,32;158,85;172,63;183,99;193,98;201,14;104,54;105,45;110,91;120,66;131,89;139,89;147,59;158,10;166,93;176,49;183,52;104,54;96,40;98,67;101,21;103,76;106,33;108,95;111,59;114,25;116,95;119,72
2024-11-04;104,55;105,09;111,34;121,78;133,75;142,16;150,97;163,04;172,79;185,03;193,58;104,55;112,29;117,31;128,74;140,50;149,31;158,73;172,40;183,62;193,51;200,55;104,55;105,68;111,08;120,77;131,94;139,87;147,46;157,86;166,58;176,05;182,99;104,55;96,64;98,86;101,32;103,80;106,30;108,83;111,40;113,97;116,58;119,25
2024-11-05;104,56;105,20;111,54;122,11;134,23;142,79;151,77;164,05;174,01;186,51;195,29;104,56;112,34;117,44;129,01;140,91;149,87;159,46;173,32;184,75;194,82;201,99;104,56;105,73;111,21;121,01;132,30;140,37;148,12;158,67;167,58;177,21;184,28;104,56;96,77;99,08;101,63;104,21;106,81;109,45;112,12;114,81;117,53;120,33
2024-11-06;104,57;105,12;111,82;122,79;135,41;144,51;154,07;167,06;177,76;191,12;200,74;104,57;112,27;117,54;129,56;141,91;151,32;161,40;175,85;187,91;198,49;206,08;104,57;105,63;111,35;121,51;133,17;141,69;149,91;160,98;170,42;180,52;187,91;104,57;96,66;99,23;102,10;105,02;107,97;110,98;114,04;117,13;120,28;123,51
2024-11-07;104,58;105,47;112,18;123,18;135,84;144,95;154,53;167,55;178,26;191,65;201,28;104,58;112,47;117,78;129,83;142,23;151,67;161,78;176,25;188,36;198,98;206,59;104,58;105,84;111,61;121,81;133,52;142,07;150,31;161,42;170,91;181,06;188,51;104,58;96,99;99,56;102,44;105,37;108,32;111,33;114,40;117,49;120,65;123,88
2024-11-08;104,60;105,76;112,54;123,63;136,39;145,59;155,29;168,43;179,28;192,82;202,60;104,60;112,79;118,10;130,26;142,73;152,25;162,44;176,99;189,18;199,84;207,44;104,60;106,16;111,95;122,23;134,00;142,63;150,93;162,11;171,68;181,85;189,29;104,60;97,29;99,90;102,82;105,80;108,80;111,87;114,99;118,15;121,36;124,66
2024-11-09;104,60;105,76;112,54;123,63;136,38;145,59;155,28;168,43;179,28;192,82;202,59;104,60;112,79;118,10;130,26;142,73;152,25;162,43;176,98;189,18;199,84;207,44;104,60;106,16;111,95;122,23;134,00;142,63;150,93;162,11;171,68;181,85;189,28;104,60;97,29;99,90;102,82;105,80;108,80;111,87;114,99;118,14;121,36;124,66
2024-11-10;104,60;105,76;112,54;123,63;136,38;145,59;155,28;168,43;179,28;192,81;202,59;104,60;112,79;118,10;130,26;142,73;152,25;162,43;176,98;189,17;199,83;207,44;104,60;106,16;111,95;122,22;134,00;142,63;150,93;162,11;171,67;181,85;189,28;104,60;97,29;99,89;102,82;105,79;108,80;111,86;114,99;118,14;121,36;124,66
2024-11-11;104,61;105,98;112,86;124,09;137,01;146,38;156,25;169,62;180,70;194,51;204,54;104,61;113,09;118,46;130,74;143,36;153,00;163,32;178,08;190,46;201,30;209,08;104,61;106,41;112,28;122,67;134,57;143,30;151,76;163,12;172,84;183,19;190,77;104,61;97,41;100,08;103,10;106,17;109,28;112,45;115,69;118,96;122,31;125,73
2024-11-12;104,62;105,54;112,42;123,63;136,52;145,89;155,76;169,12;180,20;194,01;204,05;104,62;112,63;117,88;130,11;142,65;152,20;162,44;177,04;189,30;199,94;207,53;104,62;105,96;111,78;122,11;133,92;142,60;150,97;162,23;171,84;182,01;189,38;104,62;97,02;99,67;102,68;105,75;108,86;112,03;115,26;118,53;121,87;125,30
2024-11-13;104,63;105,41;112,30;123,51;136,42;145,80;155,69;169,07;180,17;194,00;204,08;104,63;112,50;117,74;129,89;142,41;151,93;162,15;176,73;188,96;199,54;207,02;104,63;105,81;111,61;121,92;133,70;142,34;150,71;161,95;171,53;181,65;188,94;104,63;96,87;99,51;102,53;105,59;108,69;111,87;115,10;118,37;121,71;125,14
2024-11-14;104,63;105,43;112,29;123,47;136,33;145,67;155,51;168,83;179,86;193,62;203,62;104,63;112,67;117,89;129,97;142,46;151,91;162,09;176,62;188,78;199,32;206,82;104,63;105,93;111,72;122,01;133,76;142,33;150,66;161,86;171,38;181,47;188,78;104,63;96,83;99,43;102,41;105,44;108,50;111,63;114,82;118,04;121,33;124,71
2024-11-15;104,66;105,37;112,15;123,23;135,98;145,20;154,91;168,06;178,93;192,49;202,30;104,66;112,61;117,78;129,85;142,25;151,65;161,74;176,14;188,19;198,65;206,14;104,66;105,89;111,64;121,87;133,55;142,09;150,30;161,40;170,82;180,85;188,12;104,66;96,79;99,33;102,24;105,19;108,17;111,21;114,31;117,43;120,62;123,89
2024-11-16;104,66;105,37;112,15;123,23;135,98;145,20;154,90;168,06;178,93;192,49;202,30;104,66;112,61;117,78;129,85;142,25;151,65;161,74;176,14;188,19;198,65;206,13;104,66;105,89;111,64;121,87;133,55;142,09;150,30;161,40;170,82;180,84;188,11;104,66;96,78;99,33;102,24;105,18;108,17;111,21;114,30;117,43;120,62;123,89
2024-11-17;104,66;105,37;112,15;123,23;135,98;145,20;154,90;168,06;178,93;192,49;202,30;104,66;112,61;117,78;129,85;142,25;151,65;161,74;176,14;188,19;198,65;206,13;104,66;105,89;111,64;121,87;133,55;142,09;150,30;161,40;170,82;180,84;188,11;104,66;96,78;99,33;102,24;105,18;108,16;111,21;114,30;117,43;120,62;123,89
2024-11-18;104,67;105,40;112,19;123,28;136,04;145,26;154,97;168,13;179,01;192,58;202,40;104,67;112,66;117,85;129,87;142,25;151,61;161,68;176,06;188,08;198,49;205,87;104,67;105,95;111,67;121,89;133,55;142,04;150,25;161,33;170,73;180,71;187,93;104,67;96,80;99,34;102,23;105,17;108,14;111,17;114,26;117,37;120,55;123,81
2024-11-19;104,67;105,55;112,36;123,48;136,27;145,52;155,27;168,48;179,39;193,01;202,87;104,67;112,80;117,99;130,08;142,50;151,91;162,00;176,41;188,47;198,92;206,33;104,67;106,10;111,84;122,11;133,80;142,34;150,57;161,68;171,12;181,13;188,38;104,67;97,01;99,58;102,50;105,47;108,47;111,54;114,66;117,80;121,02;124,31
2024-11-20;104,68;105,47;112,33;123,51;136,38;145,72;155,56;168,88;179,92;193,68;203,68;104,68;112,61;117,84;129,95;142,42;151,91;162,08;176,61;188,77;199,31;206,77;104,68;105,92;111,68;122,00;133,75;142,34;150,66;161,87;171,40;181,50;188,81;104,68;96,89;99,50;102,48;105,50;108,56;111,69;114,88;118,10;121,38;124,75
2024-11-21;104,68;105,53;112,46;123,73;136,70;146,14;156,11;169,58;180,77;194,71;204,88;104,68;112,69;117,93;130,14;142,70;152,25;162,50;177,13;189,40;200,02;207,57;104,68;105,97;111,78;122,19;134,01;142,67;151,07;162,39;172,01;182,19;189,58;104,68;96,95;99,59;102,61;105,68;108,80;111,98;115,22;118,50;121,85;125,29
2024-11-22;104,72;105,78;112,84;124,28;137,45;147,11;157,30;171,05;182,53;196,81;207,32;104,72;112,98;118,35;130,76;143,53;153,30;163,77;178,71;191,30;202,23;210,09;104,72;106,24;112,17;122,75;134,77;143,63;152,25;163,83;173,72;184,19;191,85;104,72;97,16;99,90;103,05;106,26;109,51;112,84;116,24;119,68;123,20;126,82
2024-11-23;104,71;105,77;112,84;124,28;137,45;147,10;157,30;171,05;182,53;196,81;207,32;104,71;112,98;118,35;130,75;143,53;153,29;163,77;178,71;191,29;202,23;210,09;104,71;106,24;112,17;122,75;134,77;143,63;152,25;163,83;173,72;184,19;191,84;104,71;97,16;99,90;103,05;106,26;109,51;112,84;116,23;119,68;123,20;126,81
2024-11-24;104,71;105,77;112,84;124,28;137,45;147,10;157,30;171,05;182,53;196,81;207,31;104,71;112,98;118,35;130,75;143,52;153,29;163,77;178,71;191,29;202,23;210,09;104,71;106,24;112,17;122,75;134,76;143,63;152,25;163,83;173,71;184,19;191,84;104,71;97,16;99,90;103,05;106,26;109,51;112,84;116,23;119,68;123,19;126,81
2024-11-25;104,72;106,32;113,33;124,72;137,82;147,37;157,45;171,07;182,40;196,51;206,82;104,72;113,50;118,82;131,24;143,97;153,67;164,06;178,89;191,37;202,20;209,92;104,72;106,72;112,62;123,15;135,13;143,94;152,48;163,95;173,75;184,13;191,67;104,72;97,66;100,35;103,45;106,60;109,79;113,05;116,39;119,75;123,20;126,73
2024-11-26;104,73;106,27;113,31;124,73;137,88;147,49;157,63;171,32;182,72;196,92;207,32;104,73;113,42;118,73;131,13;143,88;153,59;164,01;178,85;191,35;202,15;209,80;104,73;106,64;112,54;123,07;135,06;143,87;152,43;163,91;173,72;184,07;191,53;104,73;97,66;100,35;103,47;106,64;109,86;113,15;116,51;119,91;123,38;126,95
2024-11-27;104,74;106,38;113,32;124,62;137,62;147,06;157,02;170,49;181,65;195,57;205,69;104,74;113,56;118,78;131,09;143,70;153,26;163,50;178,12;190,41;201,01;208,50;104,74;106,78;112,60;123,04;134,90;143,58;151,98;163,28;172,90;183,07;190,39;104,74;97,75;100,35;103,36;106,42;109,51;112,68;115,90;119,16;122,48;125,89
2024-11-28;104,74;106,53;113,49;124,81;137,84;147,31;157,29;170,79;181,99;195,94;206,10;104,74;113,78;118,99;131,34;143,99;153,55;163,82;178,46;190,77;201,39;208,93;104,74;106,96;112,81;123,28;135,17;143,88;152,28;163,61;173,26;183,45;190,80;104,74;97,82;100,42;103,44;106,52;109,63;112,80;116,04;119,31;122,65;126,08
2024-11-29;104,77;106,92;113,91;125,29;138,39;147,91;157,95;171,52;182,79;196,83;207,06;104,77;114,21;119,43;131,84;144,55;154,15;164,47;179,16;191,53;202,19;209,75;104,77;107,35;113,23;123,74;135,68;144,43;152,88;164,25;173,94;184,17;191,55;104,77;98,16;100,77;103,81;106,90;110,03;113,23;116,49;119,78;123,14;126,59
2024-11-30;104,77;106,92;113,91;125,29;138,38;147,90;157,94;171,52;182,79;196,83;207,05;104,77;114,20;119,43;131,84;144,55;154,15;164,47;179,16;191,53;202,19;209,75;104,77;107,35;113,23;123,74;135,68;144,43;152,88;164,25;173,94;184,17;191,54;104,77;98,16;100,77;103,81;106,90;110,03;113,23;116,48;119,78;123,14;126,59
2024-12-01;104,77;106,92;113,91;125,29;138,38;147,90;157,94;171,52;182,79;196,82;207,05;104,77;114,20;119,43;131,83;144,55;154,15;164,46;179,16;191,53;202,19;209,75;104,77;107,34;113,23;123,74;135,68;144,43;152,87;164,25;173,94;184,17;191,54;104,77;98,16;100,77;103,81;106,90;110,03;113,23;116,48;119,77;123,14;126,59
2024-12-02;104,78;107,11;114,22;125,74;139,01;148,70;158,93;172,75;184,26;198,58;209,09;104,78;114,42;119,76;132,36;145,26;155,07;165,61;180,57;193,22;204,17;212,04;104,78;107,56;113,57;124,19;136,31;145,26;153,88;165,46;175,39;185,89;193,49;104,78;98,38;101,11;104,27;107,48;110,74;114,07;117,47;120,91;124,43;128,04
2024-12-03;104,78;106,98;114,08;125,58;138,83;148,51;158,74;172,54;184,03;198,34;208,83;104,78;114,32;119,68;132,31;145,22;155,05;165,62;180,60;193,29;204,32;212,35;104,78;107,48;113,53;124,15;136,28;145,28;153,90;165,49;175,45;186,02;193,74;104,78;98,31;101,05;104,21;107,42;110,68;114,01;117,42;120,86;124,38;128,00
2024-12-04;104,79;107,21;114,35;125,90;139,21;148,94;159,22;173,10;184,66;199,06;209,62;104,79;114,56;119,95;132,56;145,49;155,34;165,94;180,96;193,67;204,71;212,68;104,79;107,69;113,73;124,36;136,52;145,50;154,16;165,77;175,75;186,33;194,01;104,79;98,51;101,29;104,48;107,73;111,02;114,40;117,84;121,33;124,90;128,56
2024-12-05;104,80;107,14;114,23;125,72;138,96;148,62;158,82;172,59;184,05;198,33;208,77;104,80;114,51;119,90;132,43;145,31;155,10;165,65;180,60;193,24;204,24;212,19;104,80;107,66;113,69;124,26;136,38;145,30;153,91;165,46;175,38;185,91;193,59;104,80;98,45;101,18;104,33;107,53;110,77;114,09;117,48;120,91;124,41;128,01
2024-12-06;104,81;107,30;114,41;125,94;139,22;148,91;159,15;172,97;184,48;198,81;209,31;104,81;114,61;120,02;132,57;145,47;155,29;165,86;180,86;193,53;204,55;212,50;104,81;107,76;113,81;124,38;136,52;145,46;154,10;165,67;175,61;186,16;193,82;104,81;98,53;101,30;104,48;107,72;111,01;114,37;117,81;121,28;124,84;128,49
2024-12-07;104,81;107,30;114,41;125,94;139,22;148,91;159,15;172,97;184,48;198,81;209,31;104,81;114,61;120,02;132,57;145,47;155,29;165,86;180,86;193,53;204,55;212,49;104,81;107,76;113,80;124,38;136,51;145,46;154,09;165,66;175,61;186,16;193,82;104,81;98,53;101,30;104,48;107,72;111,01;114,37;117,80;121,28;124,83;128,49
2024-12-08;104,81;107,30;114,41;125,94;139,21;148,91;159,15;172,97;184,48;198,81;209,31;104,81;114,61;120,02;132,57;145,47;155,29;165,86;180,86;193,53;204,55;212,49;104,81;107,76;113,80;124,38;136,51;145,46;154,09;165,66;175,61;186,15;193,81;104,81;98,53;101,30;104,48;107,72;111,01;114,37;117,80;121,28;124,83;128,48
2024-12-09;104,83;107,14;114,18;125,61;138,78;148,36;158,47;172,13;183,49;197,62;207,94;104,83;114,49;119,89;132,34;145,15;154,90;165,39;180,31;192,88;203,84;211,77;104,83;107,67;113,66;124,20;136,27;145,13;153,70;165,22;175,07;185,56;193,24;104,83;98,37;101,12;104,26;107,45;110,68;113,98;117,36;120,77;124,25;127,83
2024-12-10;104,84;107,08;114,16;125,63;138,84;148,48;158,65;172,39;183,82;198,05;208,46;104,84;114,44;119,87;132,36;145,22;155,04;165,59;180,60;193,24;204,27;212,27;104,84;107,63;113,65;124,20;136,32;145,24;153,86;165,43;175,35;185,90;193,60;104,84;98,30;101,10;104,27;107,50;110,78;114,13;117,55;121,02;124,56;128,20
2024-12-11;104,85;107,02;114,18;125,77;139,12;148,90;159,24;173,18;184,82;199,30;209,96;104,85;114,38;119,85;132,42;145,39;155,29;165,97;181,10;193,90;205,04;213,13;104,85;107,56;113,63;124,25;136,45;145,46;154,20;165,88;175,92;186,57;194,34;104,85;98,25;101,11;104,37;107,69;111,07;114,53;118,06;121,64;125,31;129,08
2024-12-12;104,85;106,69;113,83;125,39;138,70;148,46;158,77;172,68;184,29;198,73;209,37;104,85;113,99;119,49;132,08;145,04;154,99;165,69;180,85;193,68;204,91;213,14;104,85;107,22;113,32;123,93;136,13;145,19;153,93;165,63;175,71;186,43;194,30;104,85;98,00;100,87;104,13;107,46;110,83;114,29;117,82;121,41;125,07;128,84
2024-12-13;104,88;106,36;113,47;124,99;138,25;147,97;158,24;172,08;183,65;198,03;208,61;104,88;113,58;119,04;131,51;144,39;154,25;164,88;179,95;192,67;203,76;211,82;104,88;106,83;112,87;123,41;135,53;144,50;153,19;164,81;174,80;185,40;193,14;104,88;97,70;100,54;103,78;107,09;110,44;113,88;117,39;120,95;124,59;128,33
2024-12-14;104,88;106,35;113,47;124,98;138,24;147,97;158,23;172,08;183,64;198,03;208,61;104,88;113,58;119,04;131,51;144,39;154,25;164,88;179,94;192,67;203,76;211,82;104,88;106,83;112,87;123,41;135,53;144,49;153,19;164,81;174,80;185,40;193,13;104,88;97,70;100,54;103,78;107,09;110,44;113,88;117,39;120,94;124,59;128,33
2024-12-15;104,88;106,35;113,47;124,98;138,24;147,96;158,23;172,08;183,64;198,02;208,61;104,88;113,58;119,04;131,51;144,39;154,25;164,88;179,94;192,66;203,76;211,82;104,88;106,83;112,87;123,41;135,53;144,49;153,19;164,81;174,80;185,40;193,13;104,88;97,70;100,54;103,78;107,09;110,44;113,87;117,39;120,94;124,59;128,33
2024-12-16;104,89;106,38;113,51;125,03;138,31;148,04;158,32;172,19;183,77;198,18;208,78;104,89;113,67;119,12;131,56;144,44;154,27;164,87;179,91;192,61;203,64;211,59;104,89;106,90;112,93;123,46;135,56;144,48;153,18;164,77;174,74;185,29;192,93;104,89;97,67;100,52;103,78;107,10;110,47;113,93;117,46;121,04;124,71;128,48
2024-12-17;104,89;106,32;113,41;124,90;138,12;147,80;158,03;171,83;183,34;197,66;208,18;104,89;113,59;118,97;131,36;144,18;153,94;164,49;179,42;192,02;202,95;210,82;104,89;106,79;112,79;123,28;135,32;144,20;152,82;164,34;174,22;184,68;192,25;104,89;97,62;100,43;103,66;106,95;110,28;113,70;117,19;120,73;124,35;128,07
2024-12-18;104,90;105,76;112,63;123,83;136,72;146,07;155,92;169,26;180,31;194,07;204,07;104,90;113,10;118,41;130,56;143,11;152,65;162,93;177,57;189,84;200,55;208,39;104,90;106,37;112,26;122,53;134,36;143,02;151,38;162,64;172,23;182,49;190,00;104,90;97,14;99,84;102,90;106,00;109,15;112,36;115,64;118,95;122,33;125,81
2024-12-19;104,90;105,43;112,35;123,59;136,52;145,94;155,87;169,29;180,43;194,31;204,43;104,90;112,71;117,99;130,10;142,65;152,20;162,49;177,14;189,41;200,06;207,74;104,90;105,98;111,82;122,09;133,90;142,55;150,94;162,20;171,79;182,00;189,37;104,90;96,83;99,56;102,65;105,80;108,99;112,25;115,57;118,94;122,38;125,92
2024-12-20;104,93;105,65;112,62;123,92;136,94;146,44;156,45;169,98;181,23;195,24;205,48;104,93;112,85;118,10;130,26;142,84;152,41;162,72;177,38;189,66;200,26;207,81;104,93;106,08;111,94;122,21;134,03;142,71;151,12;162,37;171,98;182,14;189,37;104,93;96,99;99,71;102,83;106,00;109,22;112,51;115,87;119,27;122,74;126,32
2024-12-21;104,93;105,65;112,61;123,92;136,94;146,43;156,45;169,98;181,23;195,23;205,47;104,93;112,85;118,10;130,26;142,84;152,41;162,72;177,38;189,66;200,26;207,81;104,93;106,08;111,93;122,21;134,03;142,71;151,12;162,37;171,98;182,14;189,37;104,93;96,99;99,71;102,83;106,00;109,22;112,51;115,87;119,27;122,74;126,31
2024-12-22;104,93;105,65;112,61;123,92;136,94;146,43;156,45;169,98;181,23;195,23;205,47;104,93;112,85;118,09;130,26;142,84;152,41;162,72;177,37;189,66;200,26;207,80;104,93;106,08;111,93;122,21;134,03;142,70;151,12;162,37;171,97;182,14;189,37;104,93;96,99;99,71;102,82;106,00;109,22;112,51;115,87;119,27;122,74;126,31
2024-12-23;104,94;105,51;112,56;123,95;137,08;146,70;156,85;170,55;181,98;196,20;206,65;104,94;112,67;118,00;130,24;142,93;152,62;163,08;177,91;190,37;201,15;208,86;104,94;105,93;111,85;122,22;134,14;142,94;151,48;162,89;172,65;182,98;190,37;104,94;96,85;99,65;102,85;106,11;109,42;112,81;116,27;119,78;123,37;127,06
2024-12-24;104,96;105,60;112,74;124,25;137,52;147,28;157,59;171,48;183,11;197,57;208,25;104,96;112,75;118,14;130,46;143,26;153,06;163,64;178,61;191,23;202,13;209,90;104,96;106,00;111,98;122,44;134,46;143,34;152,01;163,55;173,45;183,88;191,35;104,96;96,97;99,83;103,11;106,45;109,84;113,32;116,88;120,49;124,18;127,98
2024-12-25;104,96;105,60;112,74;124,25;137,52;147,27;157,59;171,48;183,11;197,57;208,25;104,96;112,75;118,14;130,46;143,25;153,05;163,64;178,61;191,23;202,12;209,90;104,96;106,00;111,98;122,44;134,45;143,34;152,00;163,55;173,45;183,88;191,35;104,96;96,96;99,83;103,10;106,44;109,84;113,32;116,88;120,49;124,18;127,98
2024-12-26;104,96;105,62;112,74;124,24;137,48;147,21;157,49;171,35;182,94;197,35;207,98;104,96;112,83;118,21;130,55;143,35;153,14;163,70;178,65;191,25;202,13;209,90;104,96;106,08;112,07;122,50;134,51;143,40;152,04;163,55;173,43;183,85;191,29;104,96;96,95;99,81;103,07;106,40;109,78;113,25;116,79;120,38;124,06;127,85
2024-12-27;104,99;105,37;112,42;123,82;136,95;146,57;156,73;170,44;181,88;196,11;206,58;104,99;112,49;117,86;130,20;142,96;152,71;163,25;178,13;190,70;201,63;209,57;104,99;105,76;111,77;122,16;134,14;143,03;151,61;163,07;172,93;183,39;190,96;104,99;96,72;99,53;102,73;106,00;109,31;112,70;116,17;119,68;123,28;126,98
2024-12-28;104,99;105,36;112,41;123,81;136,94;146,57;156,73;170,44;181,88;196,11;206,58;104,99;112,49;117,86;130,20;142,96;152,71;163,25;178,13;190,70;201,62;209,57;104,99;105,76;111,77;122,16;134,14;143,03;151,61;163,07;172,93;183,39;190,96;104,99;96,72;99,53;102,73;106,00;109,31;112,70;116,17;119,68;123,28;126,97
2024-12-29;104,98;105,36;112,41;123,81;136,94;146,57;156,73;170,44;181,88;196,11;206,58;104,98;112,49;117,86;130,20;142,95;152,71;163,25;178,12;190,70;201,62;209,57;104,98;105,76;111,77;122,15;134,14;143,03;151,61;163,07;172,93;183,38;190,95;104,98;96,72;99,53;102,73;105,99;109,31;112,70;116,17;119,68;123,28;126,97
2024-12-30;104,99;105,57;112,55;123,87;136,90;146,41;156,44;169,99;181,27;195,30;205,57;104,99;112,70;118,00;130,29;142,95;152,61;163,02;177,75;190,17;200,94;208,73;104,99;105,97;111,91;122,23;134,14;142,93;151,39;162,73;172,46;182,78;190,22;104,99;96,96;99,72;102,85;106,03;109,26;112,57;115,94;119,35;122,84;126,43
2024-12-31;105,01;105,53;112,50;123,82;136,84;146,35;156,37;169,92;181,19;195,22;205,48;105,01;112,64;117,96;130,27;142,95;152,63;163,06;177,82;190,28;201,10;208,98;105,01;105,91;111,87;122,20;134,12;142,93;151,41;162,76;172,52;182,88;190,38;105,01;96,91;99,65;102,78;105,95;109,17;112,47;115,83;119,23;122,71;126,28
2025-01-01;105,01;105,53;112,50;123,82;136,84;146,35;156,37;169,92;181,19;195,21;205,47;105,01;112,64;117,96;130,27;142,95;152,62;163,06;177,82;190,27;201,10;208,97;105,01;105,91;111,87;122,19;134,12;142,93;151,41;162,76;172,52;182,88;190,38;105,01;96,91;99,65;102,77;105,95;109,17;112,47;115,83;119,23;122,71;126,28
2025-01-02;105,01;105,58;112,62;124,02;137,15;146,76;156,91;170,60;182,02;196,23;206,66;105,01;112,70;118,08;130,49;143,27;153,04;163,59;178,50;191,10;202,09;210,12;105,01;105,96;111,99;122,40;134,42;143,34;151,92;163,40;173,29;183,80;191,46;105,01;96,93;99,72;102,90;106,14;109,42;112,79;116,22;119,70;123,25;126,91
2025-01-03;105,04;105,48;112,61;124,12;137,38;147,14;157,46;171,35;182,98;197,43;208,12;105,04;112,45;117,88;130,36;143,24;153,12;163,79;178,83;191,58;202,68;210,74;105,04;105,74;111,81;122,31;134,41;143,42;152,13;163,74;173,77;184,37;192,07;105,04;96,84;99,69;102,96;106,29;109,67;113,14;116,68;120,28;123,96;127,75
2025-01-04;105,04;105,48;112,61;124,12;137,38;147,14;157,45;171,34;182,98;197,43;208,12;105,04;112,45;117,88;130,36;143,23;153,12;163,79;178,83;191,58;202,68;210,73;105,04;105,74;111,81;122,31;134,40;143,42;152,13;163,74;173,77;184,37;192,07;105,04;96,84;99,69;102,96;106,29;109,67;113,14;116,68;120,28;123,96;127,74
2025-01-05;105,04;105,47;112,61;124,12;137,38;147,14;157,45;171,34;182,97;197,43;208,11;105,04;112,45;117,88;130,36;143,23;153,12;163,79;178,83;191,58;202,68;210,73;105,04;105,74;111,81;122,31;134,40;143,42;152,13;163,74;173,77;184,36;192,07;105,04;96,84;99,69;102,96;106,29;109,67;113,14;116,68;120,28;123,96;127,74
2025-01-06;105,04;105,35;112,46;123,93;137,14;146,85;157,11;170,93;182,49;196,87;207,48;105,04;112,43;117,86;130,21;143,03;152,83;163,44;178,43;191,10;202,14;210,15;105,04;105,70;111,74;122,20;134,24;143,17;151,84;163,41;173,37;183,91;191,61;105,04;96,74;99,56;102,80;106,10;109,46;112,90;116,41;119,97;123,61;127,36
2025-01-07;105,05;105,06;112,11;123,51;136,63;146,26;156,43;170,15;181,60;195,85;206,34;105,05;112,16;117,59;129,94;142,72;152,51;163,10;178,05;190,70;201,78;209,92;105,05;105,47;111,52;121,94;133,96;142,89;151,52;163,05;173,00;183,57;191,35;105,05;96,43;99,25;102,46;105,72;109,04;112,44;115,91;119,42;123,02;126,72
2025-01-08;105,06;105,08;112,21;123,69;136,92;146,66;156,96;170,83;182,45;196,88;207,56;105,06;112,21;117,68;130,06;142,91;152,75;163,41;178,43;191,16;202,29;210,39;105,06;105,49;111,57;122,06;134,13;143,10;151,81;163,42;173,44;184,06;191,85;105,06;96,41;99,26;102,52;105,85;109,24;112,70;116,25;119,84;123,52;127,31
2025-01-09;105,07;105,00;112,13;123,61;136,85;146,60;156,91;170,78;182,41;196,86;207,56;105,07;112,03;117,50;129,85;142,70;152,54;163,21;178,24;190,98;202,12;210,24;105,07;105,32;111,40;121,89;133,96;142,92;151,65;163,29;173,32;183,95;191,77;105,07;96,41;99,24;102,50;105,82;109,19;112,65;116,18;119,76;123,43;127,21
2025-01-10;105,09;104,57;111,61;122,98;136,08;145,71;155,87;169,58;181,04;195,28;205,79;105,09;111,62;117,02;129,28;142,00;151,72;162,26;177,13;189,70;200,70;208,72;105,09;104,94;110,96;121,33;133,29;142,15;150,75;162,24;172,13;182,62;190,33;105,09;95,99;98,78;101,96;105,21;108,51;111,89;115,34;118,84;122,41;126,09
2025-01-11;105,09;104,56;111,61;122,98;136,08;145,70;155,87;169,58;181,03;195,28;205,79;105,09;111,62;117,02;129,27;142,00;151,72;162,26;177,13;189,70;200,69;208,72;105,09;104,94;110,96;121,33;133,29;142,15;150,75;162,24;172,13;182,62;190,33;105,09;95,99;98,77;101,96;105,21;108,51;111,89;115,34;118,83;122,41;126,09
2025-01-12;105,09;104,56;111,61;122,98;136,08;145,70;155,87;169,57;181,03;195,28;205,79;105,09;111,62;117,02;129,27;141,99;151,72;162,26;177,13;189,70;200,69;208,72;105,09;104,94;110,95;121,33;133,29;142,15;150,75;162,24;172,12;182,61;190,33;105,09;95,99;98,77;101,96;105,21;108,51;111,89;115,34;118,83;122,41;126,09
2025-01-13;105,09;104,46;111,55;122,97;136,14;145,83;156,08;169,88;181,45;195,82;206,45;105,09;111,51;116,88;129,19;141,97;151,72;162,30;177,19;189,82;200,81;208,79;105,09;104,80;110,84;121,24;133,23;142,13;150,78;162,29;172,22;182,71;190,37;105,09;95,89;98,67;101,88;105,16;108,48;111,89;115,38;118,91;122,52;126,24
2025-01-14;105,10;104,35;111,36;122,69;135,73;145,31;155,42;169,06;180,45;194,62;205,06;105,10;111,39;116,75;128,93;141,59;151,25;161,70;176,50;188,98;199,86;207,72;105,10;104,71;110,66;121,01;132,91;141,69;150,26;161,68;171,50;181,88;189,48;105,10;95,80;98,54;101,69;104,90;108,16;111,49;114,90;118,35;121,88;125,51
2025-01-15;105,11;105,12;112,28;123,80;137,08;146,87;157,22;171,15;182,84;197,35;208,11;105,11;112,24;117,69;130,06;142,94;152,77;163,43;178,47;191,21;202,31;210,32;105,11;105,49;111,57;122,06;134,14;143,10;151,84;163,47;173,50;184,08;191,81;105,11;96,53;99,34;102,60;105,92;109,29;112,75;116,28;119,87;123,54;127,31
2025-01-16;105,12;105,32;112,49;124,02;137,31;147,10;157,46;171,40;183,09;197,61;208,36;105,12;112,42;117,92;130,34;143,26;153,15;163,86;178,98;191,80;203,02;211,19;105,12;105,67;111,78;122,33;134,46;143,46;152,25;163,95;174,05;184,76;192,64;105,12;96,70;99,53;102,78;106,10;109,46;112,91;116,44;120,02;123,68;127,44
2025-01-17;105,14;105,47;112,72;124,36;137,78;147,71;158,21;172,34;184,21;198,95;209,92;105,14;112,59;118,16;130,62;143,64;153,61;164,44;179,72;192,68;204,02;212,27;105,14;105,83;111,98;122,61;134,83;143,90;152,81;164,64;174,86;185,67;193,64;105,14;96,78;99,67;102,99;106,38;109,82;113,35;116,97;120,64;124,40;128,26
2025-01-18;105,14;105,47;112,72;124,36;137,78;147,71;158,21;172,33;184,21;198,95;209,92;105,14;112,59;118,16;130,62;143,64;153,61;164,44;179,72;192,67;204,02;212,27;105,14;105,83;111,98;122,61;134,83;143,89;152,81;164,64;174,86;185,67;193,64;105,14;96,78;99,67;102,99;106,38;109,82;113,35;116,97;120,64;124,40;128,26
2025-01-19;105,14;105,47;112,72;124,36;137,78;147,70;158,21;172,33;184,21;198,95;209,91;105,14;112,59;118,16;130,61;143,64;153,61;164,44;179,72;192,67;204,02;212,26;105,14;105,83;111,98;122,61;134,83;143,89;152,81;164,64;174,86;185,67;193,63;105,14;96,78;99,66;102,99;106,38;109,82;113,35;116,97;120,63;124,39;128,26
2025-01-20;105,14;105,46;112,63;124,18;137,49;147,29;157,67;171,63;183,33;197,87;208,64;105,14;112,61;118,14;130,55;143,49;153,38;164,11;179,27;192,11;203,37;211,60;105,14;105,85;111,97;122,53;134,68;143,68;152,49;164,22;174,33;185,07;193,00;105,14;96,76;99,60;102,86;106,18;109,56;113,01;116,55;120,13;123,80;127,57
2025-01-21;105,15;105,73;112,98;124,62;138,05;147,97;158,47;172,58;184,44;199,17;210,11;105,15;112,86;118,45;130,96;144,01;154,00;164,83;180,12;193,11;204,48;212,75;105,15;106,09;112,27;122,92;135,17;144,25;153,17;165,02;175,26;186,10;194,10;105,15;97,08;99,95;103,26;106,64;110,07;113,59;117,19;120,85;124,59;128,44
2025-01-22;105,16;105,67;112,96;124,65;138,13;148,12;158,70;172,90;184,86;199,70;210,76;105,16;112,78;118,39;130,91;144,01;154,05;164,95;180,32;193,38;204,82;213,19;105,16;106,01;112,22;122,90;135,19;144,32;153,30;165,21;175,52;186,43;194,49;105,16;97,02;99,93;103,29;106,72;110,21;113,79;117,45;121,17;124,98;128,90
2025-01-23;105,17;105,58;112,94;124,73;138,33;148,45;159,17;173,55;185,69;200,76;212,03;105,17;112,66;118,33;130,95;144,17;154,31;165,36;180,87;194,11;205,72;214,26;105,17;105,88;112,18;122,91;135,30;144,55;153,64;165,68;176,14;187,20;195,39;105,17;96,93;99,90;103,33;106,83;110,40;114,06;117,81;121,62;125,53;129,56
2025-01-24;105,19;105,67;112,91;124,54;137,95;147,86;158,35;172,45;184,29;199,00;209,93;105,19;112,63;118,25;130,72;143,78;153,75;164,61;179,90;192,90;204,31;212,67;105,19;105,88;112,09;122,71;134,96;144,04;152,97;164,82;175,08;185,95;194,01;105,19;96,86;99,74;103,06;106,45;109,90;113,43;117,05;120,72;124,48;128,34
2025-01-25;105,19;105,67;112,90;124,54;137,95;147,86;158,35;172,45;184,29;199,00;209,92;105,19;112,63;118,25;130,72;143,78;153,75;164,61;179,90;192,90;204,31;212,66;105,19;105,88;112,08;122,71;134,96;144,04;152,97;164,82;175,08;185,95;194,00;105,19;96,86;99,74;103,06;106,45;109,90;113,43;117,05;120,71;124,47;128,34
2025-01-26;105,19;105,66;112,90;124,54;137,95;147,86;158,35;172,45;184,29;199,00;209,92;105,19;112,63;118,24;130,72;143,77;153,75;164,61;179,90;192,90;204,31;212,66;105,19;105,87;112,08;122,71;134,95;144,04;152,97;164,82;175,08;185,95;194,00;105,19;96,86;99,74;103,06;106,45;109,90;113,43;117,05;120,71;124,47;128,34
2025-01-27;105,19;105,76;112,89;124,39;137,65;147,38;157,67;171,53;183,12;197,53;208,15;105,19;112,80;118,34;130,77;143,71;153,58;164,30;179,42;192,24;203,53;211,81;105,19;106,04;112,20;122,72;134,88;143,88;152,65;164,33;174,44;185,19;193,17;105,19;97,10;99,90;103,11;106,39;109,72;113,13;116,61;120,13;123,74;127,45
2025-01-28;105,20;105,87;113,14;124,82;138,29;148,25;158,79;172,96;184,87;199,65;210,64;105,20;112,87;118,53;131,06;144,17;154,22;165,15;180,52;193,60;205,10;213,52;105,20;106,11;112,36;123,01;135,32;144,46;153,44;165,34;175,67;186,62;194,74;105,20;97,22;100,14;103,50;106,94;110,43;114,00;117,67;121,38;125,19;129,11
2025-01-29;105,21;105,83;113,08;124,74;138,18;148,12;158,63;172,76;184,63;199,38;210,33;105,21;112,81;118,48;131,05;144,18;154,24;165,19;180,58;193,70;205,27;213,84;105,21;106,07;112,34;122,99;135,32;144,50;153,48;165,39;175,75;186,76;194,99;105,21;97,17;100,08;103,44;106,86;110,34;113,91;117,56;121,26;125,06;128,97
2025-01-30;105,22;106,05;113,35;125,08;138,61;148,62;159,22;173,46;185,45;200,32;211,39;105,22;113,12;118,83;131,49;144,70;154,84;165,87;181,37;194,60;206,30;215,00;105,22;106,34;112,67;123,39;135,80;145,06;154,11;166,12;176,58;187,70;196,05;105,22;97,35;100,29;103,67;107,12;110,63;114,23;117,91;121,65;125,49;129,43
2025-01-31;105,24;106,06;113,36;125,08;138,58;148,58;159,15;173,37;185,32;200,17;211,21;105,24;113,27;118,97;131,61;144,81;154,93;165,94;181,43;194,63;206,30;215,04;105,24;106,47;112,80;123,52;135,92;145,16;154,19;166,19;176,62;187,74;196,09;105,24;97,35;100,29;103,67;107,12;110,62;114,22;117,90;121,64;125,47;129,41
2025-02-01;105,24;106,06;113,36;125,07;138,58;148,58;159,15;173,37;185,32;200,16;211,20;105,24;113,27;118,96;131,61;144,81;154,93;165,94;181,43;194,63;206,30;215,03;105,24;106,47;112,79;123,52;135,92;145,16;154,18;166,19;176,62;187,73;196,09;105,24;97,35;100,29;103,66;107,11;110,62;114,22;117,90;121,63;125,47;129,41
2025-02-02;105,24;106,06;113,36;125,07;138,58;148,57;159,15;173,37;185,32;200,16;211,20;105,24;113,27;118,96;131,61;144,81;154,93;165,94;181,43;194,63;206,30;215,03;105,24;106,47;112,79;123,52;135,92;145,15;154,18;166,19;176,61;187,73;196,09;105,24;97,34;100,29;103,66;107,11;110,62;114,21;117,90;121,63;125,46;129,40
2025-02-03;105,24;106,21;113,47;125,15;138,61;148,55;159,06;173,20;185,07;199,82;210,76;105,24;113,55;119,16;131,70;144,81;154,81;165,70;181,05;194,08;205,54;214,02;105,24;106,70;112,94;123,60;135,90;145,02;153,95;165,83;176,09;187,02;195,13;105,24;97,45;100,33;103,65;107,05;110,49;114,02;117,64;121,30;125,06;128,92
2025-02-04;105,25;106,27;113,54;125,24;138,72;148,68;159,22;173,39;185,29;200,07;211,04;105,25;113,65;119,31;131,88;145,02;155,07;165,99;181,41;194,49;206,02;214,55;105,25;106,83;113,08;123,75;136,09;145,24;154,21;166,13;176,44;187,43;195,60;105,25;97,51;100,42;103,77;107,19;110,66;114,21;117,86;121,55;125,33;129,22
2025-02-05;105,26;106,65;113,93;125,64;139,15;149,11;159,65;173,83;185,73;200,51;211,47;105,26;114,03;119,69;132,35;145,53;155,61;166,56;181,98;195,11;206,67;215,26;105,26;107,18;113,47;124,17;136,55;145,74;154,71;166,64;176,99;188,01;196,21;105,26;97,89;100,79;104,13;107,54;111,00;114,55;118,18;121,86;125,63;129,51
2025-02-06;105,26;106,71;114,10;125,93;139,58;149,70;160,42;174,81;186,93;201,97;213,19;105,26;114,09;119,87;132,65;145,99;156,23;167,37;183,04;196,41;208,24;217,11;105,26;107,25;113,65;124,48;137,01;146,35;155,50;167,64;178,20;189,47;197,94;105,26;97,96;100,95;104,39;107,90;111,47;115,14;118,89;122,70;126,61;130,63
2025-02-07;105,29;106,44;113,76;125,53;139,09;149,13;159,76;174,03;186,04;200,95;212,05;105,29;113,78;119,54;132,25;145,51;155,72;166,81;182,42;195,73;207,53;216,43;105,29;106,97;113,33;124,11;136,59;145,89;154,98;167,07;177,57;188,82;197,31;105,29;97,62;100,62;104,03;107,52;111,06;114,70;118,42;122,20;126,07;130,06
2025-02-08;105,29;106,43;113,76;125,53;139,09;149,13;159,75;174,03;186,04;200,95;212,04;105,29;113,77;119,54;132,25;145,51;155,72;166,81;182,42;195,72;207,53;216,42;105,29;106,97;113,33;124,11;136,59;145,89;154,97;167,07;177,57;188,81;197,30;105,29;97,62;100,62;104,03;107,52;111,06;114,69;118,42;122,19;126,07;130,06
2025-02-09;105,28;106,43;113,76;125,52;139,09;149,13;159,75;174,03;186,04;200,95;212,04;105,28;113,77;119,54;132,25;145,51;155,72;166,81;182,42;195,72;207,53;216,42;105,28;106,97;113,33;124,11;136,59;145,89;154,97;167,07;177,57;188,81;197,30;105,28;97,62;100,62;104,03;107,52;111,06;114,69;118,42;122,19;126,07;130,05
2025-02-10;105,29;106,55;113,97;125,86;139,56;149,75;160,55;175,03;187,26;202,42;213,76;105,29;113,95;119,77;132,56;145,92;156,24;167,45;183,23;196,68;208,63;217,64;105,29;107,11;113,53;124,39;136,97;146,36;155,56;167,80;178,42;189,81;198,40;105,29;97,75;100,80;104,27;107,83;111,45;115,16;118,97;122,83;126,80;130,88
2025-02-11;105,30;106,29;113,69;125,54;139,21;149,37;160,13;174,57;186,76;201,87;213,18;105,30;113,64;119,48;132,19;145,53;155,80;166,99;182,72;196,15;208,06;217,01;105,30;106,83;113,24;124,07;136,61;145,96;155,16;167,36;177,97;189,31;197,88;105,30;97,49;100,52;103,97;107,51;111,11;114,79;118,58;122,42;126,36;130,42
2025-02-12;105,30;105,87;113,23;125,02;138,62;148,73;159,43;173,79;185,91;200,93;212,17;105,30;113,18;119,03;131,62;144,88;155,11;166,25;181,95;195,30;207,19;216,16;105,30;106,40;112,77;123,57;136,06;145,34;154,51;166,70;177,25;188,58;197,19;105,30;97,14;100,16;103,60;107,12;110,70;114,38;118,14;121,97;125,89;129,93
2025-02-13;105,31;106,36;113,77;125,64;139,33;149,50;160,29;174,75;186,96;202,11;213,44;105,31;113,74;119,61;132,32;145,69;155,98;167,20;182,98;196,45;208,44;217,52;105,31;106,90;113,35;124,20;136,78;146,14;155,36;167,62;178,27;189,69;198,38;105,31;97,61;100,64;104,10;107,64;111,25;114,95;118,74;122,59;126,54;130,61
2025-02-14;105,33;106,44;113,79;125,57;139,17;149,24;159,89;174,21;186,26;201,22;212,36;105,33;113,77;119,62;132,26;145,55;155,76;166,89;182,57;195,92;207,81;216,78;105,33;106,96;113,36;124,17;136,67;145,96;155,10;167,27;177,82;189,15;197,77;105,33;97,70;100,68;104,09;107,56;111,10;114,72;118,44;122,20;126,07;130,04
2025-02-15;105,33;106,44;113,79;125,57;139,16;149,23;159,89;174,21;186,26;201,22;212,36;105,33;113,77;119,62;132,26;145,54;155,76;166,89;182,56;195,91;207,80;216,78;105,33;106,96;113,36;124,16;136,67;145,96;155,10;167,27;177,81;189,14;197,77;105,33;97,70;100,68;104,08;107,56;111,10;114,72;118,44;122,20;126,07;130,04
2025-02-16;105,33;106,44;113,79;125,57;139,16;149,23;159,89;174,21;186,26;201,22;212,36;105,33;113,77;119,62;132,26;145,54;155,76;166,89;182,56;195,91;207,80;216,78;105,33;106,96;113,36;124,16;136,67;145,96;155,10;167,26;177,81;189,14;197,77;105,33;97,70;100,68;104,08;107,56;111,10;114,72;118,43;122,20;126,07;130,04
2025-02-17;105,34;106,41;113,80;125,64;139,29;149,42;160,15;174,56;186,71;201,78;213,04;105,34;113,68;119,60;132,33;145,70;156,01;167,25;183,05;196,54;208,60;217,76;105,34;106,89;113,36;124,21;136,80;146,19;155,41;167,68;178,36;189,84;198,62;105,34;97,65;100,68;104,13;107,66;111,24;114,92;118,69;122,52;126,45;130,49
2025-02-18;105,34;106,20;113,63;125,52;139,23;149,45;160,27;174,78;187,04;202,25;213,65;105,34;113,58;119,56;132,34;145,77;156,18;167,51;183,45;197,07;209,28;218,61;105,34;106,81;113,32;124,21;136,86;146,33;155,65;168,01;178,79;190,40;199,31;105,34;97,45;100,54;104,04;107,62;111,26;115,00;118,84;122,74;126,74;130,86
2025-02-19;105,35;106,18;113,66;125,59;139,35;149,62;160,51;175,10;187,45;202,75;214,24;105,35;113,42;119,42;132,23;145,70;156,16;167,55;183,52;197,20;209,43;218,70;105,35;106,67;113,19;124,10;136,78;146,29;155,65;168,05;178,88;190,51;199,39;105,35;97,45;100,56;104,09;107,70;111,38;115,15;119,03;122,97;127,02;131,18
2025-02-20;105,36;106,17;113,56;125,38;139,01;149,14;159,86;174,26;186,40;201,46;212,71;105,36;113,44;119,36;132,07;145,41;155,73;166,98;182,76;196,24;208,29;217,40;105,36;106,68;113,14;123,93;136,50;145,89;155,11;167,33;178,00;189,45;198,16;105,36;97,45;100,47;103,91;107,43;111,00;114,67;118,43;122,24;126,16;130,19
2025-02-21;105,38;106,41;113,65;125,32;138,76;148,68;159,16;173,26;185,09;199,77;210,65;105,38;113,81;119,73;132,30;145,51;155,71;166,80;182,42;195,71;207,63;216,69;105,38;107,07;113,46;124,13;136,60;145,86;154,91;166,96;177,46;188,80;197,46;105,38;97,64;100,62;103,95;107,34;110,79;114,32;117,94;121,60;125,35;129,21
2025-02-22;105,38;106,40;113,65;125,32;138,76;148,67;159,16;173,26;185,08;199,77;210,65;105,38;113,81;119,73;132,30;145,50;155,71;166,80;182,42;195,71;207,63;216,69;105,38;107,07;113,46;124,13;136,60;145,86;154,91;166,96;177,45;188,79;197,46;105,38;97,64;100,62;103,94;107,34;110,79;114,32;117,93;121,60;125,35;129,21
2025-02-23;105,38;106,40;113,65;125,32;138,76;148,67;159,15;173,26;185,08;199,77;210,65;105,38;113,80;119,72;132,30;145,50;155,70;166,79;182,42;195,71;207,63;216,69;105,38;107,07;113,46;124,13;136,60;145,85;154,91;166,96;177,45;188,79;197,46;105,38;97,64;100,62;103,94;107,34;110,79;114,32;117,93;121,59;125,35;129,20
2025-02-24;105,38;106,47;113,66;125,25;138,61;148,43;158,80;172,77;184,45;198,97;209,68;105,38;113,80;119,64;132,17;145,30;155,40;166,39;181,88;195,03;206,82;215,78;105,38;107,03;113,39;124,01;136,40;145,58;154,54;166,49;176,87;188,09;196,67;105,38;97,68;100,58;103,84;107,16;110,53;113,97;117,50;121,07;124,73;128,48
2025-02-25;105,39;106,77;113,88;125,38;138,62;148,30;158,52;172,31;183,80;198,09;208,56;105,39;114,05;119,82;132,25;145,28;155,24;166,08;181,37;194,34;205,93;214,66;105,39;107,26;113,55;124,08;136,37;145,42;154,24;166,02;176,24;187,28;195,67;105,39;97,96;100,75;103,90;107,12;110,37;113,69;117,09;120,51;124,02;127,62
2025-02-26;105,40;106,94;114,05;125,56;138,81;148,50;158,72;172,52;184,01;198,30;208,77;105,40;114,28;120,11;132,53;145,58;155,57;166,45;181,81;194,82;206,51;215,33;105,40;107,49;113,80;124,34;136,67;145,74;154,59;166,42;176,68;187,80;196,29;105,40;98,11;100,93;104,09;107,31;110,57;113,90;117,31;120,75;124,27;127,88
2025-02-27;105,40;106,84;113,89;125,34;138,51;148,11;158,24;171,93;183,30;197,45;207,79;105,40;114,21;119,99;132,41;145,40;155,34;166,16;181,43;194,36;205,98;214,81;105,40;107,43;113,72;124,23;136,51;145,55;154,32;166,07;176,26;187,32;195,80;105,40;97,94;100,72;103,83;107,00;110,20;113,47;116,81;120,18;123,63;127,16
2025-02-28;105,43;107,21;114,37;125,96;139,31;149,09;159,41;173,32;184,93;199,37;209,98;105,43;114,54;120,30;132,71;145,79;155,73;166,61;181,93;194,91;206,46;215,05;105,43;107,67;113,97;124,53;136,86;145,89;154,76;166,57;176,80;187,81;196,11;105,43;98,30;101,07;104,22;107,44;110,69;114,01;117,41;120,84;124,34;127,94
2025-03-01;105,42;107,20;114,37;125,96;139,31;149,08;159,40;173,32;184,93;199,37;209,97;105,42;114,54;120,30;132,70;145,79;155,73;166,61;181,93;194,91;206,46;215,05;105,42;107,67;113,97;124,53;136,86;145,89;154,76;166,57;176,80;187,80;196,10;105,42;98,30;101,07;104,22;107,44;110,69;114,01;117,41;120,83;124,34;127,94
2025-03-02;105,42;107,20;114,37;125,96;139,31;149,08;159,40;173,32;184,93;199,37;209,97;105,42;114,54;120,30;132,70;145,79;155,73;166,60;181,93;194,90;206,45;215,05;105,42;107,67;113,97;124,53;136,85;145,89;154,75;166,56;176,80;187,80;196,10;105,42;98,30;101,06;104,22;107,43;110,69;114,01;117,41;120,83;124,34;127,94
2025-03-03;105,43;107,00;113,98;125,34;138,41;147,90;157,90;171,42;182,62;196,58;206,72;105,43;114,25;119,95;132,21;145,10;154,84;165,52;180,54;193,26;204,66;213,22;105,43;107,42;113,67;124,06;136,22;145,10;153,74;165,30;175,33;186,18;194,46;105,43;98,12;100,75;103,73;106,77;109,83;112,95;116,13;119,33;122,61;125,95
2025-03-04;105,44;106,73;113,54;124,69;137,51;146,74;156,44;169,61;180,45;193,98;203,71;105,44;114,02;119,55;131,65;144,30;153,81;164,19;178,86;191,22;202,24;210,48;105,44;107,23;113,34;123,53;135,47;144,14;152,50;163,75;173,46;183,96;191,91;105,44;97,88;100,40;103,25;106,14;109,06;112,02;115,04;118,08;121,17;124,33
2025-03-05;105,44;106,00;112,75;123,81;136,52;145,66;155,28;168,33;179,07;192,47;202,09;105,44;113,00;118,58;130,53;143,09;152,54;162,89;177,50;189,81;200,87;209,11;105,44;106,30;112,38;122,51;134,38;142,98;151,34;162,56;172,25;182,75;190,80;105,44;97,23;99,74;102,56;105,43;108,32;111,26;114,25;117,26;120,33;123,45
2025-03-06;105,45;105,59;112,16;123,00;135,45;144,33;153,65;166,35;176,72;189,69;198,92;105,45;112,52;118,06;129,91;142,29;151,62;161,80;176,21;188,33;199,30;207,56;105,45;105,89;111,90;121,88;133,62;142,12;150,29;161,32;170,86;181,27;189,33;105,45;96,91;99,33;102,02;104,74;107,47;110,25;113,08;115,91;118,79;121,73
2025-03-07;105,47;105,60;112,16;122,96;135,38;144,22;153,50;166,15;176,47;189,38;198,55;105,47;112,63;118,12;129,88;142,21;151,46;161,56;175,89;187,90;198,73;206,82;105,47;105,98;111,93;121,84;133,52;141,92;150,04;160,98;170,41;180,69;188,57;105,47;96,85;99,24;101,90;104,60;107,31;110,06;112,86;115,66;118,51;121,41
2025-03-08;105,47;105,60;112,15;122,96;135,38;144,22;153,50;166,15;176,47;189,38;198,54;105,47;112,63;118,12;129,88;142,21;151,46;161,56;175,89;187,90;198,73;206,82;105,47;105,98;111,93;121,84;133,52;141,92;150,04;160,98;170,41;180,69;188,56;105,47;96,85;99,24;101,90;104,60;107,31;110,06;112,86;115,66;118,51;121,41
2025-03-09;105,47;105,60;112,15;122,96;135,37;144,22;153,50;166,14;176,47;189,38;198,54;105,47;112,63;118,12;129,88;142,20;151,46;161,55;175,89;187,90;198,73;206,82;105,47;105,98;111,93;121,84;133,51;141,92;150,04;160,98;170,41;180,69;188,56;105,47;96,85;99,24;101,90;104,60;107,31;110,06;112,86;115,65;118,51;121,41
2025-03-10;105,47;105,63;111,95;122,48;134,57;143,06;151,95;164,12;173,95;186,28;194,88;105,47;112,66;117,96;129,53;141,57;150,53;160,28;174,18;185,76;196,18;203,92;105,47;106,02;111,80;121,50;132,92;141,07;148,85;159,42;168,49;178,39;185,95;105,47;96,90;99,09;101,53;103,99;106,44;108,93;111,45;113,96;116,51;119,10
2025-03-11;105,48;105,25;111,41;121,74;133,59;141,85;150,48;162,34;171,85;183,81;192,06;105,48;112,23;117,39;128,74;140,54;149,28;158,77;172,36;183,60;193,69;201,11;105,48;105,62;111,24;120,77;131,97;139,90;147,45;157,75;166,53;176,12;183,40;105,48;96,54;98,61;100,92;103,24;105,55;107,89;110,25;112,60;114,98;117,39
2025-03-12;105,49;105,16;111,39;121,81;133,75;142,11;150,86;162,86;172,52;184,64;193,06;105,49;112,17;117,39;128,80;140,69;149,50;159,10;172,81;184,18;194,40;201,97;105,49;105,57;111,24;120,80;132,08;140,09;147,73;158,13;167,01;176,73;184,10;105,49;96,39;98,53;100,90;103,30;105,68;108,10;110,55;112,98;115,46;117,96
2025-03-13;105,49;105,24;111,40;121,73;133,58;141,84;150,47;162,32;171,84;183,79;192,05;105,49;112,24;117,42;128,82;140,63;149,39;158,91;172,53;183,81;193,97;201,51;105,49;105,63;111,28;120,78;132,00;139,97;147,52;157,82;166,62;176,28;183,62;105,49;96,46;98,54;100,84;103,15;105,46;107,79;110,15;112,50;114,87;117,28
2025-03-14;105,50;105,28;111,63;122,18;134,30;142,83;151,77;164,00;173,89;186,30;194,97;105,50;112,27;117,62;129,20;141,26;150,28;160,09;174,08;185,73;196,25;204,09;105,50;105,66;111,45;121,14;132,59;140,77;148,62;159,22;168,35;178,33;185,95;105,50;96,54;98,76;101,22;103,71;106,19;108,71;111,26;113,80;116,38;119,00
2025-03-15;105,50;105,28;111,63;122,18;134,30;142,83;151,77;163,99;173,89;186,29;194,97;105,50;112,27;117,62;129,20;141,26;150,28;160,09;174,08;185,73;196,25;204,09;105,50;105,66;111,45;121,14;132,58;140,77;148,62;159,22;168,35;178,33;185,94;105,50;96,54;98,76;101,22;103,71;106,19;108,71;111,26;113,80;116,38;119,00
2025-03-16;105,50;105,28;111,63;122,18;134,29;142,83;151,77;163,99;173,89;186,29;194,97;105,50;112,27;117,62;129,19;141,26;150,28;160,09;174,08;185,73;196,25;204,08;105,50;105,66;111,45;121,13;132,58;140,77;148,61;159,22;168,35;178,33;185,94;105,50;96,54;98,76;101,22;103,70;106,19;108,71;111,26;113,80;116,38;119,00
2025-03-17;105,52;105,51;111,89;122,49;134,66;143,25;152,24;164,54;174,50;186,98;195,73;105,52;112,62;118,01;129,66;141,79;150,87;160,73;174,81;186,55;197,17;205,15;105,52;105,98;111,82;121,57;133,09;141,33;149,23;159,92;169,11;179,19;186,93;105,52;96,71;98,95;101,44;103,95;106,47;109,01;111,59;114,16;116,78;119,43
2025-03-18;105,52;105,46;111,77;122,28;134,34;142,81;151,67;163,81;173,61;185,91;194,47;105,52;112,57;117,98;129,60;141,66;150,71;160,53;174,56;186,25;196,89;204,96;105,52;105,97;111,79;121,48;132,96;141,17;149,00;159,63;168,78;178,88;186,68;105,52;96,67;98,90;101,33;103,78;106,23;108,70;111,22;113,71;116,25;118,83
2025-03-19;105,53;105,76;112,19;122,86;135,10;143,76;152,83;165,22;175,27;187,87;196,72;105,53;112,86;118,34;130,10;142,33;151,53;161,51;175,74;187,64;198,45;206,61;105,53;106,23;112,13;121,94;133,56;141,91;149,90;160,70;170,03;180,28;188,18;105,53;97,00;99,29;101,81;104,35;106,89;109,47;112,09;114,69;117,34;120,03
2025-03-20;105,53;105,80;112,24;122,91;135,17;143,83;152,91;165,31;175,36;187,97;196,82;105,53;112,88;118,36;130,15;142,40;151,61;161,61;175,84;187,76;198,57;206,76;105,53;106,26;112,18;122,00;133,63;142,01;150,00;160,81;170,15;180,41;188,31;105,53;97,02;99,32;101,84;104,39;106,94;109,52;112,15;114,76;117,42;120,12
2025-03-21;105,56;105,78;112,25;122,96;135,26;143,96;153,09;165,55;175,67;188,35;197,27;105,56;112,89;118,33;130,16;142,42;151,64;161,65;175,87;187,78;198,56;206,70;105,56;106,25;112,18;122,00;133,63;142,03;150,02;160,81;170,15;180,38;188,22;105,56;97,02;99,32;101,87;104,45;107,03;109,65;112,30;114,95;117,64;120,38
2025-03-22;105,55;105,78;112,25;122,96;135,25;143,96;153,09;165,55;175,67;188,34;197,27;105,55;112,89;118,33;130,16;142,41;151,63;161,65;175,87;187,78;198,56;206,70;105,55;106,25;112,18;122,00;133,63;142,03;150,02;160,81;170,15;180,38;188,22;105,55;97,02;99,32;101,87;104,45;107,03;109,64;112,30;114,95;117,64;120,38
2025-03-23;105,55;105,78;112,25;122,96;135,25;143,96;153,09;165,54;175,67;188,34;197,27;105,55;112,89;118,33;130,16;142,41;151,63;161,64;175,86;187,78;198,56;206,70;105,55;106,25;112,17;122,00;133,63;142,02;150,01;160,81;170,15;180,38;188,21;105,55;97,01;99,32;101,87;104,45;107,03;109,64;112,30;114,95;117,64;120,37
2025-03-24;105,56;105,67;112,30;123,19;135,71;144,65;154,05;166,83;177,29;190,36;199,67;105,56;112,84;118,38;130,30;142,73;152,11;162,31;176,79;188,95;199,90;208,12;105,56;106,20;112,19;122,16;133,93;142,46;150,67;161,69;171,24;181,64;189,57;105,56;96,90;99,33;102,03;104,77;107,51;110,30;113,14;115,97;118,86;121,80
2025-03-25;105,57;105,71;112,36;123,28;135,84;144,82;154,26;167,09;177,60;190,74;200,11;105,57;112,83;118,37;130,33;142,80;152,21;162,45;176,96;189,17;200,18;208,48;105,57;106,16;112,20;122,20;134,00;142,57;150,80;161,86;171,46;181,91;189,91;105,57;96,94;99,37;102,08;104,82;107,58;110,38;113,23;116,08;118,99;121,94
2025-03-26;105,56;105,52;112,09;122,91;135,33;144,19;153,49;166,15;176,48;189,41;198,58;105,56;112,69;118,18;130,08;142,44;151,77;161,90;176,28;188,35;199,25;207,49;105,56;106,05;112,02;121,96;133,68;142,17;150,30;161,26;170,73;181,09;189,03;105,56;96,75;99,13;101,77;104,44;107,12;109,84;112,60;115,36;118,17;121,03
2025-03-27;105,58;105,46;111,98;122,73;135,09;143,87;153,08;165,64;175,87;188,67;197,72;105,58;112,64;118,08;129,92;142,21;151,47;161,53;175,82;187,79;198,60;206,77;105,58;105,99;111,92;121,81;133,47;141,89;149,94;160,83;170,22;180,50;188,37;105,58;96,68;99,02;101,62;104,25;106,89;109,56;112,27;114,99;117,74;120,55
2025-03-28;105,60;105,66;111,96;122,47;134,53;142,99;151,84;163,96;173,73;186,00;194,53;105,60;112,82;118,10;129,71;141,72;150,69;160,41;174,30;185,84;196,25;204,05;105,60;106,16;111,92;121,61;133,02;141,17;148,91;159,45;168,47;178,39;185,95;105,60;96,86;99,03;101,42;103,84;106,24;108,67;111,14;113,59;116,07;118,59
2025-03-29;105,60;105,66;111,96;122,47;134,53;142,98;151,83;163,96;173,73;186,00;194,53;105,60;112,82;118,10;129,71;141,72;150,69;160,41;174,29;185,84;196,25;204,05;105,60;106,16;111,92;121,61;133,02;141,17;148,91;159,45;168,47;178,38;185,95;105,60;96,86;99,03;101,42;103,83;106,24;108,67;111,14;113,58;116,07;118,59
2025-03-30;105,60;105,66;111,96;122,47;134,53;142,98;151,83;163,95;173,73;186,00;194,53;105,60;112,82;118,10;129,71;141,72;150,69;160,40;174,29;185,84;196,25;204,05;105,60;106,16;111,92;121,61;133,02;141,17;148,91;159,45;168,47;178,38;185,95;105,60;96,86;99,03;101,42;103,83;106,24;108,67;111,13;113,58;116,07;118,58
2025-03-31;105,59;105,80;112,10;122,61;134,67;143,12;151,96;164,08;173,85;186,10;194,62;105,59;112,88;118,08;129,56;141,50;150,37;159,99;173,76;185,16;195,33;202,74;105,59;106,20;111,86;121,49;132,81;140,85;148,53;158,97;167,86;177,56;184,80;105,59;96,92;99,03;101,40;103,77;106,15;108,54;110,97;113,38;115,82;118,30
2025-04-01;105,59;106,08;112,42;122,99;135,12;143,63;152,54;164,74;174,59;186,94;195,55;105,59;113,23;118,49;130,00;142,00;150,93;160,62;174,49;185,98;196,26;203,77;105,59;106,53;112,23;121,93;133,32;141,40;149,15;159,68;168,65;178,45;185,82;105,59;97,19;99,34;101,73;104,15;106,56;108,99;111,46;113,91;116,40;118,92
2025-04-02;105,61;106,05;112,41;122,99;135,13;143,66;152,60;164,82;174,69;187,08;195,71;105,61;113,14;118,40;129,91;141,92;150,85;160,54;174,43;185,92;196,19;203,66;105,61;106,44;112,13;121,86;133,25;141,33;149,10;159,65;168,63;178,42;185,77;105,61;97,22;99,37;101,78;104,20;106,62;109,07;111,55;114,01;116,51;119,04
2025-04-03;105,62;106,49;112,83;123,40;135,53;144,02;152,92;165,10;174,91;187,24;195,80;105,62;113,38;118,40;129,87;141,75;150,48;159,95;173,52;184,72;194,56;201,52;105,62;106,60;112,17;121,76;132,99;140,91;148,47;158,74;167,47;176,88;183,72;105,62;97,58;99,61;101,96;104,31;106,67;109,05;111,45;113,84;116,25;118,70
2025-04-04;105,64;105,70;110,91;120,12;130,63;137,44;144,47;154,40;161,91;171,53;177,50;105,64;112,60;116,96;127,24;137,68;145,14;153,09;164,88;174,18;182,39;188,06;105,64;106,00;110,72;119,20;129,22;135,89;142,00;150,67;157,73;165,65;171,30;105,64;96,87;98,24;99,71;101,14;102,53;103,91;105,26;106,56;107,85;109,13
2025-04-05;105,64;105,69;110,90;120,12;130,63;137,44;144,47;154,40;161,91;171,53;177,50;105,64;112,60;116,96;127,24;137,68;145,14;153,08;164,88;174,18;182,39;188,06;105,64;106,00;110,72;119,20;129,22;135,89;142,00;150,67;157,73;165,65;171,30;105,64;96,87;98,24;99,71;101,14;102,53;103,91;105,26;106,56;107,85;109,13
2025-04-06;105,64;105,69;110,90;120,12;130,63;137,44;144,47;154,40;161,91;171,53;177,50;105,64;112,60;116,96;127,24;137,68;145,14;153,08;164,88;174,18;182,39;188,06;105,64;106,00;110,71;119,20;129,22;135,89;142,00;150,67;157,73;165,64;171,30;105,64;96,86;98,24;99,71;101,14;102,53;103,91;105,25;106,56;107,84;109,13
2025-04-07;105,64;104,94;110,06;119,15;129,51;136,20;143,09;152,86;160,21;169,65;175,47;105,64;111,78;115,76;125,61;135,74;142,77;150,32;161,62;170,39;177,83;182,56;105,64;105,07;109,48;117,72;127,37;133,62;139,47;147,75;154,35;161,59;166,39;105,64;96,03;97,17;98,52;99,83;101,10;102,36;103,58;104,76;105,91;107,06
2025-04-08;105,65;104,51;109,62;118,69;129,03;135,71;142,60;152,35;159,70;169,13;174,96;105,65;111,60;115,63;125,43;135,55;142,56;150,12;161,44;170,23;177,80;182,81;105,65;104,89;109,35;117,59;127,24;133,48;139,33;147,65;154,27;161,63;166,68;105,65;95,59;96,75;98,10;99,42;100,70;101,96;103,19;104,38;105,54;106,70
2025-04-09;105,65;104,86;110,52;120,23;131,33;138,80;146,53;157,29;165,66;176,26;183,18;105,65;111,86;116,02;126,44;137,21;144,79;153,00;164,98;174,51;182,46;187,49;105,65;105,03;109,82;118,48;128,61;135,43;141,88;150,74;157,98;165,70;170,67;105,65;95,91;97,35;99,14;100,90;102,64;104,37;106,08;107,75;109,41;111,08
2025-04-10;105,66;104,56;109,97;119,39;130,13;137,23;144,57;154,85;162,74;172,78;179,17;105,66;111,66;115,83;126,00;136,50;143,87;151,83;163,59;172,86;180,81;186,18;105,66;104,90;109,61;118,04;128,00;134,59;140,79;149,44;156,45;164,16;169,40;105,66;95,52;96,89;98,51;100,10;101,66;103,21;104,73;106,21;107,67;109,13
2025-04-11;105,68;104,31;109,73;119,15;129,90;137,02;144,38;154,68;162,60;172,67;179,10;105,68;111,65;115,85;126,15;136,74;144,19;152,25;164,09;173,48;181,55;187,10;105,68;104,87;109,66;118,19;128,23;134,95;141,20;149,95;157,06;164,90;170,29;105,68;95,43;96,82;98,45;100,05;101,62;103,18;104,71;106,21;107,68;109,16
2025-04-12;105,68;104,31;109,73;119,15;129,90;137,02;144,38;154,68;162,60;172,67;179,10;105,68;111,65;115,85;126,15;136,73;144,19;152,25;164,09;173,48;181,55;187,09;105,68;104,87;109,66;118,19;128,23;134,94;141,19;149,95;157,06;164,90;170,29;105,68;95,43;96,82;98,45;100,05;101,62;103,18;104,71;106,21;107,68;109,16
2025-04-13;105,68;104,30;109,73;119,15;129,90;137,02;144,38;154,68;162,59;172,66;179,10;105,68;111,65;115,85;126,15;136,73;144,19;152,25;164,09;173,48;181,54;187,09;105,68;104,87;109,66;118,19;128,23;134,94;141,19;149,95;157,06;164,90;170,29;105,68;95,43;96,82;98,45;100,05;101,62;103,18;104,71;106,21;107,68;109,15
2025-04-14;105,68;104,78;110,28;119,81;130,69;137,92;145,40;155,86;163,92;174,16;180,74;105,68;112,21;116,54;126,96;137,69;145,27;153,48;165,53;175,11;183,43;189,22;105,68;105,42;110,32;119,00;129,20;136,03;142,42;151,37;158,65;166,70;172,37;105,68;95,83;97,28;98,98;100,64;102,27;103,90;105,50;107,06;108,60;110,15
2025-04-15;105,68;104,91;110,47;120,07;131,04;138,35;145,93;156,50;164,67;175,04;181,74;105,68;112,30;116,75;127,30;138,16;145,89;154,25;166,47;176,26;184,82;190,92;105,68;105,53;110,55;119,32;129,65;136,62;143,13;152,24;159,70;167,98;173,92;105,68;95,95;97,48;99,23;100,96;102,65;104,34;106,01;107,64;109,26;110,88
2025-04-16;105,69;104,97;110,31;119,65;130,31;137,30;144,52;154,67;162,40;172,27;178,50;105,69;112,37;116,64;126,96;137,53;144,94;152,96;164,77;174,15;182,35;188,17;105,69;105,59;110,43;119,00;129,07;135,76;141,96;150,73;157,84;165,79;171,49;105,69;96,07;97,39;98,92;100,41;101,87;103,32;104,73;106,10;107,45;108,80
2025-04-17;105,73;105,00;110,39;119,79;130,51;137,57;144,86;155,10;162,92;172,89;179,21;105,73;112,49;116,79;127,25;137,91;145,43;153,53;165,47;174,98;183,31;189,30;105,73;105,72;110,62;119,26;129,43;136,23;142,49;151,38;158,59;166,65;172,47;105,73;96,07;97,44;99,01;100,55;102,05;103,54;105,00;106,42;107,81;109,20
2025-04-18;105,73;105,00;110,39;119,79;130,51;137,57;144,86;155,09;162,92;172,89;179,21;105,73;112,49;116,79;127,24;137,91;145,43;153,53;165,47;174,98;183,31;189,29;105,73;105,72;110,62;119,26;129,42;136,23;142,49;151,37;158,58;166,65;172,47;105,73;96,07;97,44;99,01;100,55;102,05;103,54;105,00;106,41;107,81;109,20
2025-04-19;105,73;105,00;110,39;119,79;130,51;137,57;144,86;155,09;162,92;172,89;179,21;105,73;112,48;116,79;127,24;137,91;145,42;153,53;165,47;174,97;183,30;189,29;105,73;105,72;110,62;119,26;129,42;136,22;142,49;151,37;158,58;166,65;172,46;105,73;96,07;97,44;99,01;100,55;102,05;103,54;105,00;106,41;107,81;109,20
2025-04-20;105,73;105,00;110,39;119,79;130,51;137,57;144,86;155,09;162,92;172,89;179,20;105,73;112,48;116,79;127,24;137,90;145,42;153,53;165,47;174,97;183,30;189,29;105,73;105,71;110,61;119,26;129,42;136,22;142,49;151,37;158,58;166,65;172,46;105,73;96,07;97,44;99,01;100,55;102,05;103,53;104,99;106,41;107,80;109,20
2025-04-21;105,72;104,50;109,62;118,69;129,02;135,70;142,57;152,31;159,63;169,02;174,80;105,72;112,12;116,25;126,43;136,75;143,95;151,70;163,22;172,30;180,31;186,15;105,72;105,39;110,11;118,49;128,37;134,88;140,80;149,33;156,17;163,94;169,60;105,72;95,83;97,01;98,35;99,65;100,90;102,14;103,34;104,49;105,61;106,73
2025-04-22;105,73;104,82;110,14;119,46;130,09;137,06;144,25;154,36;162,07;171,90;178,08;105,73;112,42;116,68;127,06;137,64;145,07;153,09;164,93;174,32;182,58;188,57;105,73;105,64;110,50;119,09;129,18;135,90;142,08;150,88;157,99;165,99;171,79;105,73;95,88;97,20;98,73;100,22;101,67;103,10;104,51;105,87;107,20;108,54
2025-04-23;105,74;105,09;110,68;120,32;131,33;138,68;146,28;156,89;165,09;175,50;182,22;105,74;112,62;117,18;127,88;138,84;146,68;155,14;167,53;177,47;186,28;192,76;105,74;105,89;110,99;119,89;130,34;137,44;144,03;153,29;160,88;169,38;175,65;105,74;96,14;97,72;99,50;101,24;102,96;104,66;106,35;107,99;109,61;111,24
2025-04-24;105,74;105,60;111,32;121,13;132,33;139,87;147,68;158,54;166,99;177,68;184,66;105,74;113,23;117,82;128,65;139,78;147,73;156,34;168,89;179,00;187,91;194,41;105,74;106,42;111,61;120,62;131,20;138,41;145,14;154,55;162,27;170,86;177,16;105,74;96,63;98,26;100,12;101,96;103,77;105,57;107,36;109,10;110,83;112,57
2025-04-25;105,76;105,77;111,56;121,45;132,75;140,38;148,30;159,28;167,85;178,69;185,80;105,76;113,27;117,93;128,83;140,05;148,09;156,81;169,47;179,71;188,74;195,30;105,76;106,47;111,73;120,80;131,46;138,76;145,58;155,08;162,92;171,61;177,98;105,76;96,82;98,49;100,40;102,30;104,16;106,01;107,85;109,65;111,44;113,24
2025-04-26;105,76;105,77;111,56;121,45;132,75;140,38;148,30;159,28;167,85;178,69;185,80;105,76;113,27;117,93;128,83;140,05;148,09;156,81;169,47;179,71;188,73;195,30;105,76;106,47;111,73;120,80;131,46;138,76;145,58;155,07;162,92;171,61;177,97;105,76;96,82;98,49;100,40;102,30;104,16;106,01;107,85;109,65;111,44;113,23
2025-04-27;105,76;105,77;111,56;121,45;132,75;140,38;148,30;159,28;167,85;178,69;185,80;105,76;113,27;117,93;128,83;140,05;148,09;156,81;169,47;179,71;188,73;195,30;105,76;106,47;111,72;120,80;131,46;138,76;145,57;155,07;162,92;171,61;177,97;105,76;96,82;98,49;100,40;102,29;104,15;106,01;107,85;109,65;111,44;113,23
2025-04-28;105,76;105,90;111,71;121,62;132,94;140,59;148,53;159,54;168,13;179,00;186,14;105,76;113,35;118,05;129,03;140,30;148,40;157,17;169,88;180,20;189,32;195,99;105,76;106,55;111,86;120,96;131,68;139,04;145,90;155,44;163,36;172,13;178,60;105,76;96,99;98,67;100,59;102,49;104,35;106,21;108,06;109,87;111,67;113,47
2025-04-29;105,77;106,07;111,92;121,89;133,28;141,00;149,00;160,10;168,77;179,74;186,96;105,77;113,47;118,21;129,25;140,59;148,75;157,59;170,39;180,79;189,99;196,70;105,77;106,67;112,01;121,17;131,94;139,36;146,28;155,89;163,88;172,73;179,25;105,77;97,13;98,84;100,80;102,74;104,65;106,55;108,45;110,30;112,15;114,00
2025-04-30;105,78;106,15;112,04;122,06;133,50;141,27;149,33;160,50;169,25;180,29;187,60;105,78;113,60;118,39;129,47;140,86;149,09;158,01;170,89;181,38;190,68;197,53;105,78;106,78;112,17;121,38;132,22;139,70;146,67;156,37;164,43;173,38;180,03;105,78;97,19;98,95;100,96;102,95;104,90;106,86;108,81;110,71;112,61;114,52
2025-05-01;105,78;106,08;112,08;122,23;133,83;141,77;150,02;161,40;170,37;181,68;189,24;105,78;113,53;118,40;129,56;141,08;149,45;158,52;171,61;182,28;191,74;198,70;105,78;106,71;112,16;121,50;132,45;140,05;147,17;157,05;165,28;174,38;181,13;105,78;97,28;99,13;101,23;103,31;105,37;107,43;109,49;111,51;113,52;115,55
2025-05-02;105,80;105,83;111,94;122,21;133,96;142,06;150,49;162,09;171,29;182,87;190,68;105,80;113,27;118,30;129,59;141,29;149,85;159,14;172,50;183,46;193,25;200,58;105,80;106,48;112,06;121,55;132,67;140,44;147,77;157,91;166,38;175,78;182,88;105,80;96,84;98,83;101,06;103,28;105,49;107,70;109,90;112,08;114,26;116,46
2025-05-03;105,80;105,82;111,93;122,20;133,95;142,06;150,49;162,09;171,29;182,87;190,68;105,80;113,27;118,30;129,59;141,29;149,84;159,13;172,50;183,46;193,25;200,58;105,80;106,48;112,06;121,55;132,66;140,43;147,77;157,91;166,38;175,78;182,88;105,80;96,84;98,83;101,06;103,28;105,48;107,69;109,90;112,08;114,26;116,46
2025-05-04;105,79;105,82;111,93;122,20;133,95;142,05;150,49;162,09;171,29;182,86;190,68;105,79;113,27;118,30;129,59;141,28;149,84;159,13;172,50;183,45;193,25;200,58;105,79;106,48;112,06;121,54;132,66;140,43;147,77;157,90;166,38;175,78;182,88;105,79;96,84;98,83;101,06;103,28;105,48;107,69;109,90;112,08;114,26;116,46
2025-05-05;105,80;105,74;111,83;122,08;133,81;141,88;150,29;161,86;171,03;182,57;190,35;105,80;113,22;118,27;129,57;141,25;149,83;159,12;172,51;183,48;193,33;200,75;105,80;106,45;112,03;121,50;132,62;140,40;147,74;157,87;166,36;175,80;182,97;105,80;96,82;98,83;101,06;103,28;105,49;107,70;109,91;112,10;114,28;116,48
2025-05-06;105,81;105,76;111,79;121,96;133,60;141,58;149,88;161,33;170,37;181,75;189,39;105,81;113,21;118,22;129,49;141,10;149,60;158,82;172,09;182,96;192,72;200,09;105,81;106,45;112,00;121,41;132,47;140,20;147,44;157,48;165,88;175,25;182,37;105,81;96,80;98,76;100,93;103,10;105,24;107,39;109,53;111,65;113,76;115,88
2025-05-07;105,81;105,96;111,99;122,16;133,80;141,78;150,07;161,51;170,54;181,91;189,53;105,81;113,47;118,45;129,71;141,32;149,80;158,99;172,24;183,08;192,79;200,09;105,81;106,69;112,22;121,64;132,69;140,40;147,63;157,65;166,01;175,33;182,38;105,81;96,96;98,90;101,06;103,21;105,33;107,46;109,58;111,67;113,76;115,86
2025-05-08;105,82;105,72;111,88;122,20;134,02;142,19;150,71;162,41;171,71;183,40;191,33;105,82;113,23;118,30;129,69;141,46;150,11;159,48;172,97;184,05;193,97;201,46;105,82;106,46;112,08;121,63;132,82;140,67;148,09;158,33;166,90;176,41;183,62;105,82;96,76;98,81;101,09;103,37;105,64;107,91;110,18;112,42;114,67;116,94
2025-05-09;105,83;105,69;111,87;122,23;134,07;142,28;150,84;162,58;171,93;183,68;191,67;105,83;113,18;118,29;129,76;141,58;150,30;159,74;173,31;184,48;194,52;202,14;105,83;106,42;112,09;121,68;132,93;140,85;148,33;158,63;167,28;176,90;184,24;105,83;96,74;98,82;101,13;103,44;105,73;108,04;110,34;112,62;114,90;117,20
2025-05-10;105,83;105,69;111,87;122,22;134,07;142,28;150,84;162,58;171,93;183,68;191,66;105,83;113,18;118,29;129,76;141,58;150,30;159,74;173,31;184,48;194,52;202,14;105,83;106,42;112,09;121,68;132,92;140,85;148,33;158,62;167,28;176,90;184,23;105,83;96,74;98,82;101,13;103,44;105,73;108,03;110,34;112,62;114,90;117,20
2025-05-11;105,83;105,69;111,87;122,22;134,07;142,28;150,84;162,58;171,93;183,68;191,66;105,83;113,18;118,29;129,75;141,58;150,30;159,74;173,30;184,47;194,51;202,14;105,83;106,42;112,09;121,68;132,92;140,85;148,32;158,62;167,28;176,90;184,23;105,83;96,74;98,82;101,13;103,44;105,73;108,03;110,34;112,61;114,90;117,20
2025-05-12;105,84;105,67;112,26;123,10;135,52;144,33;153,56;166,11;176,29;189,00;197,91;105,84;113,11;118,60;130,43;142,77;152,06;162,13;176,50;188,45;199,22;207,39;105,84;106,40;112,35;122,36;134,08;142,48;150,59;161,56;170,90;181,17;189,04;105,84;96,75;99,20;101,90;104,62;107,34;110,08;112,85;115,61;118,39;121,20
2025-05-13;105,84;105,79;112,41;123,28;135,75;144,62;153,89;166,50;176,74;189,53;198,51;105,84;113,05;118,54;130,42;142,82;152,13;162,24;176,63;188,63;199,43;207,64;105,84;106,33;112,33;122,39;134,13;142,59;150,73;161,75;171,13;181,43;189,34;105,84;96,75;99,20;101,92;104,67;107,41;110,18;112,97;115,75;118,56;121,41
2025-05-14;105,85;105,43;112,04;122,89;135,33;144,18;153,44;166,03;176,25;189,02;198,00;105,85;112,87;118,37;130,24;142,60;151,91;162,02;176,41;188,40;199,22;207,49;105,85;106,19;112,17;122,20;133,94;142,40;150,51;161,52;170,90;181,21;189,16;105,85;96,56;99,04;101,77;104,52;107,27;110,05;112,85;115,64;118,47;121,32
2025-05-15;105,85;105,80;112,46;123,37;135,89;144,80;154,14;166,82;177,13;190,00;199,07;105,85;113,30;118,84;130,73;143,16;152,52;162,69;177,16;189,22;200,10;208,38;105,85;106,57;112,58;122,66;134,45;142,94;151,12;162,19;171,63;182,00;189,98;105,85;96,89;99,38;102,12;104,89;107,66;110,46;113,28;116,09;118,93;121,81
2025-05-16;105,87;106,00;112,74;123,76;136,41;145,45;154,93;167,78;178,27;191,35;200,61;105,87;113,55;119,15;131,13;143,67;153,14;163,42;178,05;190,27;201,27;209,67;105,87;106,80;112,87;123,05;134,94;143,52;151,82;163,03;172,59;183,08;191,16;105,87;97,07;99,61;102,43;105,27;108,11;110,98;113,89;116,78;119,71;122,68
2025-05-17;105,87;106,00;112,74;123,76;136,41;145,45;154,93;167,78;178,27;191,35;200,60;105,87;113,55;119,14;131,13;143,67;153,14;163,42;178,05;190,27;201,27;209,66;105,87;106,80;112,87;123,05;134,94;143,52;151,82;163,03;172,59;183,08;191,16;105,87;97,07;99,61;102,42;105,27;108,11;110,98;113,89;116,78;119,71;122,68
2025-05-18;105,87;106,00;112,74;123,76;136,40;145,45;154,93;167,78;178,27;191,35;200,60;105,87;113,55;119,14;131,13;143,67;153,14;163,42;178,05;190,26;201,27;209,66;105,87;106,80;112,87;123,04;134,94;143,52;151,81;163,03;172,58;183,08;191,15;105,87;97,07;99,61;102,42;105,26;108,11;110,98;113,88;116,78;119,71;122,68
2025-05-19;105,87;106,09;112,77;123,71;136,27;145,21;154,57;167,29;177,63;190,54;199,63;105,87;113,63;119,16;131,05;143,52;152,85;163,02;177,48;189,55;200,40;208,67;105,87;106,85;112,89;122,98;134,78;143,26;151,44;162,52;171,95;182,30;190,25;105,87;97,01;99,47;102,22;105,00;107,76;110,56;113,39;116,20;119,04;121,92
2025-05-20;105,88;105,74;112,40;123,33;135,85;144,78;154,13;166,83;177,16;190,05;199,13;105,88;113,43;118,97;130,86;143,32;152,66;162,83;177,31;189,38;200,29;208,68;105,88;106,66;112,71;122,80;134,60;143,09;151,27;162,36;171,80;182,20;190,25;105,88;96,77;99,24;101,98;104,75;107,51;110,30;113,12;115,93;118,76;121,64
2025-05-21;105,88;105,21;111,71;122,42;134,70;143,38;152,47;164,83;174,84;187,34;196,07;105,88;112,96;118,42;130,12;142,35;151,49;161,45;175,66;187,46;198,18;206,51;105,88;106,24;112,19;122,11;133,73;142,03;150,00;160,87;170,07;180,30;188,29;105,88;96,31;98,69;101,31;103,94;106,57;109,22;111,89;114,55;117,22;119,93
2025-05-22;105,89;105,28;111,81;122,55;134,87;143,59;152,72;165,14;175,19;187,76;196,54;105,89;113,00;118,44;130,16;142,41;151,57;161,54;175,76;187,57;198,26;206,51;105,89;106,26;112,21;122,13;133,77;142,08;150,06;160,94;170,16;180,36;188,28;105,89;96,35;98,75;101,39;104,06;106,71;109,39;112,09;114,78;117,49;120,22
2025-05-23;105,91;105,36;111,77;122,39;134,54;143,10;152,03;164,22;174,04;186,32;194,83;105,91;113,11;118,46;130,12;142,23;151,26;161,06;175,08;186,70;197,20;205,33;105,91;106,38;112,24;122,07;133,59;141,80;149,61;160,31;169,35;179,39;187,17;105,91;96,44;98,76;101,29;103,84;106,38;108,93;111,50;114,05;116,61;119,20
2025-05-24;105,91;105,36;111,77;122,38;134,54;143,09;152,03;164,22;174,03;186,32;194,83;105,91;113,11;118,45;130,12;142,23;151,26;161,06;175,08;186,70;197,20;205,33;105,91;106,38;112,24;122,07;133,59;141,80;149,61;160,31;169,34;179,39;187,17;105,91;96,44;98,75;101,29;103,84;106,37;108,93;111,50;114,05;116,61;119,20
2025-05-25;105,91;105,36;111,77;122,38;134,54;143,09;152,02;164,21;174,03;186,32;194,82;105,91;113,11;118,45;130,11;142,23;151,26;161,06;175,08;186,69;197,20;205,32;105,91;106,38;112,24;122,07;133,59;141,80;149,61;160,31;169,34;179,38;187,16;105,91;96,44;98,75;101,29;103,84;106,37;108,93;111,50;114,04;116,61;119,20
2025-05-26;105,91;105,44;111,85;122,45;134,60;143,13;152,05;164,22;174,01;186,27;194,75;105,91;113,22;118,57;130,23;142,35;151,36;161,16;175,17;186,78;197,31;205,50;105,91;106,47;112,35;122,17;133,70;141,90;149,69;160,39;169,42;179,49;187,32;105,91;96,48;98,76;101,29;103,82;106,33;108,87;111,42;113,95;116,49;119,06
2025-05-27;105,92;105,98;112,57;123,40;135,82;144,62;153,82;166,35;176,50;189,17;198,04;105,92;113,66;119,11;130,94;143,30;152,50;162,53;176,81;188,71;199,43;207,69;105,92;106,86;112,86;122,87;134,58;142,95;150,99;161,93;171,21;181,45;189,37;105,92;97,05;99,42;102,06;104,73;107,39;110,07;112,77;115,45;118,16;120,89
2025-05-28;105,92;105,83;112,39;123,19;135,58;144,34;153,51;165,99;176,10;188,72;197,55;105,92;113,53;118,95;130,76;143,07;152,25;162,23;176,48;188,32;199,00;207,21;105,92;106,75;112,72;122,69;134,37;142,72;150,72;161,61;170,85;181,05;188,91;105,92;96,89;99,26;101,91;104,57;107,23;109,91;112,61;115,29;117,99;120,73
2025-05-29;105,93;106,05;112,60;123,40;135,78;144,53;153,69;166,15;176,24;188,84;197,63;105,93;113,79;119,20;131,06;143,38;152,57;162,57;176,79;188,65;199,32;207,56;105,93;107,00;112,98;122,95;134,64;143,02;150,99;161,87;171,10;181,30;189,16;105,93;97,12;99,48;102,12;104,76;107,40;110,06;112,74;115,40;118,09;120,80
2025-05-30;105,94;106,18;112,72;123,52;135,90;144,65;153,79;166,25;176,32;188,91;197,68;105,94;113,88;119,25;131,08;143,39;152,53;162,49;176,66;188,46;199,06;207,20;105,94;107,06;113,03;122,99;134,65;142,99;150,94;161,78;170,97;181,11;188,91;105,94;97,23;99,56;102,17;104,79;107,41;110,04;112,70;115,33;117,99;120,67
2025-05-31;105,94;106,17;112,72;123,52;135,90;144,64;153,79;166,25;176,32;188,91;197,68;105,94;113,88;119,25;131,08;143,39;152,53;162,49;176,65;188,46;199,06;207,20;105,94;107,06;113,03;122,99;134,65;142,99;150,94;161,78;170,97;181,11;188,90;105,94;97,23;99,56;102,17;104,79;107,41;110,04;112,70;115,33;117,98;120,67
2025-06-01;105,94;106,17;112,72;123,52;135,90;144,64;153,79;166,25;176,32;188,90;197,68;105,94;113,87;119,25;131,08;143,39;152,53;162,49;176,65;188,45;199,05;207,20;105,94;107,05;113,03;122,99;134,65;142,99;150,94;161,78;170,97;181,11;188,90;105,94;97,23;99,56;102,17;104,79;107,40;110,04;112,69;115,33;117,98;120,67
2025-06-02;105,95;106,04;112,56;123,33;135,67;144,38;153,49;165,90;175,93;188,47;197,19;105,95;113,74;119,07;130,84;143,10;152,17;162,06;176,14;187,86;198,37;206,44;105,95;106,91;112,86;122,78;134,39;142,67;150,56;161,35;170,47;180,52;188,24;105,95;97,06;99,35;101,93;104,53;107,11;109,72;112,34;114,94;117,56;120,21
2025-06-03;105,95;106,12;112,73;123,59;136,03;144,86;154,10;166,66;176,85;189,57;198,47;105,95;113,89;119,29;131,12;143,48;152,65;162,64;176,88;188,74;199,36;207,49;105,95;107,07;113,05;123,08;134,77;143,12;151,14;162,06;171,31;181,47;189,26;105,95;97,17;99,52;102,17;104,84;107,50;110,18;112,89;115,57;118,28;121,02
2025-06-04;105,96;106,35;112,93;123,76;136,19;144,98;154,17;166,69;176,82;189,48;198,31;105,96;114,01;119,45;131,30;143,65;152,83;162,84;177,09;188,95;199,63;207,81;105,96;107,21;113,21;123,24;134,95;143,31;151,32;162,25;171,51;181,71;189,59;105,96;97,43;99,79;102,43;105,09;107,73;110,40;113,09;115,76;118,46;121,18
2025-06-05;105,96;106,13;112,65;123,42;135,76;144,47;153,58;165,99;176,01;188,54;197,26;105,96;113,71;119,17;130,91;143,19;152,33;162,27;176,48;188,28;198,94;207,10;105,96;106,96;112,90;122,89;134,55;142,85;150,82;161,72;170,92;181,10;189,01;105,96;97,26;99,60;102,21;104,84;107,45;110,09;112,74;115,37;118,03;120,71
2025-06-06;105,98;106,01;112,68;123,62;136,17;145,10;154,45;167,15;177,48;190,37;199,44;105,98;113,72;119,28;131,17;143,63;152,97;163,13;177,63;189,70;200,61;209,02;105,98;106,95;113,00;123,13;134,96;143,43;151,62;162,75;172,19;182,60;190,69;105,98;97,14;99,60;102,34;105,11;107,87;110,66;113,48;116,28;119,11;121,98
2025-06-07;105,98;106,01;112,68;123,62;136,16;145,10;154,45;167,15;177,48;190,37;199,44;105,98;113,72;119,28;131,17;143,63;152,97;163,13;177,62;189,70;200,61;209,02;105,98;106,95;113,00;123,13;134,96;143,43;151,62;162,75;172,18;182,60;190,69;105,98;97,14;99,60;102,34;105,11;107,87;110,66;113,48;116,28;119,11;121,97
2025-06-08;105,98;106,01;112,68;123,62;136,16;145,09;154,45;167,15;177,48;190,37;199,44;105,98;113,72;119,28;131,16;143,63;152,96;163,12;177,62;189,70;200,61;209,02;105,98;106,95;113,00;123,13;134,96;143,42;151,61;162,75;172,18;182,60;190,69;105,98;97,14;99,60;102,34;105,11;107,87;110,66;113,48;116,28;119,11;121,97
2025-06-09;105,98;106,06;112,73;123,65;136,19;145,11;154,44;167,13;177,44;190,31;199,35;105,98;113,74;119,31;131,23;143,70;153,06;163,23;177,74;189,83;200,77;209,20;105,98;106,99;113,04;123,19;135,02;143,51;151,70;162,84;172,29;182,72;190,84;105,98;97,19;99,66;102,41;105,18;107,95;110,74;113,56;116,37;119,20;122,07
2025-06-10;105,99;106,27;112,95;123,91;136,48;145,42;154,79;167,51;177,85;190,76;199,84;105,99;113,99;119,57;131,51;144,00;153,39;163,58;178,13;190,25;201,20;209,64;105,99;107,23;113,28;123,46;135,31;143,82;152,04;163,21;172,68;183,13;191,25;105,99;97,37;99,87;102,63;105,43;108,21;111,03;113,87;116,70;119,56;122,45
2025-06-11;105,99;106,34;112,95;123,82;136,28;145,12;154,35;166,92;177,11;189,83;198,73;105,99;114,05;119,60;131,45;143,85;153,15;163,23;177,67;189,65;200,49;208,81;105,99;107,31;113,30;123,39;135,17;143,59;151,71;162,77;172,12;182,46;190,49;105,99;97,39;99,84;102,54;105,27;107,98;110,71;113,48;116,22;118,99;121,79
2025-06-12;105,99;106,55;113,09;123,89;136,27;145,01;154,14;166,58;176,62;189,18;197,92;105,99;114,28;119,74;131,51;143,81;152,98;162,94;177,19;189,00;199,63;207,73;105,99;107,51;113,44;123,44;135,12;143,43;151,42;162,31;171,51;181,67;189,49;105,99;97,65;100,01;102,62;105,25;107,87;110,50;113,16;115,80;118,46;121,14
2025-06-13;106,01;106,20;112,68;123,39;135,65;144,29;153,30;165,60;175,51;187,91;196,50;106,01;113,85;119,24;130,88;143,06;152,11;161,95;176,04;187,69;198,16;206,11;106,01;107,10;112,96;122,87;134,44;142,64;150,52;161,29;170,36;180,36;188,06;106,01;97,26;99,56;102,10;104,66;107,20;109,76;112,33;114,88;117,45;120,04
2025-06-14;106,01;106,20;112,68;123,38;135,65;144,28;153,30;165,60;175,51;187,91;196,50;106,01;113,84;119,24;130,88;143,06;152,11;161,95;176,04;187,68;198,16;206,10;106,01;107,10;112,96;122,87;134,44;142,64;150,52;161,29;170,36;180,36;188,05;106,01;97,26;99,55;102,10;104,66;107,20;109,76;112,33;114,88;117,45;120,04
2025-06-15;106,01;106,20;112,67;123,38;135,65;144,28;153,30;165,60;175,51;187,91;196,50;106,01;113,84;119,23;130,88;143,06;152,11;161,94;176,04;187,68;198,16;206,10;106,01;107,10;112,96;122,87;134,44;142,64;150,52;161,29;170,36;180,36;188,05;106,01;97,26;99,55;102,10;104,66;107,20;109,75;112,33;114,88;117,45;120,04
2025-06-16;106,02;106,17;112,70;123,47;135,82;144,53;153,64;166,06;176,08;188,62;197,34;106,02;113,87;119,30;131,02;143,28;152,41;162,33;176,54;188,30;198,88;206,96;106,02;107,13;113,03;123,01;134,65;142,92;150,89;161,76;170,92;181,02;188,81;106,02;97,26;99,60;102,20;104,82;107,42;110,05;112,69;115,31;117,95;120,62
2025-06-17;106,02;106,26;112,75;123,48;135,78;144,43;153,48;165,81;175,75;188,19;196,82;106,02;113,93;119,33;131,02;143,22;152,31;162,17;176,30;187,98;198,48;206,43;106,02;107,20;113,06;123,00;134,59;142,82;150,72;161,52;170,61;180,63;188,34;106,02;97,31;99,63;102,20;104,78;107,34;109,92;112,53;115,10;117,70;120,32
2025-06-18;106,03;106,36;112,86;123,60;135,91;144,57;153,63;165,97;175,93;188,38;197,01;106,03;114,05;119,43;131,19;143,40;152,52;162,39;176,52;188,22;198,73;206,72;106,03;107,31;113,18;123,13;134,73;143,01;150,91;161,70;170,80;180,83;188,53;106,03;97,45;99,76;102,33;104,92;107,48;110,07;112,67;115,25;117,85;120,47
2025-06-19;106,03;106,33;112,84;123,58;135,90;144,57;153,63;165,99;175,95;188,42;197,07;106,03;113,95;119,29;131,02;143,23;152,31;162,16;176,25;187,91;198,34;206,18;106,03;107,20;113,05;122,99;134,57;142,81;150,70;161,47;170,55;180,50;188,08;106,03;97,42;99,71;102,27;104,84;107,40;109,98;112,57;115,14;117,73;120,34
2025-06-20;106,05;106,31;112,75;123,43;135,66;144,24;153,20;165,44;175,28;187,60;196,11;106,05;113,95;119,29;130,92;143,04;152,06;161,82;175,85;187,40;197,76;205,52;106,05;107,22;113,01;122,88;134,40;142,55;150,38;161,07;170,05;179,94;187,46;106,05;97,42;99,67;102,18;104,71;107,21;109,73;112,27;114,78;117,30;119,85
2025-06-21;106,05;106,31;112,75;123,43;135,65;144,24;153,20;165,44;175,28;187,60;196,11;106,05;113,95;119,29;130,92;143,04;152,06;161,82;175,85;187,40;197,75;205,52;106,05;107,22;113,01;122,88;134,39;142,55;150,38;161,07;170,05;179,93;187,46;106,05;97,41;99,67;102,18;104,71;107,21;109,73;112,27;114,78;117,30;119,85
2025-06-22;106,04;106,31;112,75;123,42;135,65;144,24;153,20;165,44;175,28;187,60;196,11;106,04;113,95;119,29;130,92;143,04;152,06;161,82;175,84;187,40;197,75;205,52;106,04;107,22;113,01;122,88;134,39;142,55;150,37;161,06;170,05;179,93;187,46;106,04;97,41;99,67;102,18;104,71;107,21;109,73;112,27;114,77;117,30;119,85
2025-06-23;106,05;106,51;113,00;123,74;136,04;144,69;153,72;166,05;175,98;188,40;197,00;106,05;114,15;119,48;131,11;143,27;152,30;162,08;176,13;187,70;198,02;205,67;106,05;107,39;113,17;123,08;134,61;142,77;150,64;161,35;170,35;180,20;187,64;106,05;97,55;99,82;102,36;104,92;107,46;110,01;112,59;115,14;117,70;120,29
2025-06-24;106,05;106,74;113,28;124,09;136,47;145,20;154,32;166,76;176,79;189,34;198,06;106,05;114,30;119,75;131,44;143,69;152,83;162,73;176,95;188,67;199,19;207,01;106,05;107,57;113,41;123,41;135,04;143,29;151,26;162,12;171,27;181,29;188,94;106,05;97,79;100,14;102,76;105,40;108,02;110,66;113,33;115,97;118,64;121,32
2025-06-25;106,06;106,70;113,22;123,99;136,34;145,03;154,12;166,51;176,49;188,98;197,65;106,06;114,20;119,65;131,33;143,55;152,69;162,59;176,78;188,49;198,98;206,77;106,06;107,50;113,33;123,31;134,92;143,17;151,12;161,95;171,08;181,08;188,69;106,06;97,76;100,13;102,75;105,38;108,00;110,64;113,30;115,93;118,59;121,27
2025-06-26;106,06;106,84;113,37;124,16;136,52;145,22;154,31;166,72;176,71;189,22;197,89;106,06;114,33;119,77;131,52;143,77;152,94;162,85;177,06;188,80;199,32;207,15;106,06;107,62;113,47;123,46;135,10;143,39;151,35;162,19;171,34;181,37;189,00;106,06;97,93;100,30;102,91;105,54;108,15;110,78;113,43;116,06;118,71;121,38
2025-06-27;106,08;106,74;113,33;124,20;136,65;145,45;154,66;167,19;177,33;189,99;198,82;106,08;114,25;119,76;131,60;143,96;153,23;163,27;177,62;189,53;200,23;208,27;106,08;107,54;113,48;123,52;135,26;143,65;151,72;162,67;171,97;182,15;189,95;106,08;97,84;100,24;102,91;105,59;108,26;110,96;113,67;116,37;119,09;121,84
2025-06-28;106,08;106,74;113,33;124,20;136,65;145,45;154,65;167,19;177,32;189,99;198,82;106,08;114,25;119,76;131,60;143,96;153,23;163,27;177,62;189,52;200,23;208,27;106,08;107,54;113,48;123,52;135,26;143,65;151,72;162,67;171,97;182,15;189,95;106,08;97,84;100,24;102,91;105,59;108,26;110,95;113,67;116,37;119,09;121,84
2025-06-29;106,08;106,74;113,33;124,20;136,65;145,45;154,65;167,19;177,32;189,99;198,82;106,08;114,24;119,76;131,60;143,96;153,23;163,27;177,62;189,52;200,23;208,27;106,08;107,53;113,48;123,52;135,25;143,65;151,72;162,67;171,96;182,15;189,95;106,08;97,84;100,24;102,90;105,59;108,26;110,95;113,67;116,37;119,09;121,83
2025-06-30;106,08;106,95;113,56;124,46;136,94;145,78;155,01;167,58;177,75;190,46;199,33;106,08;114,45;119,94;131,82;144,20;153,47;163,52;177,85;189,76;200,43;208,40;106,08;107,72;113,68;123,73;135,48;143,89;151,96;162,90;172,20;182,35;190,10;106,08;98,01;100,40;103,07;105,77;108,44;111,14;113,87;116,58;119,31;122,06
2025-07-01;106,09;106,98;113,54;124,37;136,78;145,54;154,68;167,15;177,21;189,79;198,53;106,09;114,49;119,95;131,78;144,11;153,32;163,30;177,56;189,39;199,98;207,90;106,09;107,78;113,68;123,70;135,40;143,75;151,76;162,64;171,87;181,94;189,62;106,09;98,04;100,41;103,04;105,69;108,33;110,98;113,66;116,31;119,00;121,70
2025-07-02;106,09;106,82;113,43;124,33;136,82;145,67;154,91;167,50;177,69;190,42;199,30;106,09;114,30;119,81;131,69;144,09;153,38;163,43;177,82;189,75;200,45;208,44;106,09;107,60;113,54;123,64;135,40;143,81;151,92;162,92;172,25;182,42;190,20;106,09;97,94;100,36;103,05;105,76;108,45;111,16;113,91;116,63;119,38;122,16
2025-07-03;106,10;106,81;113,52;124,52;137,14;146,12;155,52;168,29;178,67;191,62;200,72;106,10;114,38;119,96;131,90;144,41;153,81;163,99;178,56;190,66;201,51;209,64;106,10;107,68;113,67;123,85;135,71;144,21;152,46;163,60;173,06;183,38;191,27;106,10;97,94;100,44;103,21;106,01;108,80;111,61;114,46;117,29;120,16;123,05
2025-07-04;106,11;106,82;113,50;124,47;137,04;145,98;155,32;168,03;178,35;191,22;200,25;106,11;114,38;119,91;131,83;144,30;153,65;163,77;178,25;190,27;201,03;209,08;106,11;107,67;113,64;123,78;135,59;144,04;152,23;163,31;172,70;182,93;190,73;106,11;97,90;100,37;103,11;105,89;108,64;111,43;114,25;117,04;119,87;122,72
2025-07-05;106,11;106,82;113,49;124,46;137,04;145,97;155,32;168,03;178,34;191,22;200,25;106,11;114,38;119,91;131,83;144,30;153,64;163,76;178,25;190,27;201,03;209,08;106,11;107,67;113,64;123,77;135,58;144,04;152,23;163,30;172,70;182,93;190,72;106,11;97,90;100,37;103,11;105,88;108,64;111,42;114,24;117,04;119,87;122,72
2025-07-06;106,11;106,81;113,49;124,46;137,04;145,97;155,32;168,03;178,34;191,22;200,25;106,11;114,38;119,91;131,83;144,29;153,64;163,76;178,25;190,27;201,03;209,08;106,11;107,67;113,63;123,77;135,58;144,04;152,23;163,30;172,70;182,93;190,72;106,11;97,90;100,37;103,11;105,88;108,64;111,42;114,24;117,03;119,87;122,72
2025-07-07;106,11;106,58;113,23;124,16;136,70;145,60;154,91;167,57;177,84;190,66;199,65;106,11;114,14;119,68;131,52;143,94;153,24;163,33;177,78;189,75;200,49;208,53;106,11;107,44;113,39;123,50;135,27;143,67;151,84;162,89;172,25;182,46;190,27;106,11;97,67;100,12;102,84;105,59;108,33;111,09;113,89;116,65;119,46;122,29
2025-07-08;106,12;106,43;113,12;124,09;136,67;145,63;155,00;167,73;178,08;191,00;200,08;106,12;114,01;119,63;131,50;143,99;153,38;163,55;178,14;190,23;201,12;209,29;106,12;107,32;113,31;123,48;135,32;143,79;152,05;163,22;172,68;183,03;190,99;106,12;97,53;100,03;102,80;105,59;108,38;111,19;114,04;116,86;119,73;122,61
2025-07-09;106,12;106,68;113,41;124,44;137,08;146,09;155,53;168,34;178,77;191,77;200,93;106,12;114,31;119,94;131,87;144,43;153,84;164,05;178,68;190,83;201,75;209,92;106,12;107,59;113,62;123,82;135,70;144,20;152,51;163,70;173,22;183,59;191,55;106,12;97,77;100,27;103,06;105,88;108,69;111,53;114,40;117,25;120,15;123,06
2025-07-10;106,12;106,68;113,46;124,56;137,28;146,38;155,92;168,85;179,39;192,54;201,84;106,12;114,24;119,95;131,95;144,59;154,11;164,43;179,20;191,50;202,57;210,87;106,12;107,54;113,62;123,91;135,88;144,47;152,89;164,22;173,87;184,39;192,49;106,12;97,78;100,33;103,17;106,05;108,91;111,81;114,75;117,66;120,62;123,61
2025-07-11;106,14;106,36;113,10;124,13;136,78;145,81;155,27;168,10;178,56;191,61;200,81;106,14;113,85;119,50;131,41;143,96;153,40;163,64;178,30;190,48;201,43;209,63;106,14;107,17;113,19;123,43;135,32;143,83;152,17;163,42;172,97;183,38;191,39;106,14;97,42;99,95;102,76;105,60;108,43;111,29;114,19;117,06;119,98;122,92
2025-07-12;106,14;106,36;113,10;124,12;136,77;145,81;155,27;168,10;178,56;191,60;200,81;106,14;113,85;119,50;131,41;143,95;153,40;163,64;178,30;190,48;201,43;209,63;106,14;107,17;113,19;123,43;135,31;143,83;152,17;163,42;172,97;183,38;191,39;106,14;97,42;99,95;102,76;105,60;108,43;111,29;114,18;117,06;119,98;122,92
2025-07-13;106,14;106,36;113,09;124,12;136,77;145,80;155,26;168,10;178,56;191,60;200,81;106,14;113,85;119,49;131,41;143,95;153,40;163,63;178,29;190,47;201,42;209,63;106,14;107,17;113,19;123,42;135,31;143,83;152,17;163,42;172,97;183,38;191,39;106,14;97,42;99,95;102,76;105,60;108,43;111,28;114,18;117,06;119,98;122,92
2025-07-14;106,15;106,31;113,08;124,13;136,82;145,88;155,39;168,27;178,78;191,89;201,15;106,15;113,84;119,49;131,43;144,00;153,47;163,73;178,42;190,64;201,61;209,83;106,15;107,15;113,18;123,43;135,34;143,88;152,24;163,52;173,10;183,53;191,55;106,15;97,41;99,96;102,79;105,65;108,50;111,38;114,31;117,21;120,16;123,13
2025-07-15;106,15;106,19;112,97;124,03;136,73;145,82;155,34;168,26;178,80;191,93;201,24;106,15;113,82;119,51;131,42;143,98;153,49;163,78;178,53;190,76;201,78;210,06;106,15;107,16;113,19;123,44;135,36;143,91;152,30;163,61;173,20;183,67;191,74;106,15;97,29;99,90;102,76;105,66;108,55;111,47;114,44;117,39;120,38;123,40
2025-07-16;106,16;106,35;113,15;124,25;136,99;146,12;155,69;168,65;179,25;192,45;201,81;106,16;113,94;119,63;131,59;144,18;153,72;164,04;178,82;191,09;202,10;210,34;106,16;107,27;113,30;123,57;135,51;144,09;152,50;163,83;173,45;183,92;191,95;106,16;97,44;100,07;102,95;105,87;108,78;111,72;114,71;117,68;120,70;123,75
2025-07-17;106,16;106,42;113,30;124,50;137,34;146,58;156,28;169,39;180,14;193,53;203,06;106,16;114,05;119,80;131,87;144,58;154,24;164,68;179,63;192,07;203,27;211,70;106,16;107,36;113,47;123,84;135,89;144,58;153,11;164,59;174,35;185,00;193,19;106,16;97,52;100,21;103,15;106,14;109,12;112,14;115,20;118,26;121,36;124,49
2025-07-18;106,18;106,44;113,27;124,41;137,19;146,37;155,98;169,01;179,66;192,93;202,36;106,18;114,00;119,75;131,74;144,39;153,98;164,35;179,22;191,57;202,69;211,03;106,18;107,34;113,40;123,76;135,76;144,38;152,86;164,28;173,98;184,55;192,72;106,18;97,55;100,20;103,11;106,05;108,99;111,96;114,97;117,97;121,02;124,10
2025-07-19;106,18;106,44;113,27;124,41;137,19;146,37;155,98;169,01;179,66;192,93;202,36;106,18;114,00;119,75;131,74;144,39;153,98;164,35;179,22;191,57;202,69;211,03;106,18;107,34;113,40;123,76;135,75;144,38;152,85;164,28;173,98;184,55;192,72;106,18;97,54;100,20;103,11;106,05;108,99;111,96;114,97;117,97;121,02;124,10
2025-07-20;106,17;106,43;113,27;124,41;137,19;146,36;155,98;169,01;179,66;192,93;202,35;106,17;114,00;119,75;131,74;144,38;153,98;164,35;179,21;191,57;202,69;211,03;106,17;107,34;113,40;123,76;135,75;144,38;152,85;164,28;173,97;184,55;192,72;106,17;97,54;100,20;103,11;106,05;108,98;111,95;114,97;117,97;121,02;124,09
2025-07-21;106,18;106,74;113,53;124,63;137,36;146,46;156,00;168,94;179,49;192,64;201,94;106,18;114,44;120,14;132,10;144,69;154,22;164,53;179,30;191,56;202,58;210,85;106,18;107,75;113,78;124,07;136,02;144,59;152,98;164,30;173,90;184,38;192,43;106,18;97,79;100,41;103,27;106,16;109,05;111,97;114,94;117,88;120,87;123,88
2025-07-22;106,18;106,87;113,64;124,72;137,42;146,49;155,98;168,87;179,36;192,46;201,69;106,18;114,57;120,22;132,18;144,75;154,23;164,47;179,18;191,37;202,30;210,47;106,18;107,87;113,87;124,14;136,06;144,59;152,94;164,21;173,74;184,15;192,12;106,18;97,94;100,52;103,35;106,21;109,06;111,94;114,86;117,76;120,70;123,66
2025-07-23;106,18;106,78;113,65;124,85;137,70;146,93;156,61;169,71;180,43;193,79;203,28;106,18;114,55;120,31;132,53;145,30;155,01;165,50;180,48;192,99;204,29;212,91;106,18;107,86;114,03;124,43;136,54;145,33;153,85;165,35;175,17;185,90;194,22;106,18;97,80;100,48;103,42;106,40;109,37;112,38;115,43;118,47;121,56;124,68
2025-07-24;106,19;106,58;113,45;124,65;137,50;146,73;156,41;169,52;180,26;193,62;203,14;106,19;114,20;119,99;132,23;145,01;154,74;165,28;180,25;192,81;204,17;212,87;106,19;107,54;113,76;124,15;136,28;145,11;153,64;165,14;175,01;185,78;194,17;106,19;97,70;100,38;103,31;106,29;109,26;112,27;115,32;118,36;121,45;124,56
2025-07-25;106,21;106,68;113,59;124,84;137,74;147,04;156,79;169,97;180,79;194,25;203,86;106,21;114,23;120,03;132,26;145,07;154,82;165,38;180,39;192,97;204,31;212,91;106,21;107,57;113,78;124,19;136,33;145,16;153,74;165,27;175,16;185,92;194,23;106,21;97,80;100,49;103,45;106,45;109,44;112,47;115,56;118,62;121,74;124,89
2025-07-26;106,21;106,68;113,59;124,84;137,74;147,03;156,78;169,97;180,79;194,25;203,86;106,21;114,23;120,03;132,26;145,07;154,82;165,38;180,39;192,97;204,31;212,90;106,21;107,57;113,78;124,19;136,33;145,16;153,74;165,27;175,16;185,91;194,23;106,21;97,80;100,49;103,44;106,45;109,44;112,47;115,56;118,62;121,74;124,89
2025-07-27;106,21;106,68;113,59;124,83;137,74;147,03;156,78;169,97;180,79;194,25;203,85;106,21;114,23;120,03;132,25;145,07;154,82;165,37;180,38;192,96;204,31;212,90;106,21;107,56;113,77;124,19;136,33;145,15;153,74;165,27;175,16;185,91;194,23;106,21;97,80;100,49;103,44;106,44;109,44;112,47;115,55;118,62;121,74;124,89
2025-07-28;106,21;106,77;113,74;125,07;138,07;147,45;157,31;170,63;181,58;195,20;204,95;106,21;114,42;120,26;132,52;145,40;155,21;165,84;180,95;193,62;205,01;213,64;106,21;107,76;113,99;124,47;136,67;145,55;154,21;165,84;175,80;186,61;194,96;106,21;97,86;100,60;103,62;106,68;109,74;112,85;116,00;119,14;122,34;125,58
2025-07-29;106,22;107,07;114,10;125,50;138,59;148,06;158,00;171,44;182,49;196,25;206,12;106,22;114,65;120,54;132,86;145,81;155,71;166,42;181,65;194,41;205,91;214,57;106,22;107,98;114,24;124,80;137,07;146,02;154,76;166,49;176,54;187,44;195,87;106,22;98,16;100,94;103,99;107,10;110,19;113,33;116,53;119,71;122,96;126,24
2025-07-30;106,22;106,95;114,00;125,43;138,55;148,07;158,06;171,55;182,67;196,49;206,44;106,22;114,47;120,39;132,74;145,73;155,68;166,45;181,74;194,58;206,16;214,91;106,22;107,82;114,11;124,69;137,00;146,00;154,79;166,57;176,68;187,65;196,15;106,22;98,04;100,85;103,94;107,07;110,21;113,38;116,62;119,85;123,14;126,46
2025-07-31;106,23;106,98;114,02;125,42;138,52;148,00;157,95;171,40;182,47;196,23;206,12;106,23;114,57;120,44;132,76;145,70;155,59;166,29;181,49;194,24;205,69;214,29;106,23;107,92;114,18;124,71;136,96;145,91;154,63;166,32;176,36;187,21;195,56;106,23;98,09;100,87;103,92;107,03;110,14;113,29;116,49;119,69;122,94;126,23
2025-08-01;106,24;107,16;113,94;125,03;137,76;146,83;156,34;169,24;179,74;192,83;202,06;106,24;114,60;120,22;132,34;144,94;154,47;164,76;179,40;191,61;202,52;210,61;106,24;107,94;114,01;124,26;136,20;144,85;153,15;164,35;173,93;184,29;192,16;106,24;98,27;100,82;103,63;106,46;109,28;112,13;115,02;117,88;120,78;123,71
2025-08-02;106,24;107,16;113,94;125,03;137,76;146,83;156,34;169,23;179,73;192,83;202,06;106,24;114,60;120,21;132,34;144,94;154,47;164,76;179,39;191,61;202,52;210,61;106,24;107,94;114,00;124,26;136,20;144,85;153,15;164,35;173,93;184,29;192,16;106,24;98,27;100,82;103,62;106,46;109,28;112,13;115,02;117,88;120,78;123,70
2025-08-03;106,24;107,16;113,94;125,03;137,76;146,83;156,33;169,23;179,73;192,83;202,05;106,24;114,60;120,21;132,34;144,94;154,47;164,76;179,39;191,61;202,51;210,61;106,24;107,94;114,00;124,26;136,20;144,85;153,15;164,35;173,93;184,28;192,15;106,24;98,27;100,82;103,62;106,46;109,28;112,13;115,02;117,88;120,78;123,70
2025-08-04;106,24;107,45;114,34;125,59;138,49;147,74;157,44;170,58;181,32;194,70;204,19;106,24;114,95;120,67;132,88;145,63;155,31;165,77;180,65;193,07;204,18;212,41;106,24;108,26;114,40;124,78;136,86;145,63;154,10;165,51;175,27;185,81;193,83;106,24;98,52;101,16;104,07;107,02;109,96;112,93;115,95;118,95;121,99;125,06
2025-08-05;106,25;107,48;114,34;125,55;138,42;147,62;157,27;170,35;181,03;194,33;203,76;106,25;114,97;120,69;132,91;145,65;155,32;165,76;180,63;193,05;204,18;212,48;106,25;108,30;114,43;124,82;136,89;145,65;154,11;165,51;175,26;185,82;193,90;106,25;98,50;101,14;104,04;106,98;109,90;112,86;115,86;118,84;121,87;124,92
2025-08-06;106,25;107,43;114,33;125,57;138,46;147,71;157,41;170,54;181,27;194,64;204,13;106,25;114,89;120,61;132,84;145,59;155,26;165,72;180,58;193,01;204,13;212,43;106,25;108,22;114,37;124,77;136,85;145,63;154,09;165,50;175,26;185,81;193,89;106,25;98,49;101,12;104,03;106,98;109,92;112,89;115,91;118,91;121,95;125,02
2025-08-07;106,25;107,43;114,34;125,60;138,52;147,80;157,53;170,70;181,47;194,89;204,42;106,25;114,93;120,73;132,98;145,77;155,52;166,04;181,02;193,54;204,81;213,29;106,25;108,28;114,47;124,89;137,03;145,86;154,39;165,88;175,72;186,40;194,64;106,25;98,49;101,18;104,13;107,12;110,10;113,11;116,18;119,22;122,31;125,44
2025-08-08;106,27;107,28;114,24;125,56;138,55;147,90;157,72;170,99;181,87;195,42;205,09;106,27;114,73;120,55;132,89;145,77;155,58;166,22;181,27;193,91;205,29;213,90;106,27;108,08;114,35;124,80;137,01;145,93;154,53;166,09;176,05;186,82;195,14;106,27;98,30;101,01;104,00;107,04;110,07;113,14;116,26;119,36;122,52;125,70
2025-08-09;106,27;107,28;114,24;125,56;138,55;147,90;157,71;170,99;181,87;195,42;205,08;106,27;114,73;120,55;132,88;145,77;155,58;166,22;181,27;193,91;205,29;213,90;106,27;108,07;114,35;124,80;137,01;145,93;154,53;166,09;176,04;186,82;195,14;106,27;98,29;101,01;104,00;107,04;110,07;113,14;116,26;119,36;122,52;125,70
2025-08-10;106,27;107,28;114,24;125,56;138,55;147,90;157,71;170,99;181,87;195,42;205,08;106,27;114,73;120,55;132,88;145,77;155,58;166,22;181,26;193,91;205,29;213,89;106,27;108,07;114,35;124,80;137,01;145,93;154,53;166,09;176,04;186,82;195,14;106,27;98,29;101,01;104,00;107,04;110,07;113,13;116,26;119,36;122,51;125,70
2025-08-11;106,28;107,33;114,31;125,66;138,68;148,07;157,92;171,24;182,17;195,77;205,49;106,28;114,74;120,58;132,96;145,87;155,73;166,40;181,50;194,19;205,62;214,25;106,28;108,11;114,39;124,88;137,12;146,08;154,71;166,32;176,32;187,13;195,49;106,28;98,37;101,11;104,13;107,20;110,25;113,35;116,50;119,64;122,83;126,05
2025-08-12;106,28;107,26;114,31;125,72;138,83;148,32;158,28;171,72;182,79;196,55;206,43;106,28;114,61;120,48;132,98;146,00;155,96;166,74;181,95;194,80;206,35;215,11;106,28;107,98;114,33;124,90;137,23;146,30;155,04;166,76;176,90;187,83;196,30;106,28;98,35;101,12;104,19;107,31;110,42;113,58;116,80;119,99;123,25;126,55
2025-08-13;106,28;107,57;114,60;126,01;139,11;148,57;158,50;171,92;182,95;196,66;206,48;106,28;115,02;120,93;133,50;146,56;156,56;167,36;182,63;195,53;207,18;216,06;106,28;108,39;114,76;125,35;137,72;146,84;155,59;167,33;177,50;188,52;197,07;106,28;98,59;101,39;104,46;107,59;110,70;113,86;117,08;120,29;123,55;126,85
2025-08-14;106,28;107,41;114,49;125,96;139,14;148,69;158,71;172,25;183,40;197,26;207,23;106,28;114,85;120,82;133,41;146,54;156,61;167,52;182,90;195,92;207,69;216,70;106,28;108,22;114,66;125,30;137,73;146,91;155,75;167,60;177,88;189,01;197,68;106,28;98,47;101,30;104,42;107,60;110,77;113,99;117,27;120,53;123,87;127,23
2025-08-15;106,31;107,15;114,20;125,62;138,73;148,23;158,20;171,66;182,74;196,52;206,42;106,31;114,49;120,44;133,01;146,10;156,13;167,00;182,31;195,28;207,03;216,06;106,31;107,89;114,33;124,92;137,32;146,48;155,27;167,07;177,31;188,41;197,10;106,31;98,22;101,04;104,14;107,29;110,44;113,64;116,90;120,14;123,44;126,78
2025-08-16;106,30;107,15;114,20;125,62;138,73;148,22;158,19;171,66;182,74;196,52;206,42;106,30;114,49;120,44;133,01;146,10;156,13;167,00;182,31;195,28;207,02;216,06;106,30;107,89;114,33;124,92;137,31;146,47;155,27;167,07;177,31;188,41;197,09;106,30;98,22;101,04;104,14;107,29;110,44;113,64;116,90;120,14;123,44;126,78
2025-08-17;106,30;107,14;114,19;125,61;138,73;148,22;158,19;171,65;182,74;196,52;206,41;106,30;114,49;120,44;133,01;146,10;156,13;167,00;182,30;195,28;207,02;216,05;106,30;107,89;114,33;124,92;137,31;146,47;155,27;167,06;177,31;188,41;197,09;106,30;98,21;101,04;104,14;107,29;110,44;113,64;116,89;120,13;123,44;126,78
2025-08-18;106,31;107,12;114,21;125,67;138,84;148,39;158,42;171,96;183,12;197,00;206,99;106,31;114,51;120,49;133,11;146,25;156,34;167,27;182,66;195,72;207,54;216,65;106,31;107,91;114,37;125,00;137,45;146,66;155,52;167,38;177,69;188,86;197,61;106,31;98,20;101,07;104,21;107,41;110,61;113,85;117,17;120,46;123,83;127,23
2025-08-19;106,31;107,17;114,21;125,61;138,71;148,17;158,12;171,55;182,60;196,34;206,19;106,31;114,64;120,60;133,18;146,28;156,31;167,17;182,49;195,48;207,26;216,35;106,31;108,02;114,47;125,05;137,45;146,61;155,41;167,20;177,45;188,58;197,30;106,31;98,25;101,07;104,15;107,29;110,41;113,59;116,82;120,04;123,32;126,63
2025-08-20;106,32;107,25;114,27;125,66;138,75;148,20;158,12;171,53;182,55;196,26;206,09;106,32;114,76;120,68;133,23;146,31;156,29;167,11;182,38;195,31;207,02;216,07;106,32;108,10;114,54;125,11;137,49;146,60;155,36;167,12;177,32;188,40;197,09;106,32;98,29;101,07;104,12;107,23;110,32;113,46;116,66;119,83;123,07;126,34
2025-08-21;106,32;107,04;114,08;125,47;138,56;148,03;157,97;171,40;182,45;196,19;206,05;106,32;114,48;120,44;132,97;146,05;156,05;166,89;182,21;195,17;206,93;216,00;106,32;107,85;114,28;124,89;137,28;146,40;155,20;167,02;177,26;188,38;197,14;106,32;98,10;100,91;103,98;107,10;110,22;113,38;116,61;119,81;123,08;126,38
2025-08-22;106,34;107,38;114,47;125,94;139,11;148,66;158,69;172,22;183,37;197,24;207,21;106,34;114,86;120,84;133,49;146,67;156,74;167,66;183,07;196,14;207,99;217,12;106,34;108,20;114,67;125,35;137,82;147,02;155,89;167,78;178,12;189,32;198,12;106,34;98,43;101,25;104,36;107,52;110,68;113,89;117,16;120,41;123,73;127,08
2025-08-23;106,34;107,38;114,47;125,94;139,11;148,66;158,68;172,22;183,37;197,24;207,20;106,34;114,86;120,84;133,49;146,66;156,74;167,66;183,06;196,14;207,99;217,12;106,34;108,20;114,67;125,35;137,82;147,01;155,89;167,78;178,11;189,32;198,11;106,34;98,43;101,25;104,36;107,52;110,68;113,89;117,15;120,41;123,72;127,07
2025-08-24;106,33;107,38;114,46;125,94;139,11;148,66;158,68;172,22;183,37;197,23;207,20;106,33;114,86;120,83;133,49;146,66;156,74;167,65;183,06;196,13;207,98;217,11;106,33;108,20;114,67;125,35;137,82;147,01;155,89;167,78;178,11;189,32;198,11;106,33;98,43;101,25;104,35;107,52;110,68;113,88;117,15;120,40;123,72;127,07
2025-08-25;106,34;107,24;114,31;125,75;138,89;148,41;158,41;171,90;183,02;196,84;206,77;106,34;114,61;120,64;133,28;146,43;156,55;167,48;182,93;196,02;207,93;217,11;106,34;108,02;114,48;125,15;137,62;146,83;155,72;167,63;177,99;189,24;198,10;106,34;98,31;101,18;104,30;107,48;110,66;113,88;117,17;120,43;123,77;127,14
2025-08-26;106,34;107,36;114,47;125,96;139,16;148,74;158,81;172,38;183,58;197,50;207,52;106,34;114,74;120,74;133,38;146,55;156,67;167,60;183,05;196,14;207,98;217,02;106,34;108,11;114,55;125,25;137,72;146,93;155,84;167,76;178,10;189,30;198,05;106,34;98,38;101,26;104,40;107,61;110,81;114,05;117,37;120,67;124,03;127,44
2025-08-27;106,35;107,48;114,65;126,23;139,53;149,21;159,38;173,09;184,43;198,50;208,68;106,35;114,87;120,90;133,62;146,88;157,08;168,10;183,67;196,88;208,81;217,92;106,35;108,22;114,70;125,48;138,02;147,30;156,30;168,32;178,77;190,06;198,87;106,35;98,48;101,40;104,60;107,86;111,12;114,43;117,82;121,19;124,63;128,11
2025-08-28;106,35;107,55;114,69;126,24;139,50;149,14;159,27;172,92;184,20;198,21;208,31;106,35;114,92;120,88;133,59;146,81;156,94;167,89;183,34;196,46;208,29;217,30;106,35;108,26;114,72;125,47;137,97;147,21;156,13;168,07;178,45;189,64;198,36;106,35;98,52;101,38;104,54;107,76;110,98;114,25;117,58;120,90;124,29;127,72
2025-08-29;106,37;107,38;114,44;125,88;139,01;148,51;158,49;171,97;183,06;196,85;206,75;106,37;114,70;120,59;133,19;146,28;156,29;167,10;182,38;195,31;206,97;215,83;106,37;108,06;114,44;125,10;137,49;146,61;155,41;167,21;177,43;188,46;197,06;106,37;98,39;101,18;104,26;107,40;110,53;113,71;116,95;120,16;123,45;126,76
2025-08-30;106,37;107,38;114,44;125,87;139,01;148,51;158,49;171,97;183,06;196,85;206,75;106,37;114,70;120,59;133,19;146,28;156,29;167,10;182,38;195,31;206,97;215,83;106,37;108,06;114,44;125,10;137,49;146,61;155,41;167,21;177,43;188,46;197,06;106,37;98,38;101,18;104,26;107,40;110,53;113,71;116,95;120,16;123,45;126,76
2025-08-31;106,37;107,38;114,43;125,87;139,01;148,51;158,49;171,97;183,06;196,85;206,75;106,37;114,69;120,59;133,19;146,28;156,29;167,09;182,37;195,31;206,96;215,83;106,37;108,05;114,44;125,10;137,49;146,61;155,41;167,21;177,43;188,46;197,05;106,37;98,38;101,18;104,26;107,40;110,53;113,71;116,94;120,16;123,45;126,76
2025-09-01;106,37;107,32;114,37;125,80;138,93;148,42;158,40;171,86;182,94;196,73;206,62;106,37;114,61;120,54;133,11;146,19;156,21;167,02;182,33;195,28;206,96;215,83;106,37;107,99;114,37;125,03;137,41;146,53;155,34;167,16;177,39;188,45;197,07;106,37;98,30;101,12;104,21;107,35;110,49;113,67;116,92;120,15;123,44;126,76
2025-09-02;106,38;107,06;114,08;125,46;138,53;147,98;157,90;171,29;182,31;196,02;205,84;106,38;114,27;120,16;132,71;145,73;155,72;166,48;181,71;194,58;206,19;214,97;106,38;107,69;114,03;124,64;136,96;146,06;154,81;166,56;176,73;187,70;196,24;106,38;98,07;100,88;103,95;107,07;110,18;113,34;116,56;119,76;123,03;126,32
2025-09-03;106,38;107,32;114,37;125,79;138,92;148,41;158,38;171,84;182,91;196,69;206,57;106,38;114,61;120,54;133,06;146,11;156,11;166,90;182,19;195,09;206,72;215,47;106,38;108,01;114,35;124,96;137,31;146,39;155,19;166,96;177,15;188,14;196,65;106,38;98,29;101,12;104,22;107,37;110,52;113,72;116,97;120,21;123,52;126,85
2025-09-04;106,38;107,65;114,80;126,35;139,62;149,26;159,39;173,05;184,33;198,34;208,45;106,38;114,95;120,92;133,58;146,78;156,90;167,83;183,28;196,37;208,14;217,01;106,38;108,31;114,74;125,46;137,94;147,15;156,08;167,99;178,35;189,48;198,10;106,38;98,68;101,54;104,71;107,93;111,15;114,43;117,76;121,09;124,48;127,91
2025-09-05;106,40;107,94;114,98;126,42;139,55;149,03;158,97;172,41;183,45;197,19;207,01;106,40;115,26;121,18;133,82;146,92;156,94;167,74;183,04;195,97;207,63;216,44;106,40;108,63;115,01;125,66;138,07;147,20;155,98;167,76;177,98;189,00;197,55;106,40;98,94;101,75;104,84;107,98;111,11;114,29;117,53;120,75;124,03;127,34
2025-09-06;106,40;107,94;114,98;126,42;139,55;149,02;158,97;172,41;183,45;197,18;207,01;106,40;115,26;121,18;133,82;146,92;156,94;167,74;183,04;195,97;207,63;216,44;106,40;108,63;115,00;125,66;138,06;147,19;155,98;167,76;177,97;188,99;197,55;106,40;98,94;101,75;104,83;107,98;111,11;114,29;117,53;120,75;124,03;127,34
2025-09-07;106,40;107,94;114,98;126,42;139,55;149,02;158,97;172,41;183,45;197,18;207,00;106,40;115,25;121,17;133,82;146,91;156,94;167,74;183,04;195,97;207,63;216,43;106,40;108,63;115,00;125,66;138,06;147,19;155,98;167,75;177,97;188,99;197,55;106,40;98,94;101,75;104,83;107,98;111,11;114,29;117,53;120,74;124,03;127,34
2025-09-08;106,40;108,22;115,28;126,74;139,90;149,40;159,37;172,84;183,90;197,67;207,51;106,40;115,54;121,49;134,18;147,31;157,38;168,21;183,56;196,54;208,25;217,12;106,40;108,90;115,30;125,98;138,42;147,59;156,40;168,21;178,46;189,54;198,15;106,40;99,23;102,05;105,14;108,30;111,44;114,62;117,87;121,10;124,40;127,72
2025-09-09;106,41;108,12;115,22;126,73;139,95;149,51;159,55;173,10;184,26;198,13;208,09;106,41;115,43;121,45;134,14;147,32;157,46;168,38;183,82;196,89;208,72;217,69;106,41;108,82;115,25;125,95;138,44;147,66;156,54;168,43;178,76;189,93;198,63;106,41;99,10;101,98;105,13;108,34;111,55;114,80;118,12;121,42;124,80;128,20
2025-09-10;106,41;108,26;115,39;126,93;140,19;149,79;159,88;173,49;184,70;198,63;208,64;106,41;115,57;121,63;134,37;147,58;157,78;168,75;184,27;197,41;209,31;218,34;106,41;108,98;115,43;126,18;138,72;147,99;156,92;168,87;179,26;190,50;199,27;106,41;99,24;102,15;105,31;108,54;111,76;115,03;118,37;121,69;125,09;128,51
2025-09-11;106,42;108,44;115,66;127,31;140,70;150,43;160,66;174,45;185,84;199,98;210,08;106,42;115,72;121,84;134,69;148,03;158,35;169,45;185,13;198,44;210,49;219,64;106,42;109,12;115,65;126,49;139,14;148,52;157,57;169,65;180,20;191,57;200,45;106,42;99,42;102,39;105,62;108,93;112,23;115,58;119,01;122,42;125,91;129,43
2025-09-12;106,43;108,29;115,50;127,16;140,54;150,28;160,51;174,30;185,70;199,86;210,23;106,43;115,50;121,68;134,52;147,87;158,21;169,34;185,07;198,42;210,55;219,78;106,43;108,95;115,50;126,34;139,01;148,41;157,49;169,62;180,20;191,62;200,55;106,43;99,32;102,32;105,56;108,89;112,21;115,59;119,04;122,48;125,99;129,54
2025-09-13;106,43;108,29;115,50;127,15;140,54;150,28;160,51;174,30;185,70;199,86;210,23;106,43;115,50;121,68;134,52;147,87;158,21;169,34;185,07;198,42;210,55;219,77;106,43;108,95;115,50;126,34;139,00;148,41;157,49;169,62;180,20;191,62;200,55;106,43;99,32;102,32;105,56;108,89;112,21;115,59;119,04;122,47;125,99;129,54
2025-09-14;106,43;108,28;115,50;127,15;140,54;150,27;160,51;174,30;185,70;199,86;210,23;106,43;115,50;121,67;134,52;147,87;158,21;169,34;185,07;198,42;210,55;219,77;106,43;108,95;115,49;126,34;139,00;148,41;157,49;169,61;180,20;191,62;200,55;106,43;99,32;102,32;105,56;108,89;112,21;115,59;119,04;122,47;125,99;129,54
2025-09-15;106,43;108,44;115,68;127,36;140,78;150,55;160,81;174,65;186,09;200,30;210,66;106,43;115,69;121,89;134,75;148,15;158,52;169,69;185,47;198,88;210,98;220,24;106,43;109,12;115,69;126,55;139,24;148,68;157,79;169,95;180,58;192,03;201,01;106,43;99,44;102,45;105,71;109,05;112,38;115,78;119,24;122,70;126,23;129,80
2025-09-16;106,43;108,36;115,49;127,04;140,30;149,90;159,98;173,59;184,80;198,73;209,02;106,43;115,60;121,69;134,44;147,67;157,88;168,86;184,41;197,56;209,42;218,74;106,43;109,06;115,54;126,26;138,82;148,09;157,04;168,99;179,40;190,62;199,36;106,43;99,39;102,33;105,49;108,74;111,98;115,27;118,62;121,96;125,38;128,82
2025-09-17;106,44;108,32;115,44;126,97;140,22;149,80;159,87;173,46;184,64;198,55;208,96;106,44;115,59;121,71;134,44;147,68;157,89;168,88;184,43;197,62;209,50;218,82;106,44;109,06;115,54;126,25;138,81;148,09;157,04;168,99;179,41;190,64;199,38;106,44;99,28;102,25;105,40;108,65;111,90;115,19;118,55;121,90;125,31;128,76
2025-09-18;106,45;108,23;115,48;127,17;140,60;150,39;160,68;174,54;186,01;200,25;210,92;106,45;115,45;121,69;134,57;147,99;158,40;169,61;185,43;198,92;211,11;220,73;106,45;108,92;115,49;126,33;139,05;148,51;157,66;169,83;180,49;192,00;201,02;106,45;99,26;102,34;105,63;109,02;112,40;115,85;119,37;122,88;126,47;130,11
2025-09-19;106,46;108,22;115,53;127,29;140,82;150,70;161,10;175,10;186,71;201,12;211,77;106,46;115,39;121,65;134,54;148,01;158,45;169,72;185,59;199,14;211,40;221,10;106,46;108,84;115,44;126,30;139,05;148,55;157,75;169,98;180,69;192,28;201,36;106,46;99,24;102,35;105,69;109,13;112,57;116,08;119,66;123,24;126,90;130,61
2025-09-20;106,46;108,22;115,53;127,29;140,82;150,70;161,10;175,10;186,71;201,11;211,77;106,46;115,38;121,65;134,54;148,01;158,45;169,72;185,59;199,14;211,40;221,09;106,46;108,84;115,44;126,30;139,05;148,55;157,75;169,97;180,69;192,28;201,36;106,46;99,24;102,35;105,69;109,13;112,57;116,08;119,66;123,24;126,90;130,61
2025-09-21;106,46;108,21;115,53;127,29;140,81;150,70;161,10;175,09;186,70;201,11;211,76;106,46;115,38;121,65;134,54;148,01;158,45;169,72;185,59;199,13;211,39;221,09;106,46;108,84;115,43;126,29;139,05;148,55;157,75;169,97;180,69;192,28;201,36;106,46;99,24;102,35;105,69;109,13;112,57;116,07;119,66;123,24;126,90;130,60
2025-09-22;106,47;108,17;115,52;127,32;140,89;150,83;161,29;175,35;187,04;201,53;212,25;106,47;115,36;121,64;134,57;148,07;158,54;169,86;185,78;199,37;211,71;221,45;106,47;108,83;115,45;126,32;139,11;148,64;157,89;170,14;180,90;192,54;201,67;106,47;99,19;102,32;105,70;109,16;112,64;116,18;119,80;123,41;127,12;130,87
2025-09-23;106,47;108,20;115,47;127,19;140,65;150,47;160,80;174,71;186,23;200,53;211,17;106,47;115,38;121,63;134,51;147,95;158,36;169,59;185,43;198,93;211,13;220,79;106,47;108,87;115,45;126,28;139,01;148,48;157,64;169,82;180,51;192,03;201,07;106,47;99,19;102,26;105,55;108,94;112,33;115,78;119,30;122,82;126,41;130,05
2025-09-24;106,48;108,11;115,40;127,13;140,61;150,45;160,80;174,74;186,29;200,63;211,48;106,48;115,29;121,58;134,45;147,91;158,35;169,61;185,48;199,04;211,30;220,99;106,48;108,80;115,41;126,22;138,97;148,46;157,66;169,86;180,57;192,12;201,20;106,48;99,11;102,20;105,50;108,89;112,29;115,74;119,28;122,80;126,41;130,06
2025-09-25;106,48;107,98;115,27;127,00;140,48;150,34;160,70;174,65;186,22;200,57;211,44;106,48;115,14;121,41;134,29;147,72;158,14;169,39;185,24;198,76;211,03;220,69;106,48;108,66;115,26;126,05;138,79;148,27;157,46;169,64;180,33;191,89;200,95;106,48;98,98;102,07;105,36;108,75;112,14;115,59;119,12;122,65;126,25;129,89
2025-09-26;106,50;108,03;115,37;127,17;140,73;150,66;161,12;175,18;186,87;201,36;211,96;106,50;115,28;121,56;134,49;147,98;158,46;169,78;185,71;199,29;211,65;221,37;106,50;108,75;115,38;126,23;139,02;148,55;157,79;170,03;180,80;192,44;201,57;106,50;99,02;102,10;105,42;108,83;112,25;115,72;119,27;122,81;126,44;130,11
2025-09-27;106,50;108,03;115,37;127,17;140,73;150,66;161,12;175,18;186,86;201,36;211,96;106,50;115,28;121,55;134,49;147,98;158,46;169,77;185,71;199,29;211,65;221,37;106,50;108,75;115,38;126,23;139,02;148,55;157,79;170,03;180,80;192,43;201,57;106,50;99,02;102,10;105,42;108,83;112,25;115,72;119,27;122,81;126,44;130,11
2025-09-28;106,49;108,03;115,37;127,17;140,73;150,66;161,12;175,18;186,86;201,35;211,96;106,49;115,28;121,55;134,48;147,98;158,46;169,77;185,70;199,29;211,64;221,37;106,49;108,75;115,37;126,23;139,01;148,54;157,79;170,03;180,79;192,43;201,56;106,49;99,02;102,10;105,42;108,83;112,24;115,72;119,27;122,81;126,44;130,11
2025-09-29;106,50;108,24;115,58;127,36;140,92;150,83;161,26;175,30;186,95;201,40;212,12;106,50;115,52;121,81;134,70;148,20;158,66;169,95;185,86;199,44;211,76;221,45;106,50;108,98;115,59;126,46;139,24;148,76;157,98;170,23;180,97;192,58;201,68;106,50;99,22;102,30;105,62;109,03;112,45;115,92;119,47;123,01;126,64;130,31
2025-09-30;106,50;108,25;115,61;127,44;141,04;151,01;161,50;175,61;187,33;201,87;212,69;106,50;115,53;121,86;134,82;148,38;158,92;170,28;186,30;199,98;212,40;222,21;106,50;108,99;115,65;126,56;139,40;148,99;158,29;170,62;181,45;193,16;202,37;106,50;99,24;102,36;105,71;109,15;112,60;116,11;119,71;123,29;126,96;130,68
2025-10-01;106,51;108,41;115,82;127,71;141,38;151,42;161,99;176,19;188,01;202,66;213,61;106,51;115,75;122,16;135,15;148,81;159,45;170,91;187,05;200,89;213,43;223,39;106,51;109,18;115,90;126,87;139,79;149,46;158,83;171,29;182,24;194,06;203,39;106,51;99,38;102,55;105,95;109,44;112,94;116,51;120,16;123,81;127,55;131,33
2025-10-02;106,51;108,52;115,97;127,91;141,65;151,75;162,40;176,69;188,60;203,37;214,64;106,51;115,85;122,35;135,38;149,14;159,87;171,43;187,70;201,71;214,37;224,48;106,51;109,30;116,06;127,12;140,12;149,88;159,34;171,93;183,00;194,94;204,41;106,51;99,52;102,74;106,19;109,74;113,30;116,93;120,65;124,37;128,18;132,04
2025-10-03;106,53;108,47;115,92;127,87;141,61;151,72;162,37;176,66;188,58;203,36;214,68;106,53;115,89;122,40;135,49;149,28;160,04;171,64;187,97;202,03;214,74;224,90;106,53;109,35;116,14;127,22;140,25;150,04;159,54;172,17;183,28;195,27;204,79;106,53;99,46;102,70;106,15;109,70;113,27;116,90;120,63;124,35;128,16;132,03
2025-10-04;106,53;108,47;115,92;127,87;141,61;151,72;162,36;176,66;188,58;203,36;214,68;106,53;115,89;122,39;135,49;149,28;160,04;171,64;187,97;202,02;214,74;224,90;106,53;109,35;116,14;127,22;140,25;150,04;159,54;172,16;183,28;195,27;204,79;106,53;99,46;102,70;106,14;109,70;113,27;116,90;120,62;124,35;128,16;132,03
2025-10-05;106,53;108,46;115,92;127,87;141,61;151,71;162,36;176,66;188,58;203,35;214,68;106,53;115,88;122,39;135,49;149,28;160,03;171,64;187,97;202,02;214,73;224,90;106,53;109,34;116,14;127,22;140,25;150,04;159,54;172,16;183,28;195,27;204,79;106,53;99,46;102,70;106,14;109,70;113,27;116,90;120,62;124,35;128,16;132,03
2025-10-06;106,53;108,37;115,90;127,93;141,78;152,00;162,79;177,25;189,34;204,32;215,74;106,53;115,73;122,29;135,53;149,40;160,29;172,04;188,55;202,76;215,71;226,06;106,53;109,19;116,08;127,23;140,37;150,28;159,92;172,67;183,96;196,14;205,85;106,53;99,32;102,62;106,14;109,77;113,42;117,14;120,96;124,78;128,70;132,67
2025-10-07;106,53;108,43;115,96;127,99;141,83;152,04;162,81;177,26;189,33;204,29;215,84;106,53;115,76;122,34;135,54;149,40;160,27;172,00;188,48;202,66;215,57;225,90;106,53;109,24;116,12;127,25;140,37;150,27;159,88;172,61;183,87;196,03;205,70;106,53;99,38;102,68;106,19;109,80;113,44;117,15;120,95;124,75;128,65;132,61
2025-10-08;106,54;108,60;116,22;128,38;142,37;152,74;163,69;178,35;190,64;205,86;217,52;106,54;116,03;122,69;135,99;150,01;161,02;172,91;189,60;204,01;217,16;227,67;106,54;109,47;116,42;127,66;140,92;150,94;160,71;173,61;185,05;197,41;207,28;106,54;99,52;102,88;106,48;110,19;113,92;117,73;121,64;125,55;129,58;133,66
2025-10-09;106,54;108,51;116,14;128,30;142,30;152,68;163,64;178,31;190,62;205,86;217,68;106,54;115,92;122,59;135,92;149,93;160,95;172,86;189,56;203,99;217,17;227,71;106,54;109,39;116,36;127,60;140,87;150,90;160,69;173,60;185,05;197,44;207,33;106,54;99,47;102,86;106,47;110,21;113,97;117,80;121,74;125,69;129,74;133,86
2025-10-10;106,56;108,58;115,92;127,72;141,28;151,18;161,61;175,63;187,26;201,69;213,03;106,56;116,04;122,47;135,45;149,04;159,63;171,02;187,10;200,86;213,30;223,14;106,56;109,51;116,23;127,17;140,05;149,68;158,99;171,38;182,25;193,99;203,23;106,56;99,54;102,71;106,03;109,46;112,90;116,40;119,98;123,55;127,21;130,90
2025-10-11;106,56;108,58;115,91;127,71;141,27;151,18;161,61;175,63;187,26;201,69;213,03;106,56;116,04;122,47;135,45;149,04;159,63;171,01;187,09;200,86;213,30;223,14;106,56;109,51;116,23;127,16;140,04;149,68;158,99;171,37;182,25;193,99;203,23;106,56;99,54;102,70;106,02;109,46;112,90;116,40;119,98;123,55;127,21;130,90
2025-10-12;106,56;108,58;115,91;127,71;141,27;151,18;161,60;175,63;187,26;201,69;213,02;106,56;116,04;122,47;135,44;149,04;159,63;171,01;187,09;200,86;213,30;223,13;106,56;109,51;116,23;127,16;140,04;149,68;158,99;171,37;182,25;193,99;203,22;106,56;99,54;102,70;106,02;109,46;112,90;116,40;119,98;123,55;127,20;130,90
2025-10-13;106,56;108,77;116,26;128,26;142,05;152,20;162,90;177,25;189,22;204,06;215,36;106,56;116,23;122,73;135,88;149,67;160,45;172,07;188,41;202,43;215,19;225,31;106,56;109,64;116,45;127,52;140,58;150,39;159,90;172,49;183,60;195,62;205,12;106,56;99,66;102,91;106,38;109,96;113,55;117,21;120,96;124,70;128,54;132,43
2025-10-14;106,56;108,93;116,35;128,26;141,96;152,00;162,57;176,78;188,58;203,23;214,15;106,56;116,40;122,80;135,83;149,52;160,16;171,62;187,77;201,59;214,12;224,00;106,56;109,78;116,48;127,47;140,41;150,09;159,45;171,89;182,81;194,63;203,91;106,56;99,83;102,97;106,36;109,83;113,31;116,85;120,48;124,09;127,79;131,53
2025-10-15;106,57;109,06;116,51;128,47;142,23;152,32;162,95;177,22;189,10;203,83;215,14;106,57;116,62;123,11;136,26;150,04;160,80;172,38;188,70;202,71;215,44;225,46;106,57;110,02;116,81;127,88;140,93;150,71;160,19;172,75;183,82;195,78;205,22;106,57;99,90;103,12;106,55;110,08;113,62;117,23;120,92;124,61;128,38;132,20
2025-10-16;106,58;109,14;116,51;128,36;141,97;151,92;162,38;176,46;188,12;202,60;213,95;106,58;116,66;123,14;136,21;149,92;160,60;172,08;188,30;202,20;214,75;224,69;106,58;110,09;116,86;127,85;140,82;150,53;159,92;172,38;183,36;195,19;204,53;106,58;100,00;103,17;106,51;109,96;113,41;116,92;120,51;124,09;127,76;131,47
2025-10-17;106,59;109,10;116,48;128,37;142,02;152,01;162,51;176,65;188,37;202,92;214,02;106,59;116,55;122,98;136,01;149,69;160,33;171,79;187,95;201,77;214,29;224,17;106,59;109,96;116,70;127,64;140,58;150,26;159,62;172,03;182,95;194,74;204,03;106,59;100,00;103,13;106,50;109,95;113,41;116,93;120,53;124,12;127,79;131,51
2025-10-18;106,59;109,09;116,48;128,36;142,02;152,00;162,51;176,65;188,37;202,92;214,01;106,59;116,55;122,98;136,01;149,69;160,33;171,78;187,95;201,77;214,29;224,17;106,59;109,96;116,69;127,64;140,58;150,25;159,62;172,03;182,95;194,74;204,02;106,59;99,99;103,13;106,49;109,95;113,41;116,93;120,53;124,12;127,79;131,51
2025-10-19;106,59;109,09;116,48;128,36;142,02;152,00;162,51;176,64;188,37;202,92;214,01;106,59;116,55;122,98;136,01;149,69;160,33;171,78;187,94;201,76;214,29;224,17;106,59;109,96;116,69;127,63;140,58;150,25;159,61;172,02;182,95;194,74;204,02;106,59;99,99;103,13;106,49;109,95;113,41;116,93;120,53;124,12;127,79;131,51
2025-10-20;106,59;109,30;116,85;128,92;142,80;153,02;163,79;178,25;190,30;205,24;216,81;106,59;116,76;123,35;136,64;150,56;161,47;173,22;189,76;203,96;216,88;227,19;106,59;110,18;117,09;128,22;141,41;151,33;160,96;173,68;184,95;197,11;206,77;106,59;100,20;103,48;106,99;110,61;114,23;117,93;121,71;125,50;129,38;133,31
2025-10-21;106,60;109,46;117,04;129,15;143,09;153,37;164,19;178,72;190,85;205,87;217,55;106,60;116,96;123,59;136,90;150,86;161,81;173,62;190,22;204,48;217,47;227,82;106,60;110,38;117,31;128,49;141,72;151,68;161,36;174,14;185,46;197,68;207,38;106,60;100,33;103,65;107,19;110,84;114,50;118,24;122,07;125,89;129,82;133,80
2025-10-22;106,60;109,42;116,94;128,97;142,82;152,99;163,71;178,10;190,09;204,95;216,50;106,60;116,89;123,47;136,72;150,60;161,47;173,18;189,66;203,80;216,66;226,89;106,60;110,31;117,21;128,31;141,46;151,35;160,94;173,61;184,82;196,92;206,51;106,60;100,29;103,55;107,02;110,60;114,19;117,84;121,58;125,32;129,15;133,03
2025-10-23;106,61;109,33;116,91;129,02;142,96;153,24;164,07;178,61;190,75;205,78;217,42;106,61;116,79;123,42;136,72;150,69;161,64;173,45;190,05;204,34;217,35;227,71;106,61;110,21;117,14;128,32;141,54;151,50;161,19;173,98;185,30;197,53;207,25;106,61;100,23;103,53;107,05;110,68;114,33;118,04;121,85;125,65;129,55;133,51
2025-10-24;106,62;109,35;116,99;129,19;143,23;153,62;164,57;179,25;191,55;206,76;218,57;106,62;116,70;123,40;136,78;150,86;161,92;173,87;190,62;205,08;218,24;228,82;106,62;110,14;117,13;128,37;141,69;151,75;161,55;174,47;185,94;198,33;208,22;106,62;100,28;103,63;107,23;110,94;114,66;118,46;122,35;126,25;130,24;134,30
2025-10-25;106,62;109,35;116,99;129,19;143,23;153,62;164,57;179,25;191,54;206,76;218,57;106,62;116,70;123,40;136,78;150,86;161,92;173,86;190,62;205,07;218,24;228,82;106,62;110,14;117,13;128,37;141,69;151,75;161,55;174,47;185,94;198,33;208,21;106,62;100,28;103,63;107,23;110,94;114,66;118,45;122,35;126,24;130,24;134,30
2025-10-26;106,62;109,35;116,99;129,19;143,23;153,61;164,57;179,25;191,54;206,76;218,56;106,62;116,70;123,40;136,78;150,86;161,92;173,86;190,61;205,07;218,24;228,81;106,62;110,14;117,12;128,37;141,69;151,75;161,55;174,47;185,94;198,33;208,21;106,62;100,28;103,63;107,23;110,93;114,66;118,45;122,35;126,24;130,24;134,30
2025-10-27;106,63;109,54;117,30;129,65;143,87;154,45;165,61;180,55;193,11;208,64;220,81;106,63;116,90;123,71;137,24;151,47;162,69;174,84;191,82;206,52;219,96;230,78;106,63;110,36;117,46;128,81;142,30;152,50;162,49;175,60;187,28;199,91;210,02;106,63;100,47;103,93;107,65;111,49;115,35;119,29;123,34;127,40;131,57;135,81
2025-10-28;106,63;109,59;117,36;129,70;143,91;154,47;165,62;180,55;193,09;208,59;220,62;106,63;116,93;123,71;137,17;151,36;162,53;174,62;191,53;206,14;219,50;230,23;106,63;110,38;117,45;128,76;142,20;152,36;162,29;175,36;186,97;199,51;209,55;106,63;100,52;103,97;107,69;111,51;115,36;119,29;123,32;127,37;131,52;135,74
2025-10-29;106,63;109,32;117,09;129,43;143,63;154,21;165,37;180,31;192,86;208,39;220,67;106,63;116,73;123,55;137,00;151,20;162,39;174,50;191,44;206,11;219,55;230,28;106,63;110,22;117,32;128,59;142,05;152,22;162,18;175,25;186,89;199,47;209,54;106,63;100,26;103,73;107,46;111,30;115,16;119,11;123,17;127,24;131,42;135,67
2025-10-30;106,64;109,19;116,94;129,27;143,46;154,02;165,17;180,09;192,63;208,14;220,55;106,64;116,60;123,43;136,89;151,08;162,29;174,40;191,36;206,05;219,52;230,26;106,64;110,11;117,20;128,47;141,93;152,11;162,08;175,16;186,80;199,40;209,49;106,64;100,13;103,61;107,32;111,15;115,02;118,96;123,01;127,07;131,25;135,49
2025-10-31;106,66;109,19;117,00;129,39;143,65;154,29;165,54;180,57;193,23;208,88;221,23;106,66;116,57;123,39;136,93;151,14;162,38;174,56;191,56;206,27;219,83;230,61;106,66;110,07;117,20;128,49;141,99;152,21;162,23;175,32;187,02;199,69;209,83;106,66;100,11;103,61;107,38;111,26;115,18;119,18;123,29;127,41;131,65;135,96
2025-11-01;106,65;109,19;117,00;129,38;143,65;154,29;165,54;180,57;193,23;208,88;221,22;106,65;116,57;123,39;136,93;151,14;162,38;174,55;191,56;206,27;219,82;230,61;106,65;110,07;117,20;128,49;141,99;152,21;162,23;175,32;187,02;199,68;209,83;106,65;100,11;103,61;107,38;111,26;115,18;119,18;123,28;127,41;131,65;135,96
2025-11-02;106,65;109,19;117,00;129,38;143,65;154,29;165,54;180,56;193,23;208,88;221,22;106,65;116,57;123,39;136,93;151,14;162,38;174,55;191,56;206,26;219,82;230,61;106,65;110,07;117,20;128,49;141,99;152,20;162,23;175,32;187,02;199,68;209,82;106,65;100,11;103,61;107,38;111,26;115,17;119,17;123,28;127,41;131,65;135,96
2025-11-03;106,66;109,12;116,96;129,39;143,71;154,41;165,72;180,83;193,58;209,34;221,91;106,66;116,49;123,37;136,93;151,20;162,50;174,74;191,82;206,63;220,29;231,17;106,66;110,01;117,18;128,50;142,06;152,33;162,41;175,59;187,36;200,12;210,35;106,66;100,00;103,55;107,37;111,31;115,28;119,34;123,52;127,71;132,03;136,42
2025-11-04;106,66;109,09;116,83;129,13;143,30;153,84;164,97;179,85;192,37;207,84;220,10;106,66;116,48;123,27;136,72;150,85;162,00;174,07;190,96;205,53;218,95;229,60;106,66;109,99;117,08;128,29;141,71;151,85;161,78;174,77;186,36;198,90;208,92;106,66;99,99;103,44;107,15;110,97;114,82;118,75;122,78;126,83;130,98;135,21
2025-11-05;106,66;108,90;116,69;129,05;143,29;153,91;165,14;180,14;192,78;208,41;220,61;106,66;116,36;123,16;136,68;150,88;162,10;174,26;191,24;205,93;219,47;230,24;106,66;109,85;116,97;128,26;141,74;151,94;161,95;175,04;186,72;199,38;209,52;106,66;99,75;103,24;107,00;110,87;114,78;118,77;122,86;126,98;131,21;135,51
2025-11-06;106,67;108,95;116,57;128,73;142,72;153,07;164,00;178,63;190,88;206,04;218,12;106,67;116,34;123,03;136,38;150,35;161,37;173,26;189,94;204,29;217,46;227,90;106,67;109,85;116,87;127,99;141,27;151,28;161,05;173,87;185,28;197,60;207,42;106,67;99,85;103,22;106,79;110,48;114,19;117,97;121,85;125,73;129,71;133,74
2025-11-07;106,69;108,85;116,45;128,57;142,52;152,84;163,71;178,29;190,48;205,58;217,40;106,69;116,22;122,85;136,15;150,07;161,01;172,83;189,41;203,66;216,72;227,07;106,69;109,73;116,68;127,77;140,99;150,94;160,64;173,38;184,70;196,93;206,65;106,69;99,70;103,02;106,56;110,22;113,89;117,63;121,47;125,31;129,24;133,23
2025-11-08;106,69;108,85;116,45;128,57;142,52;152,84;163,71;178,29;190,48;205,58;217,40;106,69;116,22;122,84;136,15;150,07;161,01;172,83;189,41;203,66;216,72;227,06;106,69;109,72;116,68;127,77;140,99;150,93;160,64;173,38;184,69;196,93;206,65;106,69;99,70;103,02;106,56;110,22;113,89;117,63;121,47;125,31;129,24;133,23
2025-11-09;106,68;108,85;116,45;128,57;142,52;152,83;163,71;178,28;190,48;205,58;217,40;106,68;116,22;122,84;136,15;150,06;161,01;172,83;189,41;203,65;216,72;227,06;106,68;109,72;116,68;127,77;140,99;150,93;160,64;173,37;184,69;196,92;206,65;106,68;99,69;103,01;106,56;110,22;113,89;117,63;121,47;125,30;129,24;133,23
2025-11-10;106,69;109,02;116,81;129,18;143,43;154,06;165,29;180,29;192,94;208,56;220,90;106,69;116,44;123,28;136,77;150,98;162,22;174,38;191,37;206,08;219,62;230,41;106,69;109,94;117,06;128,36;141,85;152,06;162,07;175,18;186,87;199,53;209,67;106,69;99,85;103,33;107,08;110,94;114,83;118,80;122,87;126,97;131,17;135,45
2025-11-11;106,69;109,07;116,87;129,24;143,49;154,12;165,35;180,36;193,00;208,63;220,91;106,69;116,54;123,41;136,91;151,16;162,44;174,63;191,68;206,46;220,04;230,88;106,69;110,02;117,17;128,48;141,98;152,24;162,27;175,42;187,16;199,85;210,05;106,69;99,90;103,37;107,10;110,95;114,82;118,78;122,84;126,92;131,10;135,36
2025-11-12;106,70;109,22;117,04;129,45;143,74;154,41;165,68;180,74;193,43;209,12;221,47;106,70;116,76;123,66;137,21;151,52;162,86;175,10;192,24;207,09;220,74;231,67;106,70;110,23;117,42;128,77;142,33;152,63;162,71;175,93;187,75;200,50;210,77;106,70;100,10;103,58;107,33;111,19;115,08;119,05;123,12;127,21;131,42;135,69
2025-11-13;106,70;108,81;116,43;128,59;142,58;152,94;163,86;178,49;190,75;205,92;218,08;106,70;116,32;123,09;136,48;150,54;161,67;173,64;190,46;204,98;218,26;228,86;106,70;109,84;116,93;128,09;141,43;151,54;161,38;174,31;185,86;198,27;208,24;106,70;99,70;103,07;106,63;110,32;114,02;117,79;121,66;125,53;129,51;133,53
2025-11-14;106,72;108,62;116,24;128,39;142,38;152,73;163,66;178,30;190,56;205,73;217,60;106,72;116,11;122,81;136,15;150,14;161,19;173,10;189,81;204,20;217,40;227,89;106,72;109,62;116,66;127,76;141,04;151,07;160,86;173,69;185,14;197,47;207,34;106,72;99,46;102,78;106,35;110,02;113,70;117,46;121,31;125,17;129,12;133,12
2025-11-15;106,72;108,62;116,24;128,39;142,38;152,73;163,66;178,29;190,56;205,73;217,59;106,72;116,11;122,81;136,15;150,14;161,19;173,09;189,81;204,20;217,40;227,89;106,72;109,62;116,65;127,76;141,04;151,07;160,85;173,69;185,13;197,47;207,34;106,72;99,46;102,78;106,35;110,01;113,70;117,46;121,31;125,16;129,12;133,12
2025-11-16;106,72;108,62;116,24;128,39;142,37;152,73;163,66;178,29;190,55;205,73;217,59;106,72;116,11;122,81;136,15;150,14;161,19;173,09;189,81;204,20;217,39;227,88;106,72;109,62;116,65;127,76;141,04;151,07;160,85;173,69;185,13;197,47;207,33;106,72;99,45;102,78;106,34;110,01;113,70;117,46;121,31;125,16;129,11;133,12
2025-11-17;106,72;108,57;116,10;128,13;141,97;152,18;162,94;177,37;189,42;204,35;216,19;106,72;116,09;122,73;135,93;149,80;160,71;172,45;188,97;203,17;216,14;226,41;106,72;109,62;116,58;127,56;140,72;150,62;160,26;172,93;184,20;196,33;205,99;106,72;99,45;102,72;106,19;109,77;113,36;117,02;120,76;124,50;128,33;132,22
2025-11-18;106,73;108,48;115,89;127,78;141,44;151,46;162,01;176,18;187,96;202,57;213,92;106,73;115,98;122,45;135,43;149,09;159,73;171,19;187,35;201,18;213,76;223,63;106,73;109,50;116,27;127,10;140,03;149,69;159,07;171,45;182,38;194,15;203,44;106,73;99,36;102,50;105,85;109,31;112,76;116,27;119,86;123,44;127,10;130,80
2025-11-19;106,73;108,48;115,95;127,90;141,65;151,76;162,42;176,71;188,63;203,39;214,85;106,73;115,99;122,51;135,51;149,23;159,93;171,46;187,69;201,63;214,30;224,26;106,73;109,51;116,30;127,16;140,15;149,86;159,31;171,75;182,75;194,60;203,97;106,73;99,35;102,54;105,96;109,47;113,00;116,58;120,24;123,90;127,65;131,44
2025-11-20;106,74;108,43;115,78;127,60;141,18;151,11;161,56;175,61;187,27;201,73;213,29;106,74;115,96;122,45;135,41;149,03;159,65;171,08;187,20;201,02;213,53;223,39;106,74;109,51;116,29;127,08;139,99;149,64;158,98;171,33;182,24;193,96;203,22;106,74;99,32;102,46;105,76;109,17;112,58;116,04;119,58;123,11;126,71;130,36
2025-11-21;106,75;108,66;116,10;128,04;141,76;151,84;162,45;176,70;188,55;203,25;214,33;106,75;116,12;122,56;135,65;149,35;160,04;171,57;187,79;201,63;214,26;224,24;106,75;109,59;116,39;127,24;140,23;149,93;159,36;171,75;182,74;194,58;203,94;106,75;99,50;102,63;106,03;109,50;112,98;116,52;120,14;123,75;127,44;131,18
2025-11-22;106,75;108,65;116,10;128,04;141,76;151,84;162,45;176,69;188,55;203,25;214,33;106,75;116,12;122,56;135,65;149,34;160,04;171,56;187,78;201,63;214,26;224,23;106,75;109,59;116,38;127,24;140,23;149,93;159,36;171,75;182,74;194,58;203,93;106,75;99,50;102,63;106,02;109,50;112,98;116,52;120,14;123,75;127,44;131,18
2025-11-23;106,75;108,65;116,10;128,04;141,76;151,84;162,44;176,69;188,55;203,24;214,32;106,75;116,12;122,56;135,65;149,34;160,04;171,56;187,78;201,63;214,26;224,23;106,75;109,58;116,38;127,24;140,22;149,93;159,36;171,75;182,74;194,57;203,93;106,75;99,50;102,63;106,02;109,50;112,98;116,52;120,14;123,75;127,44;131,17
2025-11-24;106,75;108,87;116,44;128,53;142,43;152,69;163,51;178,01;190,13;205,13;216,38;106,75;116,33;122,86;136,04;149,89;160,71;172,40;188,80;202,86;215,70;225,87;106,75;109,79;116,65;127,64;140,76;150,58;160,16;172,74;183,90;195,94;205,47;106,75;99,75;102,97;106,49;110,08;113,69;117,36;121,12;124,87;128,72;132,62
2025-11-25;106,75;109,11;116,75;128,92;142,93;153,29;164,23;178,87;191,13;206,30;217,69;106,75;116,62;123,22;136,51;150,49;161,44;173,27;189,85;204,10;217,12;227,48;106,75;110,05;116,97;128,06;141,29;151,23;160,92;173,65;184,95;197,16;206,86;106,75;100,01;103,29;106,87;110,53;114,21;117,96;121,80;125,64;129,58;133,57
2025-11-26;106,76;109,23;116,94;129,22;143,34;153,82;164,89;179,69;192,12;207,49;219,17;106,76;116,75;123,46;136,89;151,01;162,12;174,13;190,94;205,43;218,69;229,31;106,76;110,18;117,21;128,42;141,79;151,88;161,74;174,66;186,17;198,60;208,54;106,76;100,16;103,51;107,16;110,89;114,65;118,48;122,41;126,34;130,38;134,47
2025-11-27;106,77;109,24;116,95;129,23;143,36;153,84;164,91;179,73;192,16;207,54;219,19;106,77;116,76;123,46;136,92;151,05;162,17;174,19;191,02;205,52;218,79;229,43;106,77;110,19;117,23;128,45;141,83;151,94;161,80;174,74;186,27;198,72;208,67;106,77;100,15;103,50;107,15;110,90;114,66;118,50;122,43;126,38;130,42;134,52
2025-11-28;106,78;109,20;116,97;129,32;143,53;154,11;165,29;180,23;192,79;208,33;219,97;106,78;116,72;123,45;136,97;151,16;162,35;174,45;191,38;205,97;219,37;230,11;106,78;110,14;117,22;128,49;141,94;152,10;162,04;175,06;186,68;199,23;209,28;106,78;100,07;103,46;107,16;110,95;114,77;118,66;122,65;126,65;130,76;134,93
2025-11-29;106,78;109,20;116,97;129,32;143,53;154,11;165,29;180,23;192,79;208,33;219,97;106,78;116,71;123,44;136,97;151,16;162,35;174,45;191,38;205,97;219,37;230,11;106,78;110,14;117,22;128,49;141,93;152,10;162,04;175,06;186,68;199,23;209,28;106,78;100,07;103,46;107,16;110,95;114,77;118,66;122,65;126,65;130,76;134,93
2025-11-30;106,78;109,20;116,97;129,31;143,53;154,11;165,28;180,22;192,79;208,33;219,97;106,78;116,71;123,44;136,96;151,16;162,35;174,45;191,38;205,96;219,36;230,10;106,78;110,14;117,21;128,49;141,93;152,10;162,04;175,05;186,68;199,22;209,28;106,78;100,07;103,45;107,16;110,95;114,77;118,66;122,65;126,65;130,76;134,93
2025-12-01;106,79;108,80;116,51;128,76;142,87;153,35;164,41;179,21;191,65;207,02;218,64;106,79;116,30;123,01;136,43;150,55;161,67;173,68;190,52;205,03;218,33;228,98;106,79;109,76;116,79;128,00;141,36;151,47;161,33;174,28;185,82;198,27;208,25;106,79;99,68;103,04;106,70;110,45;114,23;118,08;122,02;125,98;130,04;134,16
2025-12-02;106,79;108,89;116,64;128,95;143,12;153,67;164,81;179,71;192,24;207,73;219,51;106,79;116,34;123,09;136,53;150,69;161,85;173,92;190,81;205,39;218,75;229,48;106,79;109,81;116,87;128,11;141,51;151,65;161,57;174,57;186,17;198,68;208,72;106,79;99,81;103,20;106,91;110,70;114,52;118,41;122,41;126,41;130,52;134,70
2025-12-03;106,79;108,96;116,70;128,99;143,14;153,67;164,78;179,64;192,13;207,58;219,22;106,79;116,44;123,16;136,59;150,74;161,88;173,91;190,77;205,31;218,62;229,31;106,79;109,89;116,94;128,18;141,56;151,68;161,56;174,54;186,11;198,57;208,57;106,79;99,89;103,24;106,92;110,69;114,47;118,33;122,29;126,26;130,33;134,46
2025-12-04;106,80;108,85;116,62;128,96;143,16;153,75;164,94;179,89;192,48;208,04;219,78;106,80;116,30;123,05;136,62;150,83;162,07;174,22;191,21;205,87;219,34;230,20;106,80;109,77;116,89;128,19;141,65;151,87;161,86;174,93;186,63;199,23;209,39;106,80;99,77;103,17;106,88;110,68;114,50;118,41;122,41;126,43;130,55;134,73
2025-12-05;106,81;108,73;116,54;128,91;143,17;153,82;165,07;180,10;192,78;208,44;220,42;106,81;116,20;123,01;136,56;150,82;162,10;174,30;191,36;206,12;219,68;230,60;106,81;109,69;116,82;128,15;141,65;151,90;161,94;175,09;186,85;199,53;209,75;106,81;99,62;103,08;106,85;110,71;114,61;118,59;122,67;126,77;130,98;135,26
2025-12-06;106,81;108,73;116,54;128,91;143,17;153,82;165,07;180,10;192,77;208,44;220,41;106,81;116,19;123,01;136,56;150,82;162,10;174,30;191,35;206,12;219,68;230,59;106,81;109,69;116,82;128,15;141,65;151,90;161,94;175,09;186,85;199,53;209,74;106,81;99,62;103,08;106,85;110,71;114,61;118,59;122,67;126,77;130,98;135,26
2025-12-07;106,81;108,72;116,53;128,91;143,17;153,81;165,07;180,10;192,77;208,43;220,41;106,81;116,19;123,00;136,56;150,82;162,10;174,30;191,35;206,12;219,68;230,59;106,81;109,69;116,82;128,15;141,65;151,90;161,94;175,09;186,85;199,52;209,74;106,81;99,62;103,08;106,85;110,71;114,61;118,58;122,67;126,77;130,98;135,26
2025-12-08;106,82;108,51;116,31;128,68;142,92;153,57;164,82;179,85;192,52;208,19;220,26;106,82;115,89;122,72;136,29;150,55;161,85;174,08;191,16;205,96;219,54;230,54;106,82;109,41;116,56;127,89;141,39;151,66;161,72;174,88;186,68;199,39;209,66;106,82;99,43;102,90;106,67;110,55;114,46;118,45;122,54;126,66;130,88;135,18
2025-12-09;106,82;108,47;116,25;128,60;142,82;153,44;164,66;179,65;192,29;207,91;219,85;106,82;115,91;122,71;136,24;150,47;161,73;173,90;190,92;205,66;219,19;230,10;106,82;109,41;116,53;127,84;141,31;151,54;161,55;174,67;186,41;199,07;209,27;106,82;99,46;102,90;106,66;110,51;114,39;118,36;122,43;126,51;130,71;134,97
2025-12-10;106,83;108,63;116,47;128,88;143,17;153,87;165,18;180,28;193,02;208,77;220,77;106,83;116,05;122,88;136,48;150,79;162,12;174,39;191,51;206,35;219,98;231,02;106,83;109,54;116,69;128,05;141,59;151,89;161,98;175,18;187,01;199,77;210,08;106,83;99,58;103,05;106,85;110,74;114,67;118,68;122,80;126,93;131,18;135,50
2025-12-11;106,83;108,62;116,39;128,72;142,91;153,50;164,68;179,62;192,21;207,76;219,40;106,83;116,14;122,90;136,41;150,65;161,87;174,02;191,00;205,70;219,13;230,01;106,83;109,61;116,69;128,01;141,45;151,65;161,63;174,72;186,42;199,01;209,16;106,83;99,62;103,00;106,72;110,53;114,35;118,26;122,27;126,29;130,42;134,61
2025-12-12;106,85;108,37;116,07;128,30;142,38;152,85;163,90;178,69;191,12;206,48;218,34;106,85;115,79;122,53;136,05;150,19;161,39;173,47;190,39;205,01;218,41;229,22;106,85;109,33;116,41;127,69;141,09;151,26;161,19;174,22;185,88;198,41;208,52;106,85;99,33;102,70;106,36;110,12;113,90;117,76;121,72;125,68;129,75;133,88
2025-12-13;106,85;108,37;116,07;128,30;142,37;152,85;163,90;178,69;191,12;206,48;218,33;106,85;115,79;122,53;136,05;150,19;161,38;173,47;190,39;205,01;218,41;229,21;106,85;109,33;116,41;127,69;141,09;151,26;161,19;174,22;185,88;198,40;208,52;106,85;99,33;102,70;106,36;110,12;113,90;117,76;121,72;125,68;129,75;133,88
2025-12-14;106,84;108,37;116,07;128,30;142,37;152,84;163,90;178,69;191,11;206,48;218,33;106,84;115,79;122,53;136,05;150,19;161,38;173,46;190,39;205,01;218,41;229,21;106,84;109,33;116,41;127,69;141,09;151,25;161,19;174,22;185,88;198,40;208,51;106,84;99,32;102,70;106,36;110,12;113,90;117,76;121,71;125,68;129,75;133,88
2025-12-15;106,85;108,46;116,13;128,32;142,37;152,79;163,80;178,52;190,88;206,17;217,68;106,85;115,92;122,61;136,11;150,22;161,38;173,41;190,30;204,83;218,16;228,90;106,85;109,42;116,50;127,73;141,10;151,23;161,12;174,09;185,70;198,16;208,21;106,85;99,40;102,71;106,33;110,03;113,75;117,55;121,44;125,34;129,33;133,38
2025-12-16;106,85;108,52;116,13;128,26;142,22;152,56;163,46;178,05;190,28;205,41;216,51;106,85;115,97;122,56;135,94;149,93;160,96;172,83;189,52;203,84;216,93;227,46;106,85;109,44;116,42;127,58;140,82;150,83;160,57;173,39;184,82;197,07;206,92;106,85;99,43;102,66;106,24;109,89;113,55;117,28;121,10;124,92;128,84;132,81
2025-12-17;106,86;108,40;115,92;127,93;141,74;151,92;162,65;177,04;189,05;203,93;215,08;106,86;115,84;122,41;135,71;149,64;160,59;172,37;188,96;203,19;216,15;226,59;106,86;109,33;116,28;127,37;140,54;150,48;160,14;172,87;184,21;196,34;206,10;106,86;99,31;102,50;106,00;109,56;113,14;116,78;120,51;124,24;128,05;131,91
2025-12-18;106,86;108,61;116,24;128,38;142,36;152,71;163,63;178,26;190,51;205,67;216,94;106,86;116,07;122,74;136,13;150,21;161,31;173,25;190,04;204,50;217,67;228,33;106,86;109,54;116,56;127,77;141,06;151,14;160,94;173,86;185,38;197,71;207,67;106,86;99,58;102,84;106,43;110,09;113,77;117,52;121,36;125,21;129,14;133,14
2025-12-19;106,88;108,52;116,26;128,55;142,69;153,23;164,36;179,24;191,75;207,23;218,82;106,88;115,95;122,73;136,21;150,45;161,71;173,85;190,86;205,59;219,03;229,97;106,88;109,43;116,53;127,86;141,29;151,52;161,49;174,62;186,36;198,93;209,14;106,88;99,49;102,86;106,57;110,37;114,18;118,08;122,08;126,08;130,19;134,37
2025-12-20;106,88;108,52;116,26;128,55;142,69;153,23;164,36;179,23;191,75;207,22;218,82;106,88;115,95;122,73;136,21;150,45;161,71;173,85;190,86;205,58;219,02;229,97;106,88;109,43;116,53;127,86;141,29;151,51;161,49;174,62;186,36;198,93;209,13;106,88;99,49;102,86;106,57;110,37;114,18;118,08;122,07;126,08;130,19;134,37
2025-12-21;106,88;108,52;116,26;128,55;142,69;153,23;164,36;179,23;191,75;207,22;218,82;106,88;115,94;122,73;136,21;150,45;161,71;173,84;190,86;205,58;219,02;229,96;106,88;109,43;116,53;127,85;141,29;151,51;161,49;174,62;186,36;198,93;209,13;106,88;99,49;102,86;106,57;110,37;114,18;118,08;122,07;126,08;130,19;134,37
2025-12-22;106,88;108,48;116,25;128,56;142,75;153,33;164,51;179,44;192,02;207,57;219,34;106,88;115,89;122,70;136,25;150,52;161,83;174,03;191,11;205,91;219,43;230,46;106,88;109,40;116,53;127,90;141,38;151,65;161,68;174,88;186,69;199,33;209,62;106,88;99,44;102,85;106,59;110,42;114,28;118,21;122,25;126,31;130,47;134,70
2025-12-23;106,89;108,63;116,44;128,81;143,06;153,70;164,96;179,98;192,65;208,31;220,13;106,89;116,07;122,91;136,46;150,77;162,10;174,33;191,45;206,29;219,87;230,90;106,89;109,56;116,71;128,12;141,64;151,93;161,99;175,24;187,08;199,77;210,08;106,89;99,56;103,00;106,78;110,64;114,54;118,51;122,59;126,69;130,90;135,17
2025-12-24;106,91;108,75;116,57;128,97;143,26;153,93;165,22;180,28;193,00;208,70;220,59;106,91;116,19;123,04;136,64;150,99;162,36;174,63;191,81;206,69;220,33;231,42;106,91;109,67;116,84;128,28;141,83;152,16;162,27;175,55;187,43;200,19;210,54;106,91;99,62;103,08;106,88;110,77;114,69;118,69;122,80;126,93;131,16;135,47
2025-12-25;106,91;108,74;116,57;128,97;143,26;153,93;165,22;180,28;192,99;208,70;220,59;106,91;116,19;123,04;136,64;150,99;162,36;174,63;191,80;206,69;220,33;231,42;106,91;109,67;116,84;128,28;141,83;152,16;162,26;175,55;187,43;200,18;210,54;106,91;99,62;103,08;106,88;110,77;114,69;118,69;122,80;126,92;131,16;135,47
2025-12-26;106,91;108,77;116,59;128,99;143,27;153,94;165,22;180,28;192,99;208,69;220,66;106,91;116,21;123,07;136,67;151,02;162,39;174,67;191,85;206,74;220,38;231,48;106,91;109,70;116,87;128,31;141,86;152,20;162,30;175,59;187,47;200,23;210,59;106,91;99,63;103,10;106,91;110,80;114,73;118,75;122,87;127,01;131,26;135,59
2025-12-27;106,91;108,77;116,59;128,99;143,27;153,94;165,22;180,28;192,99;208,68;220,66;106,91;116,20;123,07;136,67;151,02;162,39;174,67;191,84;206,74;220,38;231,48;106,91;109,69;116,87;128,30;141,86;152,19;162,30;175,59;187,47;200,23;210,59;106,91;99,63;103,10;106,90;110,80;114,73;118,75;122,87;127,01;131,26;135,58
2025-12-28;106,91;108,77;116,59;128,99;143,27;153,94;165,22;180,28;192,99;208,68;220,65;106,91;116,20;123,07;136,67;151,02;162,39;174,66;191,84;206,74;220,37;231,48;106,91;109,69;116,87;128,30;141,86;152,19;162,30;175,59;187,47;200,23;210,59;106,91;99,63;103,10;106,90;110,80;114,73;118,74;122,87;127,01;131,26;135,58
2025-12-29;106,91;108,88;116,67;129,04;143,28;153,91;165,14;180,13;192,77;208,39;220,40;106,91;116,38;123,24;136,83;151,16;162,51;174,75;191,90;206,76;220,36;231,40;106,91;109,87;117,05;128,44;141,98;152,29;162,37;175,61;187,46;200,17;210,49;106,91;99,77;103,22;106,99;110,85;114,74;118,72;122,80;126,89;131,09;135,36
2025-12-30;106,92;108,81;116,62;128,99;143,23;153,86;165,10;180,11;192,76;208,39;220,45;106,92;116,30;123,20;136,76;151,12;162,49;174,75;191,94;206,85;220,47;231,57;106,92;109,80;116,99;128,39;141,94;152,28;162,37;175,65;187,54;200,27;210,63;106,92;99,76;103,21;106,97;110,84;114,72;118,70;122,77;126,86;131,06;135,33
2025-12-31;106,93;108,67;116,41;128,71;142,86;153,41;164,54;179,42;191,95;207,43;219,51;106,93;116,16;123,03;136,54;150,82;162,14;174,33;191,43;206,27;219,80;230,79;106,93;109,68;116,84;128,18;141,67;151,95;161,97;175,18;186,99;199,63;209,90;106,93;99,66;103,08;106,80;110,61;114,44;118,36;122,37;126,40;130,54;134,73
2026-01-01;106,93;108,67;116,41;128,70;142,86;153,40;164,54;179,42;191,94;207,42;219,51;106,93;116,16;123,03;136,54;150,82;162,14;174,33;191,43;206,27;219,80;230,79;106,93;109,68;116,84;128,18;141,67;151,95;161,97;175,18;186,99;199,63;209,90;106,93;99,66;103,08;106,80;110,61;114,44;118,36;122,37;126,40;130,53;134,73
2026-01-02;106,94;108,55;116,33;128,67;142,89;153,50;164,71;179,69;192,31;207,91;220,43;106,94;116,00;122,98;136,56;150,96;162,40;174,72;192,00;207,06;220,77;232,00;106,94;109,56;116,79;128,22;141,81;152,21;162,35;175,73;187,71;200,52;210,99;106,94;99,46;102,95;106,70;110,57;114,46;118,44;122,53;126,63;130,84;135,12
2026-01-03;106,94;108,54;116,33;128,67;142,89;153,50;164,71;179,69;192,31;207,91;220,43;106,94;116,00;122,98;136,56;150,96;162,40;174,72;191,99;207,06;220,77;232,00;106,94;109,56;116,79;128,22;141,81;152,20;162,35;175,72;187,70;200,52;210,99;106,94;99,46;102,94;106,70;110,57;114,46;118,44;122,53;126,63;130,84;135,12
2026-01-04;106,94;108,54;116,33;128,67;142,89;153,50;164,71;179,68;192,31;207,91;220,43;106,94;116,00;122,98;136,56;150,96;162,40;174,72;191,99;207,05;220,77;231,99;106,94;109,56;116,78;128,22;141,81;152,20;162,35;175,72;187,70;200,52;210,99;106,94;99,46;102,94;106,70;110,57;114,46;118,44;122,52;126,63;130,84;135,12
2026-01-05;106,94;108,83;116,75;129,26;143,68;154,50;165,94;181,21;194,12;210,07;223,10;106,94;116,34;123,48;137,33;151,96;163,67;176,30;193,96;209,40;223,54;235,17;106,94;109,90;117,30;128,91;142,74;153,39;163,80;177,47;189,79;202,99;213,85;106,94;99,73;103,34;107,22;111,22;115,26;119,39;123,63;127,90;132,29;136,76
2026-01-06;106,95;108,94;116,94;129,56;144,12;155,07;166,68;182,13;195,25;211,43;224,81;106,95;116,49;123,72;137,75;152,53;164,41;177,23;195,13;210,82;225,24;237,12;106,95;110,04;117,54;129,28;143,26;154,06;164,66;178,51;191,05;204,50;215,60;106,95;99,83;103,55;107,52;111,63;115,78;120,03;124,40;128,81;133,35;137,97
2026-01-07;106,95;109,05;117,01;129,58;144,07;154,95;166,46;181,82;194,82;210,87;224,13;106,95;116,64;123,84;137,80;152,53;164,35;177,09;194,90;210,50;224,81;236,58;106,95;110,18;117,63;129,33;143,26;154,01;164,53;178,31;190,76;204,11;215,10;106,95;99,96;103,65;107,60;111,68;115,80;120,02;124,36;128,74;133,23;137,81
2026-01-08;106,96;108,95;116,92;129,50;144,01;154,91;166,46;181,84;194,88;210,97;224,15;106,96;116,50;123,69;137,65;152,40;164,22;176,97;194,79;210,41;224,76;236,52;106,96;110,03;117,46;129,19;143,12;153,87;164,41;178,21;190,67;204,05;215,05;106,96;99,85;103,53;107,48;111,56;115,68;119,90;124,24;128,61;133,11;137,69
2026-01-09;106,97;109,16;117,23;129,93;144,58;155,64;167,35;182,94;196,19;212,54;225,83;106,97;116,70;123,98;138,06;152,95;164,92;177,84;195,87;211,71;226,28;238,27;106,97;110,21;117,73;129,56;143,62;154,51;165,19;179,16;191,81;205,40;216,61;106,97;100,02;103,76;107,79;111,95;116,15;120,46;124,89;129,36;133,96;138,66
2026-01-10;106,97;109,15;117,23;129,93;144,58;155,63;167,35;182,93;196,19;212,53;225,83;106,97;116,70;123,98;138,06;152,95;164,92;177,84;195,86;211,70;226,28;238,27;106,97;110,21;117,73;129,56;143,62;154,51;165,19;179,16;191,80;205,40;216,60;106,97;100,02;103,75;107,79;111,94;116,15;120,46;124,89;129,36;133,96;138,65
2026-01-11;106,97;109,15;117,22;129,93;144,58;155,63;167,34;182,93;196,18;212,53;225,83;106,97;116,70;123,97;138,06;152,95;164,92;177,83;195,86;211,70;226,28;238,27;106,97;110,21;117,73;129,56;143,62;154,50;165,19;179,16;191,80;205,39;216,60;106,97;100,02;103,75;107,78;111,94;116,15;120,46;124,89;129,36;133,96;138,65
2026-01-12;106,98;109,16;117,22;129,91;144,54;155,58;167,27;182,83;196,05;212,37;225,79;106,98;116,76;124,05;138,11;153,00;164,97;177,88;195,90;211,76;226,34;238,30;106,98;110,27;117,78;129,62;143,68;154,56;165,24;179,22;191,85;205,44;216,64;106,98;99,97;103,72;107,72;111,87;116,06;120,36;124,78;129,23;133,82;138,49
2026-01-13;106,98;109,17;117,25;129,97;144,64;155,72;167,45;183,07;196,35;212,73;226,32;106,98;116,78;124,10;138,28;153,20;165,24;178,23;196,35;212,28;226,95;239,04;106,98;110,31;117,89;129,76;143,88;154,83;165,57;179,61;192,34;206,02;217,32;106,98;100,00;103,76;107,77;111,93;116,13;120,43;124,87;129,33;133,93;138,61
2026-01-14;106,99;109,25;117,29;129,96;144,57;155,57;167,22;182,74;195,92;212,17;225,80;106,99;116,98;124,27;138,50;153,40;165,42;178,39;196,50;212,38;227,00;239,06;106,99;110,50;118,09;129,95;144,06;155,00;165,72;179,71;192,42;206,08;217,35;106,99;100,07;103,81;107,76;111,86;116,00;120,24;124,60;129,00;133,52;138,12
2026-01-15;106,99;109,29;117,42;130,20;144,94;156,09;167,91;183,63;197,01;213,51;227,33;106,99;116,99;124,36;138,74;153,77;165,95;179,10;197,43;213,54;228,46;240,74;106,99;110,51;118,19;130,19;144,44;155,52;166,41;180,60;193,51;207,41;218,91;106,99;100,13;103,92;107,97;112,16;116,40;120,74;125,21;129,72;134,36;139,10
2026-01-16;107,01;109,12;117,26;130,04;144,79;155,96;167,79;183,53;196,94;213,48;227,45;107,01;116,80;124,19;138,58;153,63;165,84;179,02;197,39;213,57;228,54;240,87;107,01;110,35;118,04;130,05;144,32;155,43;166,35;180,57;193,53;207,47;219,02;107,01;99,95;103,78;107,84;112,05;116,31;120,68;125,18;129,72;134,40;139,17
2026-01-17;107,01;109,12;117,26;130,04;144,79;155,95;167,79;183,53;196,94;213,47;227,45;107,01;116,79;124,19;138,58;153,63;165,84;179,02;197,39;213,57;228,54;240,87;107,01;110,35;118,04;130,05;144,31;155,42;166,35;180,57;193,53;207,47;219,02;107,01;99,95;103,78;107,84;112,05;116,31;120,68;125,18;129,72;134,40;139,17
2026-01-18;107,00;109,12;117,25;130,04;144,79;155,95;167,79;183,53;196,94;213,47;227,44;107,00;116,79;124,19;138,58;153,63;165,84;179,01;197,39;213,56;228,54;240,86;107,00;110,35;118,04;130,04;144,31;155,42;166,34;180,57;193,53;207,47;219,02;107,00;99,95;103,78;107,83;112,05;116,31;120,68;125,18;129,72;134,40;139,17
2026-01-19;107,01;109,04;117,12;129,82;144,47;155,54;167,26;182,85;196,12;212,48;226,32;107,01;116,77;124,08;138,38;153,30;165,37;178,41;196,58;212,55;227,32;239,42;107,01;110,33;117,94;129,86;144,02;155,00;165,79;179,85;192,62;206,37;217,71;107,01;99,83;103,61;107,62;111,78;115,98;120,29;124,72;129,19;133,79;138,48
2026-01-20;107,01;108,50;116,29;128,65;142,87;153,50;164,73;179,72;192,36;207,98;221,34;107,01;116,30;123,40;137,40;151,96;163,68;176,26;193,92;209,36;223,53;235,03;107,01;109,89;117,28;128,95;142,77;153,42;163,82;177,44;189,74;202,94;213,76;107,01;99,28;102,88;106,65;110,56;114,51;118,54;122,68;126,84;131,11;135,46
2026-01-21;107,02;108,73;116,63;129,12;143,52;154,32;165,74;180,97;193,85;209,75;223,26;107,02;116,46;123,64;137,73;152,45;164,29;177,05;194,88;210,54;224,91;236,64;107,02;110,05;117,48;129,27;143,22;153,98;164,53;178,32;190,79;204,19;215,20;107,02;99,60;103,25;107,10;111,10;115,14;119,26;123,50;127,77;132,15;136,61
2026-01-22;107,02;108,83;116,79;129,34;143,81;154,68;166,19;181,52;194,51;210,54;224,24;107,02;116,59;123,86;138,03;152,87;164,83;177,72;195,73;211,59;226,14;238,08;107,02;110,18;117,69;129,58;143,63;154,51;165,17;179,14;191,78;205,33;216,52;107,02;99,74;103,45;107,37;111,44;115,55;119,76;124,08;128,43;132,91;137,47
2026-01-23;107,04;108,85;116,79;129,33;143,79;154,64;166,12;181,43;194,39;210,38;224,10;107,04;116,62;123,88;138,02;152,83;164,76;177,61;195,59;211,39;225,89;237,78;107,04;110,22;117,73;129,59;143,61;154,47;165,10;179,04;191,64;205,15;216,29;107,04;99,75;103,46;107,36;111,41;115,51;119,70;124,00;128,34;132,79;137,33
2026-01-24;107,04;108,85;116,79;129,33;143,78;154,64;166,12;181,42;194,38;210,38;224,10;107,04;116,62;123,88;138,02;152,83;164,76;177,61;195,59;211,39;225,89;237,78;107,04;110,22;117,73;129,59;143,61;154,47;165,10;179,03;191,63;205,15;216,29;107,04;99,75;103,46;107,36;111,41;115,51;119,69;124,00;128,33;132,79;137,33
2026-01-25;107,04;108,85;116,79;129,33;143,78;154,63;166,12;181,42;194,38;210,38;224,10;107,04;116,62;123,88;138,02;152,83;164,76;177,61;195,59;211,39;225,88;237,77;107,04;110,21;117,72;129,59;143,61;154,47;165,09;179,03;191,63;205,14;216,29;107,04;99,75;103,46;107,36;111,41;115,50;119,69;124,00;128,33;132,79;137,33
2026-01-26;107,04;108,95;116,82;129,27;143,62;154,35;165,70;180,85;193,63;209,43;222,91;107,04;116,77;123,96;137,99;152,69;164,50;177,20;195,00;210,61;224,90;236,56;107,04;110,35;117,80;129,57;143,48;154,22;164,71;178,50;190,93;204,24;215,19;107,04;99,82;103,46;107,29;111,27;115,28;119,38;123,59;127,83;132,18;136,60
2026-01-27;107,05;108,89;116,78;129,25;143,62;154,38;165,76;180,94;193,77;209,61;223,31;107,05;116,76;124,01;138,06;152,80;164,66;177,41;195,29;210,99;225,36;237,10;107,05;110,36;117,84;129,66;143,61;154,40;164,94;178,81;191,31;204,69;215,72;107,05;99,69;103,35;107,20;111,21;115,24;119,37;123,61;127,88;132,27;136,73
2026-01-28;107,05;108,89;116,76;129,22;143,57;154,31;165,66;180,81;193,60;209,41;223,50;107,05;116,74;124,02;138,02;152,75;164,59;177,32;195,16;210,89;225,24;236,93;107,05;110,38;117,84;129,65;143,60;154,36;164,89;178,76;191,23;204,60;215,58;107,05;99,74;103,44;107,29;111,30;115,35;119,49;123,75;128,03;132,43;136,91
2026-01-29;107,05;108,94;116,81;129,26;143,61;154,34;165,68;180,82;193,60;209,38;223,46;107,05;116,83;124,11;138,14;152,87;164,71;177,45;195,31;211,03;225,40;237,08;107,05;110,46;117,94;129,75;143,70;154,48;165,01;178,87;191,35;204,73;215,73;107,05;99,77;103,45;107,27;111,25;115,26;119,37;123,58;127,82;132,18;136,61
2026-01-30;107,07;108,87;116,72;129,15;143,47;154,18;165,50;180,61;193,37;209,12;222,86;107,07;116,77;124,00;138,00;152,69;164,51;177,20;195,01;210,66;224,97;236,60;107,07;110,37;117,84;129,62;143,53;154,28;164,78;178,60;191,04;204,36;215,31;107,07;99,70;103,31;107,10;111,04;115,01;119,07;123,24;127,43;131,73;136,10
2026-01-31;107,07;108,87;116,72;129,15;143,47;154,18;165,50;180,61;193,36;209,12;222,86;107,07;116,77;124,00;138,00;152,69;164,51;177,20;195,01;210,65;224,96;236,60;107,07;110,37;117,84;129,61;143,53;154,28;164,77;178,59;191,03;204,36;215,31;107,07;99,69;103,31;107,10;111,04;115,01;119,07;123,24;127,43;131,73;136,10
2026-02-01;107,07;108,87;116,72;129,15;143,47;154,18;165,50;180,61;193,36;209,11;222,86;107,07;116,77;124,00;138,00;152,69;164,50;177,20;195,01;210,65;224,96;236,59;107,07;110,37;117,84;129,61;143,53;154,28;164,77;178,59;191,03;204,36;215,31;107,07;99,69;103,31;107,10;111,04;115,01;119,07;123,24;127,42;131,73;136,10
2026-02-02;107,07;108,91;116,91;129,52;144,05;155,00;166,58;182,00;195,09;211,24;224,84;107,07;116,79;124,10;138,21;153,09;165,09;177,99;196,06;211,96;226,57;238,50;107,07;110,34;117,89;129,79;143,86;154,77;165,46;179,50;192,17;205,76;216,98;107,07;99,72;103,40;107,31;111,37;115,46;119,65;123,96;128,29;132,75;137,28
2026-02-03;107,07;108,82;116,76;129,29;143,73;154,57;166,04;181,33;194,27;210,25;224,38;107,07;116,68;124,04;138,13;152,99;164,97;177,84;195,88;211,82;226,38;238,31;107,07;110,31;117,84;129,77;143,82;154,72;165,37;179,43;192,10;205,65;216,86;107,07;99,59;103,28;107,13;111,13;115,17;119,30;123,55;127,82;132,21;136,68
2026-02-04;107,08;108,79;116,70;129,19;143,58;154,37;165,78;181,00;193,87;209,76;223,84;107,08;116,71;124,04;138,23;153,06;165,05;177,93;196,00;211,90;226,49;238,42;107,08;110,34;117,92;129,86;143,92;154,84;165,50;179,55;192,23;205,80;217,03;107,08;99,60;103,26;107,07;111,04;115,04;119,14;123,34;127,57;131,91;136,33
2026-02-05;107,09;108,91;116,66;128,97;143,14;153,68;164,81;179,68;192,19;207,65;221,17;107,09;116,83;123,98;137,99;152,58;164,32;176,90;194,59;210,05;224,17;235,70;107,09;110,43;117,86;129,63;143,47;154,15;164,54;178,26;190,60;203,77;214,60;107,09;99,72;103,24;106,88;110,68;114,49;118,38;122,37;126,37;130,47;134,63
2026-02-06;107,10;109,08;117,02;129,55;144,00;154,83;166,29;181,57;194,49;210,45;224,09;107,10;116,98;124,26;138,52;153,38;165,40;178,31;196,41;212,27;226,86;238,84;107,10;110,54;118,13;130,07;144,16;155,09;165,78;179,80;192,50;206,08;217,33;107,10;99,85;103,46;107,26;111,21;115,19;119,25;123,42;127,61;131,91;136,29
2026-02-07;107,10;109,08;117,01;129,55;143,99;154,83;166,29;181,57;194,49;210,44;224,09;107,10;116,98;124,26;138,52;153,38;165,40;178,31;196,41;212,27;226,86;238,84;107,10;110,54;118,13;130,07;144,16;155,09;165,78;179,80;192,49;206,08;217,32;107,10;99,84;103,46;107,26;111,21;115,18;119,25;123,42;127,61;131,91;136,29
2026-02-08;107,10;109,08;117,01;129,55;143,99;154,83;166,28;181,56;194,49;210,44;224,08;107,10;116,98;124,26;138,52;153,38;165,40;178,31;196,40;212,27;226,85;238,83;107,10;110,54;118,13;130,07;144,15;155,09;165,78;179,79;192,49;206,07;217,32;107,10;99,84;103,46;107,26;111,21;115,18;119,25;123,42;127,61;131,91;136,29
2026-02-09;107,10;109,12;117,07;129,63;144,10;154,96;166,44;181,76;194,72;210,71;224,67;107,10;117,02;124,36;138,74;153,65;165,76;178,76;196,99;212,98;227,69;239,83;107,10;110,61;118,28;130,29;144,45;155,48;166,25;180,37;193,20;206,90;218,28;107,10;99,88;103,54;107,36;111,33;115,34;119,44;123,65;127,88;132,22;136,64
2026-02-10;107,11;109,36;117,30;129,84;144,30;155,13;166,58;181,86;194,77;210,72;224,76;107,11;117,26;124,59;139,08;153,98;166,12;179,15;197,42;213,39;228,12;240,29;107,11;110,86;118,57;130,58;144,77;155,82;166,61;180,71;193,56;207,28;218,69;107,11;100,12;103,78;107,58;111,55;115,54;119,63;123,82;128,03;132,36;136,76
2026-02-11;107,11;109,34;117,33;129,94;144,48;155,40;166,96;182,36;195,40;211,50;225,94;107,11;117,25;124,65;139,23;154,20;166,45;179,59;198,00;214,13;229,05;241,35;107,11;110,88;118,66;130,75;145,04;156,18;167,08;181,33;194,31;208,19;219,75;107,11;100,04;103,78;107,62;111,65;115,71;119,86;124,12;128,41;132,82;137,30
2026-02-12;107,12;109,47;117,28;129,67;143,94;154,57;165,79;180,78;193,39;208,97;223,20;107,12;117,33;124,61;139,06;153,81;165,83;178,71;196,81;212,58;227,09;239,06;107,12;110,98;118,67;130,62;144,71;155,65;166,31;180,29;192,99;206,51;217,74;107,12;100,19;103,78;107,44;111,27;115,13;119,06;123,10;127,14;131,29;135,49
2026-02-13;107,13;109,68;117,51;129,92;144,21;154,85;166,09;181,11;193,73;209,34;223,40;107,13;117,61;124,87;139,28;154,05;166,03;178,89;196,94;212,69;227,13;239,05;107,13;111,23;118,87;130,80;144,87;155,78;166,41;180,34;192,99;206,47;217,63;107,13;100,36;103,93;107,58;111,40;115,25;119,16;123,18;127,21;131,33;135,52
2026-02-14;107,13;109,68;117,50;129,92;144,21;154,85;166,09;181,10;193,73;209,34;223,40;107,13;117,61;124,87;139,28;154,04;166,03;178,89;196,94;212,69;227,12;239,05;107,13;111,23;118,87;130,80;144,87;155,78;166,41;180,34;192,99;206,46;217,63;107,13;100,36;103,93;107,58;111,40;115,24;119,16;123,18;127,20;131,33;135,52
2026-02-15;107,13;109,68;117,50;129,92;144,21;154,85;166,09;181,10;193,73;209,34;223,40;107,13;117,61;124,87;139,28;154,04;166,03;178,88;196,94;212,69;227,12;239,04;107,13;111,23;118,87;130,80;144,87;155,78;166,41;180,34;192,99;206,46;217,63;107,13;100,36;103,93;107,58;111,40;115,24;119,16;123,18;127,20;131,33;135,52
2026-02-16;107,14;109,69;117,50;129,91;144,18;154,80;166,02;181,01;193,61;209,19;223,27;107,14;117,56;124,84;139,20;153,96;165,95;178,78;196,82;212,58;227,01;238,92;107,14;111,18;118,80;130,74;144,80;155,71;166,32;180,26;192,90;206,36;217,52;107,14;100,35;103,92;107,56;111,38;115,21;119,13;123,14;127,15;131,27;135,45
2026-02-17;107,14;109,80;117,66;130,11;144,45;155,14;166,43;181,52;194,21;209,90;224,07;107,14;117,66;124,99;139,36;154,20;166,25;179,15;197,29;213,15;227,68;239,68;107,14;111,28;118,93;130,92;145,03;155,99;166,67;180,71;193,43;206,96;218,21;107,14;100,48;104,08;107,77;111,63;115,51;119,47;123,53;127,60;131,78;136,02
2026-02-18;107,14;109,81;117,75;130,31;144,78;155,61;167,05;182,32;195,21;211,13;225,45;107,14;117,71;125,12;139,62;154,60;166,80;179,87;198,23;214,33;229,11;241,34;107,14;111,32;119,06;131,16;145,40;156,50;167,33;181,56;194,49;208,24;219,72;107,14;100,48;104,15;107,92;111,86;115,83;119,88;124,04;128,22;132,51;136,86
2026-02-19;107,15;109,84;117,81;130,41;144,92;155,79;167,28;182,62;195,57;211,57;226,06;107,15;117,72;125,15;139,72;154,73;166,97;180,10;198,51;214,67;229,53;241,83;107,15;111,34;119,11;131,26;145,55;156,70;167,58;181,86;194,85;208,69;220,23;107,15;100,55;104,24;108,03;111,99;115,99;120,06;124,25;128,45;132,77;137,16
2026-02-20;107,17;110,08;118,09;130,74;145,32;156,25;167,80;183,22;196,25;212,34;226,86;107,17;117,84;125,33;139,90;154,99;167,31;180,51;199,03;215,31;230,28;242,68;107,17;111,43;119,23;131,44;145,79;156,99;167,94;182,34;195,41;209,34;220,98;107,17;100,63;104,34;108,18;112,19;116,24;120,37;124,61;128,88;133,26;137,71
2026-02-21;107,16;110,08;118,09;130,74;145,31;156,24;167,80;183,21;196,25;212,34;226,86;107,16;117,84;125,33;139,90;154,99;167,31;180,51;199,02;215,31;230,28;242,68;107,16;111,43;119,22;131,43;145,79;156,99;167,94;182,33;195,40;209,34;220,98;107,16;100,63;104,34;108,18;112,19;116,24;120,37;124,61;128,88;133,26;137,71
2026-02-22;107,16;110,08;118,09;130,74;145,31;156,24;167,80;183,21;196,25;212,34;226,85;107,16;117,83;125,32;139,89;154,99;167,30;180,50;199,02;215,30;230,28;242,67;107,16;111,43;119,22;131,43;145,78;156,99;167,94;182,33;195,40;209,34;220,98;107,16;100,63;104,33;108,18;112,19;116,23;120,37;124,61;128,88;133,26;137,71
2026-02-23;107,17;109,99;117,88;130,39;144,80;155,54;166,90;182,06;194,84;210,62;225,23;107,17;117,89;125,33;139,78;154,73;166,91;179,94;198,25;214,33;229,04;241,21;107,17;111,52;119,25;131,33;145,56;156,64;167,43;181,63;194,52;208,22;219,64;107,17;100,66;104,31;108,02;111,92;115,84;119,84;123,94;128,05;132,27;136,56
2026-02-24;107,17;110,07;118,05;130,67;145,20;156,09;167,60;182,95;195,93;211,94;226,81;107,17;117,97;125,49;140,02;155,11;167,40;180,58;199,07;215,36;230,29;242,65;107,17;111,59;119,38;131,55;145,89;157,08;168,00;182,36;195,40;209,30;220,90;107,17;100,74;104,46;108,26;112,24;116,26;120,36;124,57;128,80;133,14;137,55
2026-02-25;107,18;110,10;118,16;130,87;145,52;156,52;168,17;183,70;196,84;213,07;228,29;107,18;118,04;125,67;140,27;155,48;167,91;181,23;199,90;216,41;231,56;244,12;107,18;111,68;119,54;131,80;146,25;157,56;168,62;183,16;196,37;210,46;222,25;107,18;100,75;104,56;108,45;112,54;116,66;120,87;125,20;129,55;134,03;138,59
2026-02-26;107,18;110,18;118,20;130,87;145,47;156,42;168,00;183,45;196,51;212,63;227,87;107,18;118,11;125,72;140,37;155,55;167,97;181,27;199,94;216,40;231,52;244,07;107,18;111,75;119,62;131,89;146,33;157,63;168,68;183,18;196,39;210,46;222,24;107,18;100,81;104,59;108,47;112,53;116,62;120,80;125,10;129,43;133,87;138,39
2026-02-27;107,20;110,34;118,32;130,94;145,48;156,36;167,86;183,20;196,16;212,16;227,19;107,20;118,29;125,86;140,52;155,64;168,02;181,26;199,87;216,23;231,26;243,73;107,20;111,90;119,77;132,02;146,42;157,70;168,68;183,13;196,27;210,27;221,98;107,20;100,96;104,68;108,48;112,46;116,47;120,56;124,77;128,99;133,32;137,72
2026-02-28;107,20;110,33;118,31;130,94;145,48;156,36;167,86;183,20;196,16;212,16;227,19;107,20;118,29;125,86;140,51;155,64;168,02;181,26;199,87;216,23;231,26;243,72;107,20;111,90;119,77;132,02;146,42;157,69;168,68;183,13;196,27;210,27;221,98;107,20;100,96;104,68;108,48;112,46;116,47;120,56;124,76;128,98;133,32;137,72
2026-03-01;107,20;110,33;118,31;130,94;145,47;156,36;167,86;183,20;196,16;212,15;227,18;107,20;118,29;125,85;140,51;155,63;168,02;181,26;199,87;216,23;231,25;243,72;107,20;111,90;119,76;132,01;146,42;157,69;168,68;183,13;196,27;210,27;221,97;107,20;100,96;104,67;108,48;112,45;116,46;120,56;124,76;128,98;133,32;137,72
2026-03-02;107,20;110,07;118,13;130,85;145,51;156,53;168,19;183,73;196,89;213,14;228,21;107,20;117,89;125,44;140,12;155,26;167,65;180,95;199,57;215,96;231,09;243,59;107,20;111,52;119,36;131,63;146,07;157,35;168,39;182,86;196,03;210,11;221,85;107,20;100,67;104,41;108,29;112,34;116,43;120,61;124,90;129,21;133,64;138,15
2026-03-03;107,20;109,66;117,64;130,25;144,78;155,68;167,20;182,57;195,56;211,60;226,00;107,20;117,39;124,74;139,16;154,05;166,13;179,14;197,31;213,24;227,92;239,98;107,20;111,00;118,65;130,74;144,93;155,93;166,71;180,85;193,62;207,35;218,65;107,20;100,29;103,94;107,73;111,68;115,66;119,72;123,89;128,08;132,38;136,74
2026-03-04;107,21;109,72;117,72;130,34;144,89;155,81;167,35;182,74;195,77;211,84;225,32;107,21;117,57;124,82;139,11;153,99;165,99;178,89;196,96;212,78;227,33;239,22;107,21;111,08;118,64;130,70;144,82;155,74;166,42;180,48;193,15;206,72;217,90;107,21;100,32;103,88;107,64;111,53;115,45;119,45;123,56;127,67;131,90;136,18
2026-03-05;107,21;109,36;117,35;129,96;144,50;155,42;166,97;182,36;195,39;211,48;225,61;107,21;117,07;124,39;138,73;153,60;165,63;178,60;196,72;212,62;227,26;239,27;107,21;110,69;118,30;130,35;144,50;155,46;166,21;180,31;193,05;206,71;217,98;107,21;100,08;103,71;107,53;111,49;115,47;119,55;123,73;127,93;132,24;136,63
2026-03-06;107,23;109,02;116,88;129,32;143,66;154,37;165,70;180,81;193,56;209,30;223,28;107,23;116,77;123,98;138,19;152,85;164,69;177,45;195,29;210,90;225,24;236,94;107,23;110,42;117,94;129,82;143,80;154,59;165,13;178,98;191,48;204,89;215,87;107,23;99,77;103,31;107,00;110,83;114,69;118,63;122,66;126,71;130,86;135,07
2026-03-07;107,23;109,01;116,88;129,32;143,66;154,37;165,69;180,81;193,55;209,30;223,28;107,23;116,77;123,98;138,18;152,85;164,69;177,45;195,29;210,90;225,24;236,94;107,23;110,42;117,94;129,82;143,80;154,58;165,13;178,98;191,47;204,88;215,86;107,23;99,76;103,31;107,00;110,83;114,69;118,62;122,66;126,71;130,85;135,06
2026-03-08;107,23;109,01;116,88;129,32;143,65;154,37;165,69;180,80;193,55;209,30;223,27;107,23;116,77;123,98;138,18;152,84;164,69;177,44;195,28;210,89;225,23;236,94;107,23;110,41;117,94;129,82;143,79;154,58;165,13;178,98;191,47;204,88;215,86;107,23;99,76;103,31;106,99;110,83;114,69;118,62;122,66;126,70;130,85;135,06
2026-03-09;107,23;109,09;116,97;129,43;143,78;154,52;165,86;181,01;193,78;209,56;222,86;107,23;116,91;124,02;138,02;152,63;164,32;176,93;194,57;209,98;224,09;235,57;107,23;110,46;117,85;129,64;143,50;154,15;164,56;178,26;190,55;203,78;214,53;107,23;99,86;103,31;106,97;110,76;114,56;118,44;122,41;126,39;130,47;134,61
2026-03-10;107,24;109,12;117,00;129,46;143,82;154,55;165,89;181,03;193,80;209,57;223,52;107,24;117,00;124,25;138,39;153,10;164,97;177,72;195,59;211,26;225,62;237,31;107,24;110,62;118,14;130,03;144,02;154,82;165,36;179,26;191,77;205,16;216,16;107,24;99,79;103,32;107,02;110,86;114,72;118,65;122,69;126,73;130,88;135,09
2026-03-11;107,24;108,70;116,65;129,19;143,65;154,51;166,00;181,31;194,28;210,28;224,71;107,24;116,45;123,80;138,02;152,82;164,82;177,73;195,77;211,66;226,27;238,20;107,24;110,14;117,74;129,71;143,80;154,72;165,42;179,49;192,18;205,80;217,02;107,24;99,37;103,02;106,81;110,76;114,74;118,80;122,98;127,17;131,48;135,85
2026-03-12;107,25;108,27;116,11;128,50;142,78;153,46;164,75;179,82;192,54;208,25;222,35;107,25;116,11;123,34;137,39;152,00;163,81;176,50;194,27;209,88;224,21;235,82;107,25;109,80;117,29;129,10;143,00;153,75;164,25;178,07;190,52;203,88;214,82;107,25;99,00;102,53;106,19;110,00;113,83;117,74;121,75;125,77;129,89;134,07
2026-03-13;107,26;108,08;115,92;128,30;142,57;153,26;164,56;179,63;192,35;208,07;221,98;107,26;115,88;123,08;137,11;151,70;163,48;176,15;193,88;209,44;223,74;235,33;107,26;109,55;117,03;128,81;142,69;153,42;163,91;177,69;190,11;203,46;214,37;107,26;98,80;102,32;105,97;109,77;113,59;117,49;121,49;125,50;129,61;133,78
2026-03-14;107,26;108,08;115,91;128,30;142,57;153,26;164,55;179,62;192,35;208,07;221,98;107,26;115,88;123,08;137,11;151,70;163,48;176,15;193,88;209,44;223,74;235,33;107,26;109,55;117,02;128,81;142,69;153,42;163,91;177,69;190,11;203,46;214,37;107,26;98,80;102,32;105,97;109,77;113,59;117,49;121,49;125,49;129,60;133,77
2026-03-15;107,26;108,08;115,91;128,30;142,57;153,25;164,55;179,62;192,35;208,07;221,98;107,26;115,88;123,07;137,11;151,69;163,48;176,15;193,88;209,43;223,74;235,33;107,26;109,55;117,02;128,81;142,69;153,42;163,90;177,69;190,11;203,45;214,37;107,26;98,80;102,32;105,97;109,77;113,59;117,49;121,49;125,49;129,60;133,77
2026-03-16;107,26;108,40;116,29;128,76;143,12;153,89;165,29;180,48;193,33;209,19;223,23;107,26;116,27;123,52;137,58;152,25;164,09;176,83;194,65;210,32;224,71;236,37;107,26;109,91;117,40;129,25;143,19;153,98;164,52;178,39;190,88;204,32;215,31;107,26;99,09;102,64;106,34;110,18;114,05;118,00;122,05;126,11;130,27;134,50
2026-03-17;107,26;108,59;116,48;128,95;143,32;154,09;165,48;180,67;193,51;209,36;223,54;107,26;116,47;123,76;137,85;152,57;164,46;177,24;195,13;210,87;225,30;237,04;107,26;110,11;117,63;129,52;143,51;154,33;164,91;178,85;191,39;204,87;215,92;107,26;99,29;102,86;106,55;110,40;114,28;118,23;122,29;126,35;130,53;134,76
2026-03-18;107,27;108,25;116,04;128,37;142,57;153,18;164,38;179,34;191,95;207,52;221,95;107,27;116,08;123,33;137,42;152,01;163,83;176,52;194,30;209,92;224,25;235,87;107,27;109,80;117,31;129,12;143,02;153,79;164,29;178,10;190,56;203,94;214,89;107,27;99,00;102,54;106,16;109,95;113,76;117,64;121,62;125,61;129,69;133,84
2026-03-19;107,28;108,08;115,77;127,99;142,04;152,50;163,54;178,30;190,69;206,02;219,79;107,28;115,87;122,93;136,81;151,17;162,70;175,11;192,50;207,69;221,61;232,80;107,28;109,55;116,88;128,51;142,20;152,70;162,95;176,43;188,53;201,56;212,10;107,28;98,86;102,27;105,78;109,44;113,12;116,86;120,69;124,52;128,44;132,41
2026-03-20;107,29;107,28;114,79;126,76;140,53;150,71;161,43;175,80;187,82;202,68;216,13;107,29;114,99;121,88;135,52;149,57;160,82;172,91;189,88;204,65;218,15;228,92;107,29;108,73;115,90;127,31;140,72;150,96;160,93;174,06;185,80;198,45;208,61;107,29;98,10;101,39;104,76;108,28;111,81;115,39;119,06;122,71;126,45;130,23
2026-03-21;107,29;107,28;114,79;126,76;140,53;150,70;161,43;175,80;187,81;202,68;216,13;107,29;114,99;121,88;135,52;149,57;160,82;172,91;189,88;204,65;218,15;228,92;107,29;108,73;115,90;127,31;140,72;150,96;160,93;174,06;185,80;198,45;208,61;107,29;98,09;101,39;104,76;108,28;111,81;115,39;119,05;122,71;126,45;130,23
2026-03-22;107,29;107,28;114,79;126,76;140,52;150,70;161,43;175,80;187,81;202,68;216,13;107,29;114,99;121,88;135,52;149,57;160,82;172,90;189,87;204,65;218,15;228,91;107,29;108,73;115,90;127,31;140,72;150,96;160,93;174,06;185,80;198,44;208,60;107,29;98,09;101,38;104,76;108,28;111,81;115,39;119,05;122,71;126,45;130,23
2026-03-23;107,29;107,53;115,08;127,12;140,96;151,21;162,01;176,48;188,59;203,57;216,32;107,29;115,30;122,13;135,84;149,96;161,25;173,38;190,42;205,18;218,72;229,57;107,29;108,93;116,12;127,54;140,99;151,27;161,27;174,42;186,20;198,89;209,10;107,29;98,35;101,56;104,95;108,45;111,95;115,51;119,14;122,77;126,48;130,23
2026-03-24;107,30;107,37;114,92;126,95;140,79;151,05;161,86;176,33;188,45;203,44;216,61;107,30;115,09;121,99;135,66;149,81;161,13;173,28;190,35;205,23;218,81;229,71;107,30;108,78;115,95;127,41;140,87;151,17;161,20;174,41;186,23;198,95;209,21;107,30;98,21;101,46;104,84;108,35;111,86;115,43;119,08;122,73;126,45;130,21
2026-03-25;107,30;107,87;115,52;127,68;141,67;152,06;163,03;177,70;190,01;205,22;218,86;107,30;115,61;122,65;136,54;150,89;162,42;174,82;192,20;207,38;221,28;232,50;107,30;109,30;116,62;128,25;141,91;152,41;162,65;176,11;188,21;201,20;211,77;107,30;98,66;102,03;105,49;109,10;112,72;116,41;120,17;123,94;127,79;131,69
2026-03-26;107,31;107,18;114,70;126,67;140,44;150,62;161,36;175,74;187,76;202,64;215,88;107,31;114,86;121,75;135,49;149,60;160,94;173,10;190,19;205,05;218,64;229,58;107,31;108,59;115,79;127,27;140,73;151,05;161,08;174,29;186,14;198,86;209,16;107,31;98,02;101,29;104,62;108,10;111,58;115,12;118,73;122,34;126,02;129,75
2026-03-27;107,33;106,85;114,22;126,01;139,56;149,53;160,02;174,10;185,82;200,34;213,37;107,33;114,47;121,25;134,85;148,75;159,90;171,83;188,64;203,21;216,47;227,14;107,33;108,22;115,33;126,66;139,93;150,09;159,91;172,89;184,50;196,95;206,99;107,33;97,62;100,78;103,98;107,31;110,65;114,03;117,48;120,91;124,42;127,95
2026-03-28;107,33;106,84;114,22;126,01;139,56;149,53;160,02;174,10;185,82;200,33;213,37;107,33;114,47;121,25;134,84;148,75;159,90;171,83;188,64;203,21;216,47;227,14;107,33;108,22;115,33;126,66;139,93;150,08;159,91;172,89;184,50;196,95;206,99;107,33;97,62;100,78;103,97;107,31;110,65;114,03;117,48;120,91;124,41;127,95
2026-03-29;107,32;106,84;114,21;126,00;139,56;149,52;160,02;174,09;185,81;200,33;213,37;107,32;114,47;121,25;134,84;148,75;159,89;171,83;188,64;203,20;216,47;227,14;107,32;108,22;115,33;126,66;139,93;150,08;159,91;172,88;184,50;196,94;206,99;107,32;97,62;100,78;103,97;107,31;110,64;114,03;117,48;120,91;124,41;127,95
2026-03-30;107,33;107,24;114,60;126,40;139,95;149,90;160,38;174,44;186,13;200,62;213,33;107,33;115,09;121,83;135,35;149,26;160,35;172,21;188,96;203,46;216,58;227,15;107,33;108,74;115,81;127,13;140,36;150,46;160,21;173,14;184,67;197,04;206,97;107,33;98,02;101,12;104,28;107,57;110,85;114,17;117,56;120,93;124,37;127,83
2026-03-31;107,33;107,79;115,35;127,40;141,26;151,52;162,33;176,81;188,92;203,91;216,43;107,33;115,41;122,24;135,90;150,04;161,33;173,44;190,47;205,24;218,72;229,57;107,33;109,00;116,14;127,63;141,06;151,34;161,31;174,49;186,27;198,93;209,12;107,33;98,35;101,55;104,90;108,36;111,83;115,35;118,94;122,52;126,18;129,88
2026-04-01;107,34;107,87;115,51;127,65;141,62;151,99;162,94;177,57;189,85;205,03;218,35;107,34;115,65;122,68;136,63;150,99;162,58;174,99;192,44;207,64;221,56;232,85;107,34;109,29;116,66;128,33;142,00;152,56;162,80;176,31;188,48;201,50;212,13;107,34;98,57;101,90;105,35;108,93;112,53;116,18;119,92;123,66;127,48;131,34
2026-04-02;107,37;107,96;115,65;127,86;141,91;152,36;163,40;178,15;190,54;205,85;219,00;107,37;115,87;122,89;136,81;151,21;162,79;175,21;192,66;207,88;221,77;233,06;107,37;109,46;116,80;128,50;142,18;152,73;162,98;176,51;188,66;201,70;212,31;107,37;98,71;102,04;105,51;109,11;112,72;116,39;120,15;123,90;127,73;131,61
2026-04-03;107,36;107,96;115,65;127,86;141,91;152,36;163,40;178,14;190,53;205,85;219,00;107,36;115,87;122,89;136,81;151,21;162,79;175,21;192,66;207,88;221,77;233,06;107,36;109,46;116,80;128,50;142,18;152,73;162,98;176,51;188,66;201,70;212,31;107,36;98,71;102,04;105,51;109,11;112,72;116,39;120,15;123,89;127,73;131,61
2026-04-04;107,36;107,96;115,65;127,86;141,91;152,36;163,39;178,14;190,53;205,85;219,00;107,36;115,87;122,88;136,81;151,21;162,79;175,21;192,66;207,87;221,76;233,06;107,36;109,46;116,80;128,50;142,18;152,73;162,97;176,50;188,65;201,70;212,31;107,36;98,71;102,04;105,51;109,11;112,72;116,39;120,14;123,89;127,73;131,61
2026-04-05;107,36;107,96;115,65;127,86;141,91;152,36;163,39;178,14;190,53;205,84;219,00;107,36;115,87;122,88;136,81;151,21;162,78;175,21;192,65;207,87;221,76;233,06;107,36;109,46;116,80;128,50;142,18;152,72;162,97;176,50;188,65;201,70;212,30;107,36;98,70;102,04;105,51;109,11;112,72;116,39;120,14;123,89;127,73;131,61
2026-04-06;107,36;107,97;115,72;127,99;142,12;152,67;163,80;178,67;191,19;206,66;220,13;107,36;115,81;122,90;136,91;151,41;163,10;175,64;193,24;208,63;222,73;234,18;107,36;109,43;116,83;128,59;142,37;153,02;163,38;177,03;189,32;202,53;213,30;107,36;98,76;102,15;105,69;109,36;113,04;116,79;120,63;124,46;128,39;132,37
2026-04-07;107,36;107,77;115,49;127,73;141,81;152,31;163,40;178,21;190,67;206,07;219,62;107,36;115,43;122,51;136,48;150,92;162,55;175,06;192,58;207,90;221,89;233,35;107,36;109,10;116,48;128,22;141,95;152,56;162,89;176,50;188,75;201,91;212,63;107,36;98,54;101,94;105,46;109,12;112,79;116,53;120,36;124,19;128,11;132,08
2026-04-08;107,37;108,59;116,52;129,03;143,44;154,27;165,71;180,96;193,87;209,80;224,43;107,37;116,49;123,91;138,29;153,19;165,32;178,35;196,59;212,67;227,44;239,57;107,37;110,16;117,86;129,94;144,11;155,17;165,97;180,18;193,05;206,84;218,25;107,37;99,30;102,95;106,70;110,62;114,57;118,60;122,73;126,88;131,14;135,46
2026-04-09;107,37;108,44;116,42;129,00;143,49;154,40;165,95;181,33;194,37;210,46;225,03;107,37;116,24;123,68;138,05;153,01;165,18;178,28;196,58;212,74;227,58;239,84;107,37;109,91;117,61;129,75;143,96;155,06;165,91;180,21;193,15;207,03;218,52;107,37;99,13;102,80;106,61;110,58;114,58;118,66;122,86;127,07;131,39;135,79
2026-04-10;107,39;108,46;116,40;128,93;143,37;154,22;165,70;180,99;193,95;209,93;224,64;107,39;116,11;123,58;137,92;152,86;165,03;178,11;196,40;212,59;227,41;239,68;107,39;109,83;117,53;129,64;143,83;154,93;165,77;180,07;193,01;206,85;218,35;107,39;99,00;102,70;106,50;110,47;114,48;118,57;122,77;126,98;131,31;135,72
2026-04-11;107,39;108,46;116,40;128,93;143,37;154,22;165,70;180,99;193,94;209,93;224,63;107,39;116,11;123,58;137,91;152,86;165,03;178,11;196,40;212,59;227,41;239,68;107,39;109,83;117,53;129,64;143,83;154,93;165,77;180,07;193,01;206,85;218,35;107,39;99,00;102,70;106,50;110,47;114,47;118,56;122,76;126,98;131,31;135,72
2026-04-12;107,39;108,45;116,40;128,93;143,37;154,22;165,70;180,99;193,94;209,92;224,63;107,39;116,10;123,58;137,91;152,86;165,03;178,11;196,40;212,59;227,41;239,67;107,39;109,83;117,53;129,64;143,83;154,92;165,77;180,07;193,01;206,85;218,35;107,39;99,00;102,70;106,50;110,47;114,47;118,56;122,76;126,98;131,31;135,71
2026-04-13;107,39;108,37;116,43;129,09;143,69;154,72;166,40;181,94;195,15;211,44;226,16;107,39;116,11;123,63;138,03;153,10;165,36;178,57;197,00;213,33;228,30;240,78;107,39;109,82;117,56;129,74;144,03;155,21;166,17;180,59;193,67;207,67;219,32;107,39;99,13;102,89;106,78;110,85;114,95;119,14;123,45;127,78;132,24;136,77
2026-04-14;107,40;108,74;116,84;129,57;144,24;155,34;167,09;182,73;196,03;212,43;227,38;107,40;116,53;124,12;138,60;153,77;166,13;179,45;198,02;214,51;229,63;242,24;107,40;110,23;118,04;130,29;144,67;155,94;166,99;181,53;194,73;208,84;220,62;107,40;99,51;103,32;107,28;111,41;115,59;119,86;124,25;128,67;133,22;137,85
2026-04-15;107,40;108,90;117,07;129,90;144,69;155,90;167,79;183,59;197,06;213,66;228,96;107,40;116,51;124,18;138,73;153,98;166,44;179,89;198,60;215,25;230,57;243,32;107,40;110,24;118,11;130,39;144,87;156,23;167,40;182,05;195,37;209,66;221,58;107,40;99,53;103,45;107,52;111,78;116,08;120,49;125,03;129,61;134,33;139,13
2026-04-16;107,41;108,71;116,94;129,84;144,71;156,03;168,03;183,97;197,60;214,38;230,12;107,41;116,50;124,25;138,92;154,27;166,85;180,43;199,32;216,16;231,71;244,63;107,41;110,25;118,20;130,54;145,13;156,59;167,89;182,67;196,14;210,62;222,72;107,41;99,48;103,49;107,63;111,97;116,36;120,87;125,51;130,20;135,03;139,95
2026-04-17;107,42;109,15;117,48;130,49;145,50;156,96;169,11;185,23;199,04;216,05;231,66;107,42;117,06;124,87;139,62;155,13;167,83;181,55;200,62;217,64;233,36;246,46;107,42;110,75;118,74;131,20;145,90;157,47;168,88;183,82;197,44;212,06;224,33;107,42;99,92;103,97;108,20;112,62;117,10;121,70;126,44;131,23;136,17;141,21
2026-04-18;107,42;109,15;117,48;130,48;145,50;156,95;169,11;185,23;199,04;216,04;231,66;107,42;117,06;124,87;139,62;155,13;167,83;181,55;200,62;217,64;233,36;246,45;107,42;110,75;118,74;131,20;145,90;157,47;168,88;183,82;197,44;212,06;224,32;107,42;99,92;103,97;108,20;112,62;117,10;121,70;126,44;131,23;136,16;141,21
2026-04-19;107,42;109,15;117,47;130,48;145,50;156,95;169,11;185,23;199,04;216,04;231,66;107,42;117,06;124,87;139,62;155,12;167,83;181,54;200,61;217,64;233,36;246,45;107,42;110,75;118,74;131,19;145,89;157,47;168,88;183,81;197,44;212,06;224,32;107,42;99,92;103,97;108,20;112,62;117,10;121,70;126,44;131,23;136,16;141,21
2026-04-20;107,43;109,08;117,42;130,44;145,47;156,94;169,11;185,26;199,10;216,13;231,90;107,43;116,94;124,76;139,53;155,03;167,74;181,47;200,54;217,58;233,32;246,43;107,43;110,66;118,65;131,11;145,82;157,40;168,83;183,76;197,39;212,04;224,31;107,43;99,86;103,94;108,19;112,63;117,13;121,75;126,52;131,34;136,30;141,38
2026-04-21;107,43;108,83;117,11;130,05;144,98;156,36;168,43;184,44;198,15;215,03;231,02;107,43;116,67;124,49;139,19;154,63;167,27;180,94;199,92;216,91;232,58;245,59;107,43;110,44;118,40;130,81;145,47;156,99;168,36;183,24;196,79;211,37;223,56;107,43;99,63;103,71;107,93;112,35;116,83;121,43;126,18;130,97;135,92;140,96
2026-04-22;107,44;108,96;117,35;130,42;145,52;157,07;169,34;185,60;199,56;216,74;232,80;107,44;116,80;124,65;139,42;154,94;167,66;181,45;200,55;217,65;233,48;246,62;107,44;110,54;118,54;130,98;145,73;157,32;168,80;183,75;197,41;212,13;224,43;107,44;99,76;103,90;108,22;112,73;117,31;122,02;126,88;131,80;136,87;142,06
2026-04-23;107,44;108,79;117,14;130,17;145,23;156,73;168,95;185,15;199,04;216,15;232,10;107,44;116,69;124,52;139,22;154,71;167,38;181,11;200,13;217,18;232,94;245,99;107,44;110,43;118,39;130,79;145,48;157,03;168,46;183,35;196,94;211,60;223,83;107,44;99,58;103,66;107,92;112,36;116,88;121,51;126,28;131,11;136,09;141,18
2026-04-24;107,46;108,90;117,31;130,42;145,56;157,16;169,48;185,80;199,84;217,10;233,28;107,46;116,86;124,73;139,47;155,02;167,73;181,54;200,63;217,77;233,60;246,74;107,46;110,59;118,58;131,00;145,76;157,34;168,83;183,79;197,43;212,19;224,48;107,46;99,70;103,86;108,19;112,71;117,31;122,04;126,91;131,85;136,94;142,15
2026-04-25;107,46;108,90;117,31;130,42;145,56;157,15;169,47;185,80;199,83;217,10;233,28;107,46;116,86;124,73;139,47;155,02;167,73;181,53;200,63;217,76;233,60;246,73;107,46;110,59;118,58;131,00;145,76;157,34;168,83;183,78;197,43;212,19;224,48;107,46;99,70;103,86;108,18;112,71;117,31;122,04;126,91;131,85;136,94;142,15
2026-04-26;107,45;108,90;117,31;130,41;145,56;157,15;169,47;185,80;199,83;217,09;233,27;107,45;116,86;124,73;139,46;155,01;167,73;181,53;200,63;217,76;233,60;246,73;107,45;110,59;118,58;131,00;145,75;157,34;168,83;183,78;197,43;212,19;224,47;107,45;99,70;103,86;108,18;112,71;117,31;122,03;126,91;131,85;136,94;142,15
2026-04-27;107,46;108,89;117,29;130,38;145,49;157,06;169,35;185,64;199,63;216,85;233,23;107,46;116,57;124,48;139,24;154,79;167,53;181,37;200,50;217,69;233,60;246,78;107,46;110,36;118,37;130,79;145,56;157,17;168,69;183,67;197,36;212,17;224,51;107,46;99,53;103,73;108,07;112,63;117,26;122,01;126,92;131,90;137,03;142,29
2026-04-28;107,46;108,61;116,98;130,04;145,12;156,67;168,93;185,19;199,15;216,33;232,62;107,46;116,48;124,34;139,09;154,57;167,27;181,05;200,11;217,20;233,04;246,14;107,46;110,26;118,25;130,62;145,34;156,91;168,39;183,28;196,91;211,65;223,92;107,46;99,43;103,58;107,89;112,40;116,98;121,69;126,54;131,46;136,53;141,72
2026-04-29;107,46;108,61;116,98;130,04;145,12;156,67;168,93;185,18;199,15;216,33;232,62;107,46;116,48;124,34;139,08;154,56;167,25;181,03;200,08;217,17;233,01;246,10;107,46;110,26;118,25;130,61;145,33;156,90;168,37;183,26;196,88;211,62;223,88;107,46;99,26;103,41;107,74;112,26;116,86;121,59;126,47;131,41;136,50;141,72
2026-04-30;107,49;108,54;117,02;130,20;145,44;157,15;169,61;186,11;200,33;217,81;233,96;107,49;116,54;124,43;139,27;154,87;167,69;181,60;200,83;218,09;234,16;247,40;107,49;110,27;118,32;130,79;145,61;157,29;168,88;183,92;197,70;212,62;225,06;107,49;99,33;103,49;107,87;112,44;117,09;121,86;126,79;131,79;136,95;142,23
2026-05-01;107,49;108,62;117,09;130,27;145,50;157,20;169,65;186,12;200,32;217,78;233,85;107,49;116,59;124,47;139,32;154,92;167,74;181,65;200,88;218,12;234,18;247,43;107,49;110,31;118,36;130,84;145,67;157,34;168,94;183,98;197,76;212,68;225,11;107,49;99,34;103,50;107,90;112,48;117,14;121,93;126,87;131,88;137,06;142,36
2026-05-02;107,49;108,62;117,09;130,27;145,50;157,20;169,65;186,12;200,32;217,78;233,85;107,49;116,59;124,47;139,32;154,92;167,74;181,65;200,88;218,12;234,18;247,42;107,49;110,31;118,36;130,84;145,66;157,34;168,94;183,97;197,75;212,67;225,11;107,49;99,34;103,50;107,90;112,48;117,14;121,93;126,87;131,88;137,06;142,35
2026-05-03;107,49;108,62;117,09;130,27;145,49;157,20;169,64;186,12;200,32;217,78;233,85;107,49;116,59;124,46;139,32;154,92;167,73;181,65;200,88;218,12;234,17;247,42;107,49;110,31;118,36;130,84;145,66;157,34;168,93;183,97;197,75;212,67;225,11;107,49;99,34;103,50;107,90;112,48;117,13;121,92;126,87;131,88;137,06;142,35
2026-05-04;107,49;108,39;116,86;130,03;145,26;156,96;169,42;185,90;200,11;217,59;234,52;107,49;116,31;124,29;139,16;154,80;167,66;181,65;200,95;218,35;234,54;247,88;107,49;110,14;118,22;130,70;145,57;157,30;168,97;184,07;197,92;212,95;225,48;107,49;99,25;103,52;107,95;112,59;117,31;122,17;127,19;132,28;137,54;142,93
2026-05-05;107,49;108,53;117,08;130,36;145,71;157,55;170,15;186,82;201,22;218,93;235,95;107,49;116,53;124,59;139,57;155,36;168,37;182,53;202,05;219,69;236,11;249,70;107,49;110,33;118,49;131,07;146,08;157,94;169,75;185,04;199,10;214,34;227,09;107,49;99,36;103,68;108,19;112,92;117,73;122,69;127,81;133,01;138,39;143,91
2026-05-06;107,50;109,08;117,77;131,23;146,79;158,84;171,68;188,64;203,34;221,40;239,14;107,50;117,17;125,45;140,58;156,65;169,92;184,37;204,27;222,36;239,19;253,18;107,50;110,97;119,28;132,06;147,30;159,40;171,48;187,12;201,52;217,12;230,25;107,50;99,90;104,36;109,04;113,93;118,93;124,08;129,42;134,84;140,46;146,23
2026-05-07;107,51;108,96;117,59;130,98;146,46;158,43;171,17;188,01;202,59;220,51;238,48;107,51;116,97;125,23;140,42;156,39;169,64;184,05;203,91;221,90;238,71;252,64;107,51;110,83;119,16;131,89;147,12;159,19;171,25;186,82;201,18;216,74;229,83;107,51;99,81;104,31;108,96;113,86;118,86;124,02;129,36;134,79;140,41;146,19
2026-05-08;107,52;109,09;117,77;131,22;146,77;158,81;171,63;188,58;203,26;221,30;239,15;107,52;117,07;125,32;140,53;156,55;169,81;184,27;204,16;222,18;239,03;253,01;107,52;110,90;119,23;131,96;147,22;159,30;171,40;186,97;201,34;216,96;230,07;107,52;99,97;104,48;109,20;114,15;119,21;124,42;129,83;135,32;141,02;146,87
2026-05-09;107,52;109,09;117,77;131,22;146,77;158,81;171,63;188,57;203,26;221,29;239,14;107,52;117,07;125,32;140,53;156,55;169,81;184,27;204,16;222,18;239,03;253,01;107,52;110,90;119,23;131,96;147,22;159,30;171,40;186,97;201,34;216,96;230,07;107,52;99,97;104,48;109,20;114,15;119,21;124,42;129,82;135,32;141,02;146,87
2026-05-10;107,52;109,09;117,77;131,22;146,77;158,81;171,63;188,57;203,25;221,29;239,14;107,52;117,07;125,31;140,53;156,55;169,81;184,27;204,16;222,18;239,03;253,00;107,52;110,90;119,22;131,96;147,21;159,30;171,39;186,97;201,34;216,95;230,06;107,52;99,97;104,48;109,20;114,15;119,20;124,42;129,82;135,32;141,02;146,87
2026-05-11;107,52;108,87;117,58;131,05;146,64;158,73;171,61;188,63;203,39;221,53;239,62;107,52;116,87;125,17;140,40;156,46;169,77;184,30;204,26;222,40;239,35;253,43;107,52;110,73;119,09;131,83;147,13;159,26;171,41;187,05;201,51;217,21;230,42;107,52;99,75;104,28;109,03;114,01;119,09;124,35;129,79;135,33;141,08;146,98
2026-05-12;107,53;108,57;117,30;130,80;146,41;158,54;171,48;188,55;203,38;221,60;239,53;107,53;116,54;124,79;140,02;156,04;169,32;183,84;203,75;221,81;238,76;252,80;107,53;110,41;118,76;131,47;146,74;158,85;170,99;186,59;201,01;216,71;229,89;107,53;99,46;103,98;108,73;113,71;118,80;124,05;129,49;135,03;140,78;146,68
2026-05-13;107,53;108,66;117,49;131,11;146,88;159,18;172,30;189,61;204,69;223,20;241,41;107,53;116,65;125,01;140,39;156,57;170,05;184,77;204,97;223,31;240,57;254,94;107,53;110,50;118,97;131,78;147,21;159,50;171,83;187,64;202,32;218,32;231,78;107,53;99,56;104,15;109,00;114,08;119,28;124,65;130,22;135,90;141,79;147,86
2026-05-14;107,53;108,82;117,76;131,51;147,45;159,92;173,24;190,78;206,12;224,94;243,49;107,53;116,91;125,37;140,84;157,19;170,81;185,72;206,14;224,74;242,29;256,87;107,53;110,74;119,29;132,20;147,77;160,20;172,70;188,69;203,57;219,80;233,49;107,53;99,72;104,39;109,35;114,54;119,86;125,35;131,06;136,89;142,94;149,18
2026-05-15;107,56;108,14;116,98;130,60;146,38;158,71;171,87;189,22;204,37;222,95;240,91;107,56;116,20;124,51;139,78;155,91;169,31;183,98;204,07;222,33;239,54;253,79;107,56;110,03;118,44;131,21;146,58;158,80;171,09;186,84;201,43;217,37;230,76;107,56;99,08;103,67;108,53;113,62;118,83;124,22;129,81;135,51;141,43;147,52
2026-05-16;107,55;108,14;116,98;130,60;146,38;158,71;171,87;189,22;204,36;222,95;240,91;107,55;116,20;124,50;139,78;155,91;169,31;183,98;204,07;222,33;239,54;253,78;107,55;110,03;118,44;131,21;146,58;158,80;171,09;186,83;201,43;217,37;230,75;107,55;99,07;103,67;108,53;113,62;118,83;124,22;129,81;135,51;141,42;147,51
2026-05-17;107,55;108,14;116,98;130,60;146,38;158,71;171,87;189,22;204,36;222,95;240,90;107,55;116,19;124,50;139,78;155,91;169,31;183,97;204,07;222,32;239,54;253,78;107,55;110,03;118,44;131,21;146,57;158,80;171,08;186,83;201,42;217,37;230,75;107,55;99,07;103,66;108,53;113,62;118,83;124,22;129,81;135,51;141,42;147,51
2026-05-18;107,56;108,08;116,91;130,52;146,27;158,58;171,72;189,04;204,16;222,71;240,57;107,56;116,21;124,52;139,72;155,84;169,21;183,83;203,87;222,10;239,25;253,43;107,56;110,03;118,41;131,14;146,47;158,66;170,90;186,61;201,15;217,04;230,37;107,56;99,04;103,60;108,44;113,50;118,67;124,02;129,56;135,22;141,09;147,13
2026-05-19;107,56;108,00;116,83;130,42;146,16;158,46;171,59;188,89;203,99;222,53;240,12;107,56;115,96;124,22;139,45;155,54;168,91;183,52;203,56;221,75;238,91;253,09;107,56;109,75;118,15;130,88;146,20;158,40;170,63;186,33;200,88;216,78;230,12;107,56;98,78;103,31;108,14;113,18;118,34;123,67;129,20;134,84;140,69;146,70
2026-05-20;107,57;108,41;117,33;131,05;146,94;159,39;172,68;190,19;205,51;224,29;241,89;107,57;116,61;124,96;140,25;156,51;170,01;184,76;205,00;223,40;240,74;255,11;107,57;110,33;118,78;131,62;147,05;159,37;171,72;187,59;202,30;218,36;231,87;107,57;99,32;103,88;108,79;113,91;119,14;124,56;130,17;135,90;141,85;147,97
2026-05-21;107,57;108,53;117,51;131,30;147,28;159,81;173,21;190,85;206,30;225,24;243,51;107,57;116,65;125,11;140,55;156,93;170,59;185,51;205,97;224,63;242,22;256,87;107,57;110,42;118,96;131,90;147,47;159,93;172,45;188,50;203,42;219,71;233,47;107,57;99,48;104,14;109,15;114,37;119,71;125,25;131,00;136,87;142,96;149,25
2026-05-22;107,59;108,73;117,76;131,62;147,68;160,30;173,79;191,55;207,12;226,21;244,67;107,59;116,90;125,42;140,97;157,46;171,24;186,28;206,92;225,75;243,55;258,35;107,59;110,66;119,27;132,29;147,97;160,53;173,16;189,34;204,41;220,86;234,79;107,59;99,59;104,32;109,37;114,66;120,07;125,68;131,50;137,46;143,65;150,03
2026-05-23;107,59;108,73;117,76;131,62;147,68;160,30;173,79;191,55;207,12;226,21;244,66;107,59;116,90;125,42;140,97;157,46;171,23;186,28;206,92;225,74;243,54;258,34;107,59;110,66;119,27;132,29;147,96;160,53;173,16;189,34;204,40;220,86;234,79;107,59;99,59;104,32;109,37;114,65;120,07;125,67;131,50;137,46;143,65;150,03
2026-05-24;107,59;108,73;117,75;131,61;147,68;160,30;173,79;191,55;207,11;226,21;244,66;107,59;116,90;125,42;140,97;157,45;171,23;186,28;206,92;225,74;243,54;258,34;107,59;110,66;119,27;132,29;147,96;160,53;173,16;189,34;204,40;220,86;234,78;107,59;99,59;104,32;109,37;114,65;120,07;125,67;131,50;137,46;143,65;150,03
2026-05-25;107,59;108,96;117,98;131,83;147,89;160,48;173,95;191,67;207,20;226,24;244,91;107,59;117,25;125,82;141,43;157,96;171,80;186,89;207,62;226,53;244,43;259,25;107,59;111,00;119,66;132,70;148,42;161,05;173,72;189,95;205,08;221,59;235,59;107,59;99,72;104,50;109,55;114,84;120,27;125,89;131,73;137,70;143,90;150,30
2026-05-26;107,60;109,30;118,36;132,27;148,40;161,06;174,59;192,41;208,01;227,16;245,99;107,60;117,34;125,95;141,63;158,23;172,13;187,32;208,14;227,16;245,14;260,13;107,60;111,11;119,79;132,88;148,67;161,35;174,10;190,40;205,62;222,23;236,33;107,60;100,03;104,83;109,94;115,29;120,78;126,46;132,38;138,42;144,71;151,19
2026-05-27;107,60;109,20;118,25;132,15;148,26;160,91;174,44;192,24;207,84;226,97;246,04;107,60;117,45;126,10;141,74;158,36;172,25;187,43;208,25;227,30;245,25;260,25;107,60;111,24;119,92;133,01;148,80;161,47;174,21;190,53;205,74;222,33;236,41;107,60;100,10;104,92;110,05;115,41;120,92;126,63;132,56;138,63;144,94;151,45
2026-05-28;107,61;109,36;118,43;132,36;148,51;161,18;174,74;192,58;208,21;227,39;246,26;107,61;117,54;126,15;141,79;158,40;172,27;187,44;208,22;227,21;245,15;260,08;107,61;111,32;119,97;133,03;148,81;161,46;174,18;190,45;205,62;222,18;236,21;107,61;100,27;105,07;110,21;115,58;121,09;126,80;132,74;138,82;145,13;151,64
2026-05-29;107,62;109,53;118,62;132,58;148,76;161,47;175,05;192,94;208,61;227,84;247,05;107,62;117,70;126,36;142,08;158,72;172,66;187,90;208,77;227,86;245,91;260,94;107,62;111,50;120,21;133,32;149,17;161,87;174,67;191,02;206,27;222,92;237,05;107,62;100,43;105,29;110,47;115,90;121,47;127,24;133,24;139,38;145,77;152,37
2026-05-30;107,62;109,53;118,62;132,57;148,76;161,46;175,05;192,94;208,61;227,84;247,05;107,62;117,69;126,36;142,07;158,72;172,66;187,89;208,77;227,86;245,90;260,93;107,62;111,50;120,21;133,32;149,17;161,87;174,67;191,02;206,27;222,92;237,05;107,62;100,43;105,29;110,47;115,90;121,46;127,23;133,24;139,38;145,77;152,37
2026-05-31;107,62;109,52;118,61;132,57;148,75;161,46;175,05;192,93;208,61;227,84;247,05;107,62;117,69;126,36;142,07;158,72;172,66;187,89;208,77;227,86;245,90;260,93;107,62;111,50;120,21;133,32;149,17;161,87;174,66;191,01;206,27;222,92;237,04;107,62;100,43;105,29;110,47;115,90;121,46;127,23;133,24;139,38;145,77;152,36
2026-06-01;107,62;109,35;118,49;132,52;148,79;161,59;175,30;193,33;209,16;228,58;248,33;107,62;117,42;126,18;141,93;158,67;172,68;188,05;209,05;228,33;246,55;261,79;107,62;111,29;120,05;133,19;149,11;161,90;174,81;191,27;206,66;223,49;237,78;107,62;100,28;105,22;110,51;116,04;121,73;127,64;133,78;140,08;146,64;153,42
2026-06-02;107,63;109,50;118,66;132,70;148,99;161,82;175,54;193,59;209,45;228,89;248,81;107,63;117,67;126,47;142,21;158,98;173,02;188,40;209,43;228,78;247,00;262,26;107,63;111,54;120,30;133,47;149,42;162,22;175,13;191,65;207,06;223,89;238,20;107,63;100,44;105,39;110,66;116,19;121,86;127,75;133,89;140,17;146,71;153,47
2026-06-03;107,63;109,22;118,34;132,33;148,55;161,32;174,98;192,95;208,72;228,07;248,02;107,63;117,29;126,05;141,85;158,55;172,58;187,95;208,96;228,24;246,47;261,73;107,63;111,19;119,98;133,11;149,04;161,83;174,75;191,21;206,62;223,45;237,76;107,63;100,17;105,11;110,35;115,85;121,50;127,36;133,46;139,70;146,21;152,93
2026-06-04;107,64;109,29;118,44;132,46;148,73;161,54;175,25;193,28;209,11;228,53;248,08;107,64;117,36;126,10;141,86;158,59;172,61;187,97;208,97;228,23;246,43;261,68;107,64;111,22;119,98;133,10;149,02;161,80;174,70;191,14;206,54;223,34;237,63;107,64;100,25;105,16;110,39;115,88;121,51;127,35;133,43;139,66;146,14;152,84
2026-06-05;107,66;108,86;117,81;131,57;147,52;160,00;173,33;190,90;206,25;225,08;243,96;107,66;116,94;125,49;141,07;157,51;171,27;186,29;206,91;225,71;243,45;258,24;107,66;110,80;119,43;132,35;148,01;160,55;173,15;189,24;204,27;220,64;234,53;107,66;99,81;104,56;109,56;114,81;120,20;125,77;131,55;137,46;143,60;149,93
2026-06-06;107,65;108,86;117,80;131,57;147,52;160,00;173,33;190,89;206,25;225,08;243,96;107,65;116,94;125,49;141,07;157,51;171,27;186,29;206,90;225,71;243,45;258,24;107,65;110,80;119,43;132,35;148,00;160,54;173,15;189,23;204,27;220,64;234,53;107,65;99,81;104,55;109,56;114,81;120,19;125,76;131,55;137,46;143,60;149,92
2026-06-07;107,65;108,86;117,80;131,57;147,52;160,00;173,33;190,89;206,24;225,08;243,96;107,65;116,94;125,49;141,07;157,50;171,27;186,29;206,90;225,71;243,45;258,24;107,65;110,79;119,43;132,34;148,00;160,54;173,14;189,23;204,27;220,63;234,53;107,65;99,81;104,55;109,56;114,81;120,19;125,76;131,55;137,46;143,60;149,92
2026-06-08;107,66;108,89;117,85;131,64;147,62;160,13;173,50;191,11;206,51;225,41;243,46;107,66;116,98;125,42;140,91;157,30;170,96;185,89;206,36;225,00;242,58;257,21;107,66;110,74;119,29;132,20;147,78;160,23;172,74;188,75;203,65;219,89;233,63;107,66;99,67;104,35;109,35;114,58;119,93;125,47;131,23;137,11;143,21;149,50
2026-06-09;107,66;109,02;117,93;131,67;147,58;160,00;173,28;190,77;206,04;224,77;243,53;107,66;116,92;125,44;140,96;157,36;171,05;186,01;206,53;225,25;242,88;257,57;107,66;110,78;119,36;132,24;147,84;160,32;172,86;188,87;203,81;220,09;233,87;107,66;99,84;104,56;109,55;114,79;120,15;125,70;131,46;137,34;143,45;149,75
2026-06-10;107,67;108,65;117,42;130,95;146,61;158,79;171,77;188,90;203,80;222,09;240,07;107,67;116,71;125,06;140,37;156,53;169,97;184,61;204,76;223,07;240,23;254,49;107,67;110,54;118,97;131,72;147,08;159,33;171,58;187,31;201,92;217,78;231,17;107,67;99,61;104,16;108,98;114,02;119,17;124,48;130,00;135,62;141,44;147,43
2026-06-11;107,67;109,18;118,14;131,93;147,91;160,41;173,76;191,34;206,70;225,56;243,78;107,67;117,27;125,74;141,26;157,70;171,39;186,34;206,85;225,54;243,11;257,80;107,67;111,04;119,58;132,54;148,15;160,62;173,14;189,18;204,11;220,36;234,12;107,67;100,13;104,79;109,79;115,01;120,34;125,86;131,60;137,45;143,52;149,77
2026-06-12;107,69;109,29;118,29;132,14;148,18;160,75;174,17;191,86;207,32;226,29;245,19;107,69;117,40;126,05;141,72;158,35;172,27;187,45;208,29;227,36;245,30;260,35;107,69;111,23;119,90;133,01;148,80;161,49;174,22;190,55;205,79;222,34;236,46;107,69;100,22;104,99;110,05;115,35;120,79;126,41;132,26;138,23;144,43;150,82
2026-06-13;107,69;109,28;118,29;132,13;148,18;160,74;174,17;191,85;207,32;226,29;245,19;107,69;117,40;126,05;141,72;158,35;172,27;187,45;208,29;227,36;245,30;260,35;107,69;111,22;119,90;133,01;148,80;161,48;174,22;190,55;205,79;222,34;236,46;107,69;100,22;104,98;110,05;115,35;120,79;126,41;132,26;138,23;144,43;150,82
2026-06-14;107,69;109,28;118,29;132,13;148,18;160,74;174,17;191,85;207,32;226,29;245,19;107,69;117,40;126,04;141,72;158,35;172,26;187,44;208,28;227,36;245,29;260,34;107,69;111,22;119,90;133,01;148,80;161,48;174,22;190,55;205,79;222,34;236,45;107,69;100,22;104,98;110,05;115,35;120,78;126,41;132,25;138,22;144,43;150,82
2026-06-15;107,69;109,63;118,80;132,85;149,15;161,98;175,71;193,76;209,61;229,05;248,74;107,69;117,78;126,58;142,53;159,37;173,55;189,05;210,28;229,76;248,18;263,64;107,69;111,62;120,48;133,74;149,79;162,71;175,74;192,37;207,95;224,92;239,43;107,69;100,54;105,48;110,74;116,25;121,91;127,78;133,89;140,14;146,65;153,38
2026-06-16;107,70;109,68;118,78;132,77;148,98;161,71;175,31;193,23;208,92;228,18;247,92;107,70;117,82;126,63;142,51;159,31;173,44;188,87;210,03;229,44;247,74;263,13;107,70;111,68;120,52;133,74;149,73;162,61;175,58;192,14;207,66;224,53;238,96;107,70;100,56;105,47;110,66;116,12;121,71;127,51;133,54;139,71;146,13;152,75
2026-06-17;107,70;109,46;118,50;132,38;148,47;161,07;174,54;192,28;207,80;226,84;246,64;107,70;117,63;126,43;142,28;159,01;173,12;188,47;209,58;228,94;247,18;262,48;107,70;111,52;120,36;133,53;149,47;162,32;175,23;191,75;207,22;224,01;238,40;107,70;100,38;105,25;110,38;115,77;121,30;127,03;132,98;139,07;145,40;151,93
2026-06-18;107,71;109,75;118,97;133,09;149,47;162,39;176,21;194,38;210,36;229,95;250,33;107,71;117,87;126,81;142,93;159,93;174,31;190,03;211,55;231,32;250,07;265,88;107,71;111,75;120,75;134,09;150,31;163,41;176,65;193,48;209,33;226,59;241,42;107,71;100,69;105,74;111,08;116,70;122,47;128,46;134,71;141,10;147,77;154,65
2026-06-19;107,73;109,59;118,82;132,95;149,33;162,26;176,10;194,30;210,30;229,92;250,32;107,73;117,65;126,61;142,72;159,72;174,10;189,84;211,37;231,15;249,90;265,78;107,73;111,56;120,55;133,88;150,09;163,20;176,45;193,28;209,15;226,42;241,28;107,73;100,57;105,62;110,97;116,60;122,39;128,39;134,65;141,06;147,74;154,64
2026-06-20;107,72;109,59;118,82;132,94;149,33;162,26;176,10;194,30;210,30;229,92;250,32;107,72;117,65;126,61;142,72;159,72;174,10;189,84;211,36;231,15;249,90;265,78;107,72;111,56;120,55;133,88;150,09;163,20;176,44;193,28;209,14;226,42;241,28;107,72;100,57;105,62;110,97;116,60;122,38;128,39;134,65;141,06;147,74;154,64
2026-06-21;107,72;109,59;118,82;132,94;149,33;162,26;176,10;194,29;210,30;229,91;250,32;107,72;117,65;126,60;142,71;159,72;174,10;189,84;211,36;231,15;249,90;265,77;107,72;111,56;120,55;133,88;150,09;163,20;176,44;193,27;209,14;226,42;241,27;107,72;100,57;105,62;110,97;116,60;122,38;128,39;134,64;141,06;147,74;154,64
2026-06-22;107,73;109,53;118,77;132,91;149,32;162,27;176,14;194,37;210,41;230,08;250,79;107,73;117,69;126,70;142,90;159,96;174,44;190,27;211,94;231,87;250,81;266,79;107,73;111,61;120,66;134,03;150,31;163,51;176,84;193,76;209,75;227,16;242,16;107,73;100,47;105,57;110,94;116,59;122,41;128,45;134,75;141,21;147,94;154,89
2026-06-23;107,73;109,72;118,84;132,83;149,05;161,79;175,41;193,34;209,05;228,31;247,96;107,73;117,73;126,52;142,48;159,30;173,47;188,95;210,16;229,59;247,99;263,42;107,73;111,57;120,43;133,66;149,68;162,60;175,61;192,19;207,75;224,69;239,19;107,73;100,45;105,40;110,58;116,04;121,65;127,46;133,50;139,68;146,11;152,75
2026-06-24;107,74;109,92;119,06;133,07;149,32;162,08;175,72;193,68;209,41;228,71;248,36;107,74;118,10;126,91;142,89;159,74;173,93;189,42;210,67;230,11;248,50;263,96;107,74;111,91;120,78;134,05;150,10;163,03;176,05;192,66;208,23;225,18;239,68;107,74;100,81;105,74;110,94;116,41;122,01;127,83;133,87;140,06;146,49;153,12
2026-06-25;107,74;109,95;119,07;133,07;149,30;162,03;175,65;193,57;209,26;228,51;248,47;107,74;118,14;127,00;143,09;160,01;174,29;189,88;211,26;230,85;249,38;265,00;107,74;111,98;120,90;134,21;150,32;163,34;176,44;193,13;208,83;225,89;240,54;107,74;100,86;105,79;111,01;116,48;122,10;127,93;133,98;140,18;146,63;153,28
2026-06-26;107,76;109,98;119,05;132,99;149,14;161,79;175,31;193,11;208,68;227,78;246,91;107,76;118,17;126,88;142,82;159,60;173,70;189,07;210,17;229,44;247,64;262,93;107,76;111,94;120,74;133,98;149,94;162,79;175,70;192,17;207,62;224,39;238,74;107,76;100,84;105,66;110,81;116,19;121,71;127,42;133,36;139,43;145,74;152,24
2026-06-27;107,76;109,98;119,04;132,98;149,14;161,79;175,31;193,11;208,68;227,78;246,91;107,76;118,17;126,88;142,82;159,60;173,70;189,07;210,17;229,44;247,64;262,93;107,76;111,94;120,73;133,97;149,94;162,79;175,69;192,17;207,61;224,39;238,74;107,76;100,84;105,65;110,81;116,19;121,71;127,42;133,36;139,43;145,73;152,23
2026-06-28;107,76;109,98;119,04;132,98;149,14;161,79;175,31;193,11;208,68;227,78;246,91;107,76;118,16;126,87;142,82;159,59;173,69;189,06;210,17;229,44;247,64;262,92;107,76;111,94;120,73;133,97;149,94;162,78;175,69;192,17;207,61;224,39;238,73;107,76;100,84;105,65;110,81;116,19;121,71;127,42;133,36;139,43;145,73;152,23
2026-06-29;107,77;110,07;119,23;133,29;149,58;162,39;176,09;194,11;209,91;229,29;248,50;107,77;118,26;127,02;143,02;159,89;174,07;189,56;210,79;230,19;248,56;263,99;107,77;112,02;120,86;134,16;150,21;163,13;176,14;192,73;208,30;225,23;239,71;107,77;100,95;105,83;111,07;116,54;122,15;127,97;134,02;140,21;146,64;153,28
2026-06-30;107,77;109,89;119,14;133,30;149,74;162,70;176,58;194,83;210,87;230,54;250,09;107,77;118,21;127,08;143,17;160,21;174,56;190,24;211,72;231,43;250,11;265,83;107,77;111,98;120,91;134,30;150,49;163,56;176,75;193,56;209,35;226,55;241,31;107,77;100,75;105,74;111,09;116,68;122,43;128,40;134,61;140,98;147,60;154,45
2026-07-01;107,78;109,75;119,02;133,21;149,67;162,67;176,60;194,89;211,00;230,74;250,46;107,78;118,08;126,95;143,07;160,10;174,47;190,18;211,69;231,43;250,16;265,90;107,78;111,86;120,80;134,18;150,38;163,48;176,69;193,50;209,32;226,57;241,35;107,78;100,61;105,66;111,03;116,67;122,47;128,48;134,75;141,18;147,87;154,79
2026-07-02;107,78;109,69;118,96;133,14;149,59;162,59;176,50;194,79;210,89;230,63;249,72;107,78;118,00;126,82;142,91;159,91;174,27;189,93;211,42;231,07;249,75;265,46;107,78;111,72;120,67;134,04;150,20;163,29;176,46;193,25;209,06;226,24;241,01;107,78;100,54;105,52;110,82;116,38;122,08;128,01;134,17;140,48;147,05;153,84
2026-07-03;107,80;109,69;118,96;133,14;149,59;162,59;176,50;194,79;210,89;230,63;249,71;107,80;118,00;126,82;142,96;159,97;174,35;190,04;211,56;231,23;249,95;265,70;107,80;111,72;120,70;134,07;150,25;163,36;176,56;193,36;209,19;226,42;241,23;107,80;100,54;105,52;110,82;116,37;122,08;128,00;134,17;140,48;147,05;153,84
2026-07-04;107,80;109,69;118,95;133,13;149,59;162,58;176,50;194,79;210,89;230,62;249,71;107,80;118,00;126,82;142,95;159,96;174,35;190,04;211,56;231,22;249,94;265,69;107,80;111,72;120,69;134,07;150,25;163,36;176,56;193,36;209,19;226,42;241,22;107,80;100,53;105,52;110,82;116,37;122,08;128,00;134,17;140,48;147,05;153,84
2026-07-05;107,80;109,69;118,95;133,13;149,59;162,58;176,50;194,79;210,89;230,62;249,71;107,80;118,00;126,82;142,95;159,96;174,35;190,03;211,55;231,22;249,94;265,69;107,80;111,72;120,69;134,06;150,25;163,36;176,55;193,35;209,19;226,41;241,22;107,80;100,53;105,52;110,82;116,37;122,08;128,00;134,17;140,48;147,05;153,84
